fecha_escrita,fecha_iso
"December 7, 8342",8342-12-07
"June 26, 2278",2278-06-26
"March 19, 1287",1287-03-19
"September 7, 9515",9515-09-07
"May 1, 4158",4158-05-01
"March 30, 3812",3812-03-30
"April 8, 3563",3563-04-08
"May 27, 2602",2602-05-27
"May 9, 9457",9457-05-09
"January 5, 2177",2177-01-05
"December 16, 8770",8770-12-16
"July 18, 9505",9505-07-18
"October 12, 7262",7262-10-12
"May 16, 1998",1998-05-16
"December 27, 7780",7780-12-27
"March 10, 5845",5845-03-10
"December 24, 1364",1364-12-24
"March 7, 1342",1342-03-07
"December 17, 2075",2075-12-17
"October 4, 3510",3510-10-04
"October 15, 3671",3671-10-15
"April 22, 6803",6803-04-22
"May 9, 7913",7913-05-09
"September 23, 1304",1304-09-23
"February 14, 7445",7445-02-14
"May 17, 3283",3283-05-17
"June 29, 9222",9222-06-29
"January 8, 8463",8463-01-08
"September 30, 9053",9053-09-30
"November 24, 7257",7257-11-24
"August 9, 5817",5817-08-09
"June 16, 3531",3531-06-16
"July 18, 6158",6158-07-18
"November 25, 7766",7766-11-25
"August 20, 4194",4194-08-20
"August 18, 1074",1074-08-18
"November 7, 9713",9713-11-07
"June 19, 2833",2833-06-19
"March 1, 9017",9017-03-01
"February 21, 5853",5853-02-21
"April 23, 4907",4907-04-23
"December 19, 4190",4190-12-19
"June 20, 2785",2785-06-20
"July 31, 3472",3472-07-31
"September 3, 9767",9767-09-03
"April 27, 4865",4865-04-27
"September 28, 2173",2173-09-28
"January 21, 2065",2065-01-21
"December 9, 5362",5362-12-09
"August 27, 2110",2110-08-27
"May 20, 5122",5122-05-20
"November 8, 4949",4949-11-08
"December 16, 7932",7932-12-16
"August 27, 4037",4037-08-27
"December 20, 1498",1498-12-20
"December 16, 9379",9379-12-16
"November 10, 6275",6275-11-10
"November 2, 7157",7157-11-02
"June 15, 2433",2433-06-15
"December 11, 5346",5346-12-11
"November 29, 1904",1904-11-29
"June 4, 7339",7339-06-04
"September 30, 4366",4366-09-30
"January 22, 8219",8219-01-22
"November 4, 8102",8102-11-04
"November 17, 5152",5152-11-17
"February 2, 7630",7630-02-02
"March 2, 3208",3208-03-02
"January 12, 9091",9091-01-12
"September 29, 1798",1798-09-29
"March 26, 1526",1526-03-26
"September 10, 8593",8593-09-10
"February 4, 3617",3617-02-04
"August 14, 9877",9877-08-14
"March 23, 4323",4323-03-23
"April 20, 1916",1916-04-20
"April 12, 3673",3673-04-12
"November 11, 2159",2159-11-11
"March 22, 5365",5365-03-22
"February 21, 4192",4192-02-21
"October 16, 6206",6206-10-16
"December 15, 8299",8299-12-15
"August 5, 5189",5189-08-05
"November 9, 2867",2867-11-09
"January 6, 5251",5251-01-06
"October 17, 5079",5079-10-17
"November 25, 3405",3405-11-25
"January 13, 8696",8696-01-13
"November 14, 4065",4065-11-14
"June 8, 9059",9059-06-08
"August 6, 8849",8849-08-06
"October 15, 8441",8441-10-15
"December 17, 1819",1819-12-17
"January 10, 7995",7995-01-10
"November 5, 8291",8291-11-05
"April 16, 2965",2965-04-16
"November 10, 7133",7133-11-10
"January 4, 9373",9373-01-04
"April 26, 3811",3811-04-26
"June 13, 2876",2876-06-13
"June 2, 6308",6308-06-02
"July 9, 5357",5357-07-09
"December 23, 4099",4099-12-23
"July 6, 8349",8349-07-06
"August 3, 8902",8902-08-03
"October 18, 7395",7395-10-18
"December 23, 3521",3521-12-23
"November 5, 8861",8861-11-05
"December 10, 4723",4723-12-10
"January 7, 9823",9823-01-07
"April 15, 9911",9911-04-15
"May 15, 1642",1642-05-15
"April 20, 3630",3630-04-20
"August 17, 1368",1368-08-17
"July 17, 4622",4622-07-17
"October 28, 5606",5606-10-28
"August 19, 4074",4074-08-19
"February 1, 1760",1760-02-01
"November 6, 3422",3422-11-06
"April 12, 7513",7513-04-12
"April 1, 9244",9244-04-01
"August 22, 4613",4613-08-22
"September 21, 3441",3441-09-21
"October 22, 8526",8526-10-22
"December 24, 6732",6732-12-24
"April 15, 5543",5543-04-15
"April 7, 8382",8382-04-07
"April 12, 6269",6269-04-12
"September 6, 2640",2640-09-06
"October 12, 4041",4041-10-12
"June 19, 2603",2603-06-19
"March 5, 3832",3832-03-05
"March 3, 9555",9555-03-03
"July 15, 7446",7446-07-15
"May 29, 7189",7189-05-29
"March 23, 4017",4017-03-23
"June 3, 9578",9578-06-03
"February 28, 7713",7713-02-28
"December 21, 5919",5919-12-21
"January 25, 7701",7701-01-25
"July 25, 5586",5586-07-25
"January 11, 5157",5157-01-11
"August 6, 3518",3518-08-06
"July 19, 2588",2588-07-19
"March 16, 6851",6851-03-16
"May 7, 6667",6667-05-07
"December 20, 2043",2043-12-20
"February 10, 9679",9679-02-10
"January 25, 1541",1541-01-25
"March 3, 2259",2259-03-03
"March 4, 2755",2755-03-04
"May 8, 8205",8205-05-08
"March 4, 2837",2837-03-04
"May 21, 8814",8814-05-21
"December 4, 5847",5847-12-04
"December 6, 7848",7848-12-06
"July 12, 1729",1729-07-12
"July 10, 5418",5418-07-10
"May 15, 5382",5382-05-15
"December 15, 7842",7842-12-15
"November 27, 6374",6374-11-27
"February 23, 7076",7076-02-23
"February 22, 3887",3887-02-22
"January 12, 7353",7353-01-12
"November 5, 1131",1131-11-05
"February 11, 8812",8812-02-11
"June 28, 9276",9276-06-28
"June 21, 2315",2315-06-21
"July 1, 8828",8828-07-01
"May 12, 7166",7166-05-12
"October 16, 9622",9622-10-16
"February 12, 4064",4064-02-12
"April 17, 9826",9826-04-17
"July 23, 8360",8360-07-23
"June 12, 4906",4906-06-12
"January 8, 2281",2281-01-08
"June 11, 4370",4370-06-11
"September 4, 5992",5992-09-04
"March 22, 2816",2816-03-22
"May 23, 6210",6210-05-23
"April 8, 1037",1037-04-08
"March 23, 9292",9292-03-23
"July 14, 9264",9264-07-14
"August 28, 4024",4024-08-28
"July 16, 6748",6748-07-16
"January 30, 9750",9750-01-30
"July 28, 3051",3051-07-28
"January 8, 6830",6830-01-08
"December 25, 2221",2221-12-25
"September 15, 8180",8180-09-15
"March 24, 4427",4427-03-24
"June 14, 8337",8337-06-14
"October 21, 6829",6829-10-21
"March 7, 7993",7993-03-07
"March 20, 3284",3284-03-20
"February 24, 2755",2755-02-24
"November 18, 5293",5293-11-18
"May 19, 9756",9756-05-19
"March 2, 2855",2855-03-02
"January 8, 7194",7194-01-08
"June 13, 9941",9941-06-13
"May 18, 7090",7090-05-18
"July 27, 1006",1006-07-27
"January 18, 7878",7878-01-18
"June 27, 4722",4722-06-27
"December 17, 6610",6610-12-17
"August 31, 1223",1223-08-31
"August 24, 2284",2284-08-24
"May 1, 5168",5168-05-01
"May 17, 4531",4531-05-17
"October 11, 3749",3749-10-11
"March 10, 1665",1665-03-10
"January 28, 3766",3766-01-28
"April 24, 7515",7515-04-24
"June 2, 1904",1904-06-02
"August 12, 1983",1983-08-12
"December 11, 9404",9404-12-11
"December 4, 6580",6580-12-04
"October 23, 1794",1794-10-23
"June 18, 9734",9734-06-18
"May 24, 7117",7117-05-24
"July 19, 9794",9794-07-19
"March 8, 2444",2444-03-08
"May 25, 2474",2474-05-25
"April 28, 8576",8576-04-28
"December 16, 6457",6457-12-16
"September 25, 7313",7313-09-25
"April 2, 2896",2896-04-02
"October 23, 4043",4043-10-23
"August 9, 7059",7059-08-09
"November 22, 7965",7965-11-22
"February 26, 5859",5859-02-26
"March 18, 3432",3432-03-18
"January 25, 7193",7193-01-25
"March 4, 9673",9673-03-04
"March 31, 9382",9382-03-31
"March 5, 8922",8922-03-05
"December 10, 3309",3309-12-10
"March 26, 9187",9187-03-26
"August 18, 4579",4579-08-18
"November 15, 5581",5581-11-15
"May 25, 8713",8713-05-25
"December 13, 8462",8462-12-13
"March 20, 5288",5288-03-20
"December 21, 6030",6030-12-21
"August 23, 6943",6943-08-23
"September 10, 6184",6184-09-10
"July 26, 2389",2389-07-26
"November 8, 3846",3846-11-08
"May 3, 3580",3580-05-03
"April 2, 1735",1735-04-02
"June 11, 4882",4882-06-11
"July 20, 1241",1241-07-20
"November 29, 7755",7755-11-29
"January 8, 7361",7361-01-08
"July 20, 3642",3642-07-20
"June 2, 7757",7757-06-02
"November 22, 3528",3528-11-22
"July 30, 1082",1082-07-30
"April 5, 1815",1815-04-05
"July 29, 9128",9128-07-29
"May 6, 8247",8247-05-06
"January 31, 1676",1676-01-31
"January 29, 3629",3629-01-29
"December 31, 1773",1773-12-31
"September 25, 1360",1360-09-25
"July 7, 4794",4794-07-07
"September 13, 1813",1813-09-13
"May 16, 6904",6904-05-16
"February 25, 3733",3733-02-25
"December 4, 4197",4197-12-04
"April 14, 8682",8682-04-14
"April 24, 6574",6574-04-24
"March 19, 3460",3460-03-19
"May 10, 7192",7192-05-10
"June 3, 2519",2519-06-03
"September 14, 9306",9306-09-14
"August 22, 7557",7557-08-22
"December 28, 7616",7616-12-28
"December 21, 6427",6427-12-21
"June 27, 3790",3790-06-27
"June 10, 6431",6431-06-10
"July 9, 5674",5674-07-09
"August 6, 3186",3186-08-06
"March 15, 2083",2083-03-15
"February 12, 2113",2113-02-12
"July 3, 8567",8567-07-03
"January 10, 5950",5950-01-10
"August 13, 5068",5068-08-13
"March 19, 5864",5864-03-19
"December 9, 5720",5720-12-09
"February 18, 6363",6363-02-18
"June 4, 9372",9372-06-04
"January 30, 1622",1622-01-30
"August 29, 8732",8732-08-29
"January 12, 8504",8504-01-12
"June 24, 8420",8420-06-24
"March 12, 2130",2130-03-12
"January 19, 1696",1696-01-19
"July 20, 5623",5623-07-20
"July 11, 9362",9362-07-11
"June 2, 4896",4896-06-02
"October 21, 2254",2254-10-21
"June 23, 3855",3855-06-23
"February 24, 3200",3200-02-24
"April 14, 3184",3184-04-14
"July 2, 7158",7158-07-02
"September 15, 6151",6151-09-15
"October 20, 2609",2609-10-20
"September 22, 5844",5844-09-22
"February 9, 3107",3107-02-09
"September 15, 4198",4198-09-15
"August 23, 6312",6312-08-23
"September 6, 3868",3868-09-06
"September 10, 1865",1865-09-10
"September 28, 6088",6088-09-28
"September 22, 7319",7319-09-22
"May 6, 2124",2124-05-06
"December 8, 1580",1580-12-08
"December 23, 8488",8488-12-23
"November 27, 7207",7207-11-27
"June 22, 1169",1169-06-22
"December 29, 2070",2070-12-29
"August 27, 9653",9653-08-27
"June 29, 3714",3714-06-29
"November 8, 2909",2909-11-08
"February 7, 5667",5667-02-07
"November 30, 6576",6576-11-30
"September 26, 6527",6527-09-26
"August 5, 3454",3454-08-05
"May 23, 5605",5605-05-23
"May 6, 1673",1673-05-06
"August 18, 2890",2890-08-18
"December 25, 5351",5351-12-25
"October 2, 1024",1024-10-02
"June 15, 5483",5483-06-15
"June 28, 4045",4045-06-28
"February 21, 6225",6225-02-21
"September 10, 4275",4275-09-10
"August 27, 5857",5857-08-27
"May 22, 8999",8999-05-22
"November 3, 9388",9388-11-03
"October 28, 9995",9995-10-28
"March 25, 7382",7382-03-25
"September 4, 8600",8600-09-04
"December 3, 9249",9249-12-03
"September 29, 6588",6588-09-29
"August 17, 2777",2777-08-17
"September 18, 3180",3180-09-18
"April 12, 4407",4407-04-12
"December 29, 3499",3499-12-29
"August 7, 1671",1671-08-07
"January 31, 7651",7651-01-31
"December 3, 9448",9448-12-03
"May 12, 7226",7226-05-12
"January 5, 1700",1700-01-05
"June 18, 9589",9589-06-18
"April 26, 4601",4601-04-26
"June 18, 1656",1656-06-18
"October 26, 1575",1575-10-26
"June 21, 7708",7708-06-21
"April 3, 6475",6475-04-03
"July 17, 6774",6774-07-17
"April 1, 7099",7099-04-01
"November 24, 2807",2807-11-24
"March 8, 1653",1653-03-08
"September 16, 6831",6831-09-16
"December 21, 1919",1919-12-21
"December 11, 3133",3133-12-11
"November 15, 1786",1786-11-15
"February 26, 7833",7833-02-26
"June 8, 1780",1780-06-08
"November 18, 8753",8753-11-18
"December 28, 3700",3700-12-28
"October 20, 5636",5636-10-20
"September 24, 2376",2376-09-24
"December 7, 7541",7541-12-07
"June 12, 3827",3827-06-12
"January 31, 7648",7648-01-31
"March 26, 7827",7827-03-26
"May 18, 1456",1456-05-18
"September 27, 8112",8112-09-27
"June 20, 1941",1941-06-20
"March 21, 5814",5814-03-21
"January 7, 8549",8549-01-07
"September 2, 7702",7702-09-02
"November 6, 7490",7490-11-06
"June 9, 7003",7003-06-09
"January 26, 4633",4633-01-26
"July 14, 3994",3994-07-14
"August 20, 3345",3345-08-20
"November 16, 8690",8690-11-16
"June 21, 9224",9224-06-21
"December 20, 4607",4607-12-20
"December 23, 3740",3740-12-23
"March 20, 4050",4050-03-20
"January 20, 5545",5545-01-20
"December 16, 2502",2502-12-16
"June 7, 8713",8713-06-07
"September 6, 8412",8412-09-06
"January 18, 4445",4445-01-18
"August 4, 6250",6250-08-04
"November 10, 4630",4630-11-10
"February 14, 9634",9634-02-14
"January 21, 1833",1833-01-21
"December 23, 1106",1106-12-23
"October 10, 6262",6262-10-10
"February 25, 8133",8133-02-25
"March 15, 7465",7465-03-15
"February 23, 2148",2148-02-23
"April 19, 1841",1841-04-19
"December 27, 7173",7173-12-27
"October 13, 3447",3447-10-13
"May 21, 6809",6809-05-21
"June 17, 4045",4045-06-17
"January 30, 2521",2521-01-30
"November 20, 5007",5007-11-20
"December 21, 1789",1789-12-21
"April 9, 3805",3805-04-09
"July 4, 5243",5243-07-04
"September 7, 4272",4272-09-07
"July 4, 2811",2811-07-04
"December 11, 6031",6031-12-11
"February 8, 7238",7238-02-08
"March 8, 9079",9079-03-08
"December 27, 4473",4473-12-27
"April 9, 8024",8024-04-09
"January 5, 8510",8510-01-05
"February 25, 7074",7074-02-25
"November 2, 1089",1089-11-02
"June 26, 8669",8669-06-26
"November 2, 7368",7368-11-02
"December 13, 4437",4437-12-13
"February 6, 8618",8618-02-06
"July 19, 2189",2189-07-19
"February 23, 2542",2542-02-23
"January 9, 4037",4037-01-09
"July 16, 2325",2325-07-16
"February 28, 2229",2229-02-28
"August 18, 9525",9525-08-18
"January 3, 7353",7353-01-03
"February 7, 2785",2785-02-07
"July 18, 4127",4127-07-18
"August 1, 4235",4235-08-01
"August 20, 7945",7945-08-20
"October 16, 3418",3418-10-16
"October 12, 9240",9240-10-12
"July 4, 4937",4937-07-04
"January 13, 3338",3338-01-13
"December 13, 8894",8894-12-13
"May 6, 8283",8283-05-06
"June 28, 4031",4031-06-28
"December 4, 6803",6803-12-04
"February 11, 6610",6610-02-11
"October 12, 3883",3883-10-12
"May 11, 1583",1583-05-11
"December 2, 2059",2059-12-02
"November 17, 8283",8283-11-17
"March 7, 5864",5864-03-07
"April 15, 4177",4177-04-15
"April 12, 1506",1506-04-12
"September 19, 1040",1040-09-19
"June 8, 4830",4830-06-08
"March 28, 9855",9855-03-28
"April 14, 2502",2502-04-14
"May 14, 8316",8316-05-14
"March 12, 4008",4008-03-12
"July 18, 2855",2855-07-18
"January 5, 9512",9512-01-05
"November 13, 6073",6073-11-13
"April 15, 7335",7335-04-15
"August 13, 9103",9103-08-13
"May 24, 5911",5911-05-24
"March 28, 7441",7441-03-28
"January 17, 1111",1111-01-17
"September 19, 2284",2284-09-19
"January 27, 1864",1864-01-27
"May 28, 8935",8935-05-28
"September 7, 2711",2711-09-07
"May 7, 7265",7265-05-07
"September 25, 1413",1413-09-25
"December 8, 5239",5239-12-08
"April 25, 7689",7689-04-25
"December 26, 7344",7344-12-26
"August 27, 2700",2700-08-27
"July 5, 5935",5935-07-05
"July 15, 2463",2463-07-15
"May 6, 1480",1480-05-06
"December 3, 4539",4539-12-03
"July 9, 5187",5187-07-09
"February 20, 1458",1458-02-20
"December 11, 5108",5108-12-11
"June 9, 3412",3412-06-09
"August 4, 8832",8832-08-04
"July 3, 3865",3865-07-03
"October 22, 8658",8658-10-22
"June 10, 2180",2180-06-10
"July 5, 5061",5061-07-05
"July 22, 9958",9958-07-22
"June 27, 7429",7429-06-27
"September 6, 5666",5666-09-06
"June 10, 8127",8127-06-10
"September 17, 9606",9606-09-17
"October 31, 2774",2774-10-31
"August 8, 3718",3718-08-08
"February 8, 2866",2866-02-08
"March 15, 3033",3033-03-15
"August 19, 5734",5734-08-19
"August 20, 1284",1284-08-20
"September 17, 3059",3059-09-17
"June 4, 9458",9458-06-04
"September 9, 4814",4814-09-09
"August 16, 9984",9984-08-16
"December 16, 5727",5727-12-16
"December 15, 8692",8692-12-15
"February 12, 9441",9441-02-12
"November 9, 3849",3849-11-09
"November 23, 4063",4063-11-23
"March 2, 2828",2828-03-02
"March 17, 9053",9053-03-17
"April 30, 2241",2241-04-30
"December 17, 5392",5392-12-17
"September 12, 1444",1444-09-12
"March 23, 6405",6405-03-23
"May 6, 3554",3554-05-06
"October 26, 3291",3291-10-26
"December 11, 6285",6285-12-11
"May 6, 5015",5015-05-06
"September 11, 4504",4504-09-11
"August 14, 3613",3613-08-14
"December 21, 3559",3559-12-21
"October 2, 1271",1271-10-02
"July 26, 8579",8579-07-26
"October 30, 3217",3217-10-30
"October 31, 5575",5575-10-31
"August 20, 4769",4769-08-20
"May 15, 4199",4199-05-15
"March 14, 1797",1797-03-14
"August 2, 9880",9880-08-02
"May 14, 4205",4205-05-14
"June 5, 5032",5032-06-05
"July 13, 8366",8366-07-13
"October 26, 6849",6849-10-26
"October 2, 5589",5589-10-02
"April 29, 8803",8803-04-29
"September 11, 7157",7157-09-11
"October 19, 4802",4802-10-19
"December 15, 1316",1316-12-15
"July 17, 2324",2324-07-17
"September 11, 3999",3999-09-11
"August 9, 3050",3050-08-09
"April 8, 7667",7667-04-08
"July 6, 4048",4048-07-06
"May 2, 1439",1439-05-02
"November 8, 2244",2244-11-08
"October 18, 7850",7850-10-18
"May 13, 5990",5990-05-13
"September 26, 4969",4969-09-26
"May 1, 9366",9366-05-01
"February 25, 4602",4602-02-25
"May 19, 6011",6011-05-19
"June 21, 7961",7961-06-21
"December 25, 6872",6872-12-25
"January 13, 2328",2328-01-13
"June 9, 5423",5423-06-09
"April 25, 7621",7621-04-25
"October 17, 3182",3182-10-17
"February 19, 3925",3925-02-19
"September 20, 1509",1509-09-20
"June 2, 9139",9139-06-02
"July 8, 6007",6007-07-08
"June 4, 1019",1019-06-04
"July 25, 6970",6970-07-25
"May 18, 7183",7183-05-18
"August 8, 8887",8887-08-08
"August 28, 9261",9261-08-28
"April 9, 9520",9520-04-09
"November 10, 9463",9463-11-10
"March 29, 8701",8701-03-29
"September 4, 3262",3262-09-04
"July 31, 5182",5182-07-31
"November 8, 5952",5952-11-08
"July 22, 1803",1803-07-22
"November 7, 8627",8627-11-07
"November 22, 4791",4791-11-22
"January 29, 8156",8156-01-29
"November 20, 4604",4604-11-20
"February 1, 8618",8618-02-01
"February 24, 2431",2431-02-24
"May 19, 9265",9265-05-19
"October 13, 4448",4448-10-13
"August 7, 6823",6823-08-07
"September 15, 4551",4551-09-15
"May 5, 8658",8658-05-05
"October 29, 5689",5689-10-29
"October 5, 4745",4745-10-05
"January 4, 5621",5621-01-04
"June 23, 9006",9006-06-23
"March 11, 4395",4395-03-11
"August 29, 7366",7366-08-29
"September 21, 2461",2461-09-21
"January 7, 3203",3203-01-07
"March 30, 5828",5828-03-30
"October 18, 8635",8635-10-18
"December 16, 5353",5353-12-16
"January 22, 8778",8778-01-22
"April 16, 9591",9591-04-16
"June 18, 2998",2998-06-18
"May 2, 8068",8068-05-02
"May 22, 7535",7535-05-22
"December 29, 4455",4455-12-29
"March 18, 5663",5663-03-18
"April 19, 7292",7292-04-19
"August 30, 1004",1004-08-30
"July 31, 4489",4489-07-31
"October 22, 4294",4294-10-22
"August 29, 3413",3413-08-29
"September 2, 5936",5936-09-02
"April 27, 7660",7660-04-27
"September 2, 7966",7966-09-02
"May 22, 8518",8518-05-22
"August 3, 4700",4700-08-03
"September 30, 6339",6339-09-30
"April 19, 6073",6073-04-19
"August 4, 6077",6077-08-04
"August 24, 8758",8758-08-24
"January 24, 3454",3454-01-24
"February 15, 6870",6870-02-15
"November 20, 6433",6433-11-20
"July 2, 9451",9451-07-02
"September 2, 2948",2948-09-02
"December 27, 8565",8565-12-27
"October 5, 1973",1973-10-05
"November 23, 4258",4258-11-23
"April 3, 6919",6919-04-03
"June 11, 8623",8623-06-11
"June 13, 8268",8268-06-13
"May 10, 8111",8111-05-10
"March 4, 4849",4849-03-04
"June 3, 2072",2072-06-03
"October 12, 9625",9625-10-12
"February 20, 3697",3697-02-20
"February 16, 8726",8726-02-16
"September 26, 4564",4564-09-26
"September 9, 3579",3579-09-09
"September 24, 3286",3286-09-24
"February 27, 2692",2692-02-27
"June 28, 1280",1280-06-28
"September 14, 1530",1530-09-14
"September 6, 3811",3811-09-06
"April 13, 6456",6456-04-13
"August 20, 8019",8019-08-20
"January 13, 9825",9825-01-13
"May 1, 1836",1836-05-01
"October 28, 6229",6229-10-28
"April 13, 5759",5759-04-13
"December 26, 8231",8231-12-26
"October 13, 7610",7610-10-13
"October 26, 3232",3232-10-26
"March 17, 9249",9249-03-17
"August 30, 8996",8996-08-30
"June 18, 5409",5409-06-18
"March 28, 6677",6677-03-28
"June 17, 5589",5589-06-17
"October 28, 3801",3801-10-28
"August 27, 2694",2694-08-27
"December 1, 8533",8533-12-01
"May 22, 8896",8896-05-22
"September 4, 1063",1063-09-04
"October 15, 9623",9623-10-15
"November 30, 9842",9842-11-30
"January 4, 2224",2224-01-04
"January 30, 9939",9939-01-30
"March 20, 5882",5882-03-20
"February 2, 3513",3513-02-02
"October 26, 3019",3019-10-26
"August 1, 8991",8991-08-01
"January 11, 6948",6948-01-11
"September 18, 6334",6334-09-18
"September 9, 1576",1576-09-09
"January 13, 7401",7401-01-13
"September 12, 3861",3861-09-12
"August 20, 2393",2393-08-20
"October 31, 6241",6241-10-31
"March 20, 2531",2531-03-20
"October 14, 6335",6335-10-14
"March 16, 8666",8666-03-16
"April 25, 7099",7099-04-25
"June 26, 7418",7418-06-26
"December 12, 7837",7837-12-12
"September 24, 4643",4643-09-24
"December 31, 9672",9672-12-31
"May 5, 6082",6082-05-05
"June 19, 8035",8035-06-19
"November 12, 9259",9259-11-12
"September 5, 6796",6796-09-05
"July 12, 5900",5900-07-12
"July 20, 7291",7291-07-20
"September 13, 6120",6120-09-13
"September 16, 2827",2827-09-16
"November 8, 9539",9539-11-08
"December 23, 6450",6450-12-23
"June 5, 6168",6168-06-05
"June 16, 3976",3976-06-16
"February 11, 9633",9633-02-11
"March 17, 3839",3839-03-17
"August 29, 8322",8322-08-29
"July 15, 4184",4184-07-15
"April 23, 9794",9794-04-23
"July 9, 9930",9930-07-09
"May 28, 6986",6986-05-28
"December 4, 6564",6564-12-04
"May 3, 8197",8197-05-03
"May 29, 3747",3747-05-29
"May 16, 4153",4153-05-16
"April 30, 6051",6051-04-30
"October 15, 1889",1889-10-15
"January 28, 9194",9194-01-28
"March 11, 4281",4281-03-11
"October 31, 3692",3692-10-31
"April 9, 4120",4120-04-09
"September 28, 4856",4856-09-28
"June 4, 4671",4671-06-04
"November 25, 7202",7202-11-25
"April 29, 1925",1925-04-29
"January 12, 2589",2589-01-12
"January 31, 2732",2732-01-31
"September 19, 3655",3655-09-19
"August 18, 5398",5398-08-18
"January 19, 8969",8969-01-19
"October 4, 2754",2754-10-04
"March 31, 9112",9112-03-31
"December 14, 3456",3456-12-14
"July 31, 1737",1737-07-31
"March 8, 5764",5764-03-08
"September 17, 5680",5680-09-17
"September 19, 4799",4799-09-19
"February 20, 7231",7231-02-20
"July 1, 6350",6350-07-01
"August 4, 5774",5774-08-04
"January 14, 1715",1715-01-14
"March 17, 3375",3375-03-17
"October 7, 5824",5824-10-07
"August 8, 5472",5472-08-08
"January 15, 9840",9840-01-15
"May 6, 7707",7707-05-06
"February 12, 8987",8987-02-12
"April 18, 1224",1224-04-18
"October 17, 9791",9791-10-17
"January 3, 7611",7611-01-03
"February 24, 5368",5368-02-24
"June 14, 6477",6477-06-14
"September 16, 1067",1067-09-16
"June 19, 5039",5039-06-19
"February 25, 4429",4429-02-25
"August 13, 9652",9652-08-13
"June 16, 5478",5478-06-16
"November 18, 5811",5811-11-18
"September 19, 7180",7180-09-19
"March 7, 9584",9584-03-07
"April 3, 9436",9436-04-03
"July 28, 7271",7271-07-28
"July 10, 7927",7927-07-10
"August 1, 3532",3532-08-01
"August 22, 6606",6606-08-22
"October 4, 3519",3519-10-04
"April 14, 4134",4134-04-14
"December 21, 6004",6004-12-21
"December 4, 6576",6576-12-04
"April 23, 1333",1333-04-23
"June 27, 5465",5465-06-27
"December 25, 4859",4859-12-25
"February 1, 8681",8681-02-01
"January 2, 8799",8799-01-02
"January 7, 5643",5643-01-07
"March 21, 9316",9316-03-21
"April 23, 2895",2895-04-23
"May 1, 6367",6367-05-01
"August 17, 2465",2465-08-17
"October 4, 8145",8145-10-04
"September 2, 7133",7133-09-02
"September 3, 1309",1309-09-03
"October 11, 5524",5524-10-11
"January 25, 7797",7797-01-25
"April 5, 7481",7481-04-05
"August 20, 8613",8613-08-20
"March 26, 1311",1311-03-26
"January 9, 1964",1964-01-09
"February 2, 8381",8381-02-02
"January 10, 5922",5922-01-10
"April 27, 2558",2558-04-27
"December 20, 6301",6301-12-20
"November 27, 3086",3086-11-27
"June 14, 1577",1577-06-14
"July 15, 3987",3987-07-15
"June 25, 5353",5353-06-25
"March 12, 4759",4759-03-12
"August 17, 3430",3430-08-17
"August 5, 6221",6221-08-05
"May 16, 4753",4753-05-16
"September 22, 4875",4875-09-22
"September 1, 9741",9741-09-01
"September 27, 5353",5353-09-27
"May 23, 4195",4195-05-23
"October 16, 9635",9635-10-16
"February 2, 5841",5841-02-02
"December 27, 3896",3896-12-27
"July 31, 1940",1940-07-31
"October 27, 6400",6400-10-27
"August 4, 1222",1222-08-04
"July 4, 9601",9601-07-04
"June 25, 7194",7194-06-25
"February 17, 1598",1598-02-17
"October 24, 5018",5018-10-24
"November 18, 3574",3574-11-18
"January 1, 8466",8466-01-01
"December 27, 1787",1787-12-27
"May 19, 9971",9971-05-19
"July 1, 8484",8484-07-01
"April 23, 1462",1462-04-23
"April 28, 9661",9661-04-28
"May 3, 1356",1356-05-03
"September 16, 3839",3839-09-16
"May 19, 3289",3289-05-19
"January 13, 1234",1234-01-13
"March 7, 8135",8135-03-07
"November 25, 2749",2749-11-25
"May 12, 3739",3739-05-12
"June 22, 2449",2449-06-22
"March 12, 6438",6438-03-12
"October 22, 8687",8687-10-22
"August 10, 2313",2313-08-10
"May 29, 7476",7476-05-29
"January 9, 3503",3503-01-09
"April 9, 6340",6340-04-09
"May 21, 9032",9032-05-21
"August 9, 3942",3942-08-09
"October 6, 9806",9806-10-06
"April 1, 5236",5236-04-01
"October 29, 2926",2926-10-29
"November 3, 7957",7957-11-03
"May 25, 7973",7973-05-25
"November 21, 9588",9588-11-21
"May 3, 9249",9249-05-03
"April 3, 2315",2315-04-03
"November 12, 9931",9931-11-12
"August 15, 2880",2880-08-15
"November 7, 4571",4571-11-07
"May 14, 2241",2241-05-14
"May 23, 7645",7645-05-23
"November 18, 1294",1294-11-18
"May 25, 4582",4582-05-25
"March 24, 7612",7612-03-24
"May 25, 8778",8778-05-25
"November 18, 5309",5309-11-18
"January 11, 5555",5555-01-11
"December 15, 9210",9210-12-15
"July 17, 3277",3277-07-17
"September 18, 1872",1872-09-18
"June 4, 7799",7799-06-04
"October 1, 8930",8930-10-01
"January 5, 8203",8203-01-05
"October 15, 3788",3788-10-15
"March 13, 2170",2170-03-13
"April 19, 9006",9006-04-19
"November 15, 9870",9870-11-15
"April 5, 4463",4463-04-05
"October 7, 8857",8857-10-07
"November 23, 7894",7894-11-23
"February 24, 2390",2390-02-24
"December 14, 7498",7498-12-14
"June 26, 9987",9987-06-26
"August 16, 1471",1471-08-16
"February 26, 4987",4987-02-26
"November 4, 7117",7117-11-04
"May 1, 5919",5919-05-01
"August 27, 8596",8596-08-27
"June 29, 5255",5255-06-29
"November 15, 1791",1791-11-15
"April 5, 6810",6810-04-05
"February 20, 8436",8436-02-20
"July 27, 4918",4918-07-27
"April 17, 1145",1145-04-17
"October 18, 5823",5823-10-18
"April 15, 6629",6629-04-15
"December 21, 2211",2211-12-21
"June 1, 5978",5978-06-01
"March 25, 5159",5159-03-25
"October 25, 8298",8298-10-25
"June 21, 6279",6279-06-21
"June 18, 9122",9122-06-18
"November 22, 2756",2756-11-22
"December 19, 6000",6000-12-19
"September 9, 3022",3022-09-09
"August 16, 9426",9426-08-16
"July 16, 6991",6991-07-16
"August 8, 8469",8469-08-08
"July 10, 4101",4101-07-10
"November 24, 8072",8072-11-24
"March 3, 7180",7180-03-03
"September 7, 9895",9895-09-07
"April 19, 6552",6552-04-19
"June 7, 6338",6338-06-07
"December 20, 6001",6001-12-20
"October 28, 9394",9394-10-28
"October 2, 7803",7803-10-02
"February 24, 4082",4082-02-24
"March 23, 4701",4701-03-23
"March 5, 3819",3819-03-05
"March 16, 1995",1995-03-16
"February 8, 4203",4203-02-08
"November 1, 6176",6176-11-01
"June 8, 3800",3800-06-08
"March 7, 9618",9618-03-07
"July 14, 6336",6336-07-14
"December 8, 7543",7543-12-08
"October 24, 8008",8008-10-24
"March 21, 8673",8673-03-21
"March 2, 5352",5352-03-02
"January 18, 4863",4863-01-18
"July 31, 1329",1329-07-31
"June 4, 6676",6676-06-04
"May 4, 4732",4732-05-04
"March 6, 3088",3088-03-06
"November 1, 6598",6598-11-01
"November 27, 3435",3435-11-27
"September 3, 5074",5074-09-03
"October 27, 3966",3966-10-27
"April 27, 4908",4908-04-27
"June 29, 4211",4211-06-29
"January 6, 7846",7846-01-06
"February 15, 9052",9052-02-15
"July 24, 4172",4172-07-24
"June 28, 7382",7382-06-28
"July 28, 1116",1116-07-28
"September 30, 6932",6932-09-30
"January 7, 3194",3194-01-07
"February 23, 1983",1983-02-23
"August 22, 3771",3771-08-22
"January 22, 9269",9269-01-22
"April 7, 5667",5667-04-07
"August 23, 6610",6610-08-23
"June 6, 7375",7375-06-06
"June 22, 9706",9706-06-22
"October 15, 3759",3759-10-15
"September 10, 8930",8930-09-10
"April 9, 6467",6467-04-09
"April 20, 8417",8417-04-20
"July 11, 9174",9174-07-11
"May 27, 6636",6636-05-27
"August 31, 6146",6146-08-31
"January 6, 1198",1198-01-06
"August 3, 2068",2068-08-03
"November 21, 4378",4378-11-21
"September 23, 3544",3544-09-23
"December 27, 5643",5643-12-27
"March 20, 8944",8944-03-20
"January 8, 3794",3794-01-08
"May 9, 4516",4516-05-09
"August 30, 8624",8624-08-30
"May 11, 7678",7678-05-11
"September 8, 5237",5237-09-08
"September 28, 6434",6434-09-28
"November 14, 7355",7355-11-14
"November 25, 7096",7096-11-25
"July 31, 4947",4947-07-31
"April 28, 5886",5886-04-28
"January 13, 9566",9566-01-13
"June 13, 7320",7320-06-13
"September 6, 4798",4798-09-06
"January 22, 5040",5040-01-22
"April 26, 9071",9071-04-26
"August 21, 6210",6210-08-21
"February 6, 4111",4111-02-06
"February 21, 4521",4521-02-21
"January 9, 3887",3887-01-09
"May 30, 3647",3647-05-30
"July 26, 2385",2385-07-26
"December 13, 9282",9282-12-13
"July 26, 3211",3211-07-26
"August 20, 4623",4623-08-20
"December 2, 2372",2372-12-02
"December 18, 9530",9530-12-18
"August 28, 7153",7153-08-28
"September 9, 9752",9752-09-09
"July 28, 8925",8925-07-28
"March 11, 3126",3126-03-11
"August 2, 3199",3199-08-02
"November 16, 3484",3484-11-16
"November 7, 9481",9481-11-07
"May 8, 6560",6560-05-08
"March 20, 4175",4175-03-20
"November 8, 9320",9320-11-08
"August 3, 7770",7770-08-03
"December 8, 9729",9729-12-08
"September 23, 7024",7024-09-23
"April 25, 7853",7853-04-25
"November 6, 4249",4249-11-06
"May 28, 2154",2154-05-28
"March 4, 3229",3229-03-04
"December 24, 4401",4401-12-24
"April 30, 3612",3612-04-30
"March 21, 5144",5144-03-21
"August 21, 3060",3060-08-21
"February 15, 4471",4471-02-15
"June 23, 1162",1162-06-23
"August 12, 9130",9130-08-12
"October 20, 7133",7133-10-20
"August 18, 2453",2453-08-18
"February 1, 4150",4150-02-01
"September 8, 1522",1522-09-08
"February 26, 1626",1626-02-26
"July 24, 7354",7354-07-24
"October 14, 4354",4354-10-14
"November 15, 9008",9008-11-15
"February 22, 2450",2450-02-22
"January 19, 8325",8325-01-19
"October 10, 9644",9644-10-10
"January 23, 6637",6637-01-23
"January 28, 2178",2178-01-28
"November 7, 1140",1140-11-07
"May 1, 7592",7592-05-01
"March 30, 4265",4265-03-30
"May 17, 6390",6390-05-17
"May 14, 6497",6497-05-14
"March 5, 6058",6058-03-05
"July 15, 4912",4912-07-15
"March 1, 3117",3117-03-01
"December 28, 1589",1589-12-28
"May 14, 3899",3899-05-14
"January 21, 6486",6486-01-21
"February 19, 2310",2310-02-19
"May 19, 1750",1750-05-19
"July 27, 5601",5601-07-27
"January 11, 6647",6647-01-11
"September 25, 1850",1850-09-25
"April 16, 7626",7626-04-16
"April 24, 8228",8228-04-24
"December 9, 8882",8882-12-09
"August 17, 1615",1615-08-17
"May 18, 2742",2742-05-18
"May 1, 2713",2713-05-01
"June 8, 7463",7463-06-08
"February 16, 4489",4489-02-16
"March 9, 1978",1978-03-09
"February 17, 3850",3850-02-17
"April 2, 2360",2360-04-02
"September 11, 7408",7408-09-11
"July 29, 9778",9778-07-29
"March 8, 5779",5779-03-08
"September 20, 7962",7962-09-20
"September 10, 7845",7845-09-10
"September 5, 8101",8101-09-05
"September 15, 3591",3591-09-15
"October 8, 9907",9907-10-08
"January 9, 7001",7001-01-09
"February 12, 5368",5368-02-12
"July 14, 6173",6173-07-14
"January 14, 6084",6084-01-14
"September 9, 4414",4414-09-09
"May 25, 7758",7758-05-25
"July 8, 5924",5924-07-08
"November 14, 4506",4506-11-14
"December 3, 7529",7529-12-03
"August 22, 8131",8131-08-22
"August 30, 1691",1691-08-30
"October 7, 8000",8000-10-07
"November 25, 9498",9498-11-25
"July 24, 2139",2139-07-24
"December 24, 9758",9758-12-24
"February 26, 3386",3386-02-26
"March 5, 8183",8183-03-05
"May 2, 3423",3423-05-02
"February 4, 4039",4039-02-04
"February 7, 8584",8584-02-07
"April 29, 1932",1932-04-29
"August 2, 2803",2803-08-02
"July 9, 3754",3754-07-09
"January 3, 2996",2996-01-03
"November 13, 7338",7338-11-13
"January 6, 1862",1862-01-06
"July 24, 2797",2797-07-24
"September 23, 1030",1030-09-23
"April 4, 5691",5691-04-04
"May 30, 6173",6173-05-30
"June 22, 8916",8916-06-22
"February 6, 7819",7819-02-06
"April 17, 6396",6396-04-17
"September 17, 4344",4344-09-17
"October 28, 1374",1374-10-28
"March 8, 3658",3658-03-08
"June 27, 4308",4308-06-27
"May 30, 9118",9118-05-30
"August 18, 4246",4246-08-18
"November 2, 9072",9072-11-02
"December 3, 6213",6213-12-03
"May 27, 1817",1817-05-27
"August 30, 8893",8893-08-30
"July 19, 3680",3680-07-19
"January 16, 4038",4038-01-16
"December 4, 8177",8177-12-04
"November 30, 7772",7772-11-30
"October 8, 8592",8592-10-08
"September 5, 3271",3271-09-05
"February 18, 5882",5882-02-18
"January 18, 2318",2318-01-18
"July 18, 7253",7253-07-18
"August 17, 3581",3581-08-17
"March 9, 8437",8437-03-09
"December 9, 2710",2710-12-09
"June 3, 4050",4050-06-03
"May 22, 2633",2633-05-22
"January 17, 1820",1820-01-17
"November 10, 1684",1684-11-10
"May 24, 2905",2905-05-24
"June 30, 4532",4532-06-30
"April 4, 7833",7833-04-04
"September 28, 9600",9600-09-28
"July 22, 7536",7536-07-22
"April 18, 4314",4314-04-18
"January 26, 6043",6043-01-26
"January 12, 2428",2428-01-12
"May 7, 6382",6382-05-07
"July 6, 8908",8908-07-06
"January 24, 4492",4492-01-24
"June 22, 9035",9035-06-22
"April 3, 5622",5622-04-03
"May 16, 4126",4126-05-16
"March 26, 6747",6747-03-26
"December 9, 7200",7200-12-09
"July 22, 6670",6670-07-22
"January 20, 6027",6027-01-20
"October 7, 1923",1923-10-07
"August 16, 7867",7867-08-16
"September 30, 1457",1457-09-30
"April 2, 5961",5961-04-02
"February 8, 9435",9435-02-08
"June 2, 4701",4701-06-02
"October 25, 7932",7932-10-25
"February 17, 3875",3875-02-17
"January 8, 1297",1297-01-08
"October 5, 2048",2048-10-05
"November 17, 3628",3628-11-17
"May 21, 8743",8743-05-21
"May 13, 7605",7605-05-13
"April 18, 7742",7742-04-18
"March 26, 1238",1238-03-26
"March 19, 9782",9782-03-19
"March 23, 8720",8720-03-23
"December 17, 4094",4094-12-17
"May 26, 7617",7617-05-26
"January 2, 1462",1462-01-02
"April 2, 9763",9763-04-02
"September 12, 9684",9684-09-12
"October 29, 3011",3011-10-29
"January 19, 6403",6403-01-19
"August 1, 6959",6959-08-01
"September 6, 8481",8481-09-06
"May 23, 6078",6078-05-23
"March 30, 4194",4194-03-30
"February 25, 3084",3084-02-25
"September 13, 7721",7721-09-13
"July 15, 6005",6005-07-15
"August 16, 8289",8289-08-16
"October 16, 6646",6646-10-16
"October 17, 2047",2047-10-17
"June 2, 6397",6397-06-02
"November 7, 4995",4995-11-07
"April 24, 5689",5689-04-24
"August 2, 4827",4827-08-02
"November 28, 4686",4686-11-28
"July 22, 8695",8695-07-22
"March 9, 2201",2201-03-09
"November 7, 2846",2846-11-07
"May 4, 4787",4787-05-04
"March 5, 5727",5727-03-05
"November 18, 8965",8965-11-18
"October 10, 6689",6689-10-10
"October 14, 4309",4309-10-14
"November 8, 8608",8608-11-08
"August 22, 5598",5598-08-22
"April 15, 9733",9733-04-15
"February 5, 7317",7317-02-05
"June 1, 1421",1421-06-01
"January 18, 6223",6223-01-18
"March 31, 2011",2011-03-31
"October 18, 4611",4611-10-18
"June 14, 3898",3898-06-14
"May 9, 4712",4712-05-09
"March 15, 2331",2331-03-15
"August 23, 9871",9871-08-23
"May 23, 5641",5641-05-23
"June 5, 6909",6909-06-05
"March 21, 1013",1013-03-21
"April 26, 8552",8552-04-26
"December 8, 7230",7230-12-08
"February 28, 6305",6305-02-28
"July 29, 5745",5745-07-29
"June 17, 1622",1622-06-17
"February 16, 3154",3154-02-16
"July 23, 6953",6953-07-23
"July 15, 5154",5154-07-15
"February 1, 8150",8150-02-01
"September 13, 9686",9686-09-13
"July 3, 6724",6724-07-03
"December 14, 8181",8181-12-14
"March 24, 6076",6076-03-24
"June 10, 9727",9727-06-10
"September 9, 1592",1592-09-09
"August 2, 3337",3337-08-02
"October 9, 4066",4066-10-09
"January 11, 7307",7307-01-11
"July 4, 2504",2504-07-04
"August 14, 4307",4307-08-14
"February 27, 6031",6031-02-27
"June 8, 9018",9018-06-08
"March 30, 6566",6566-03-30
"May 30, 2394",2394-05-30
"July 12, 1331",1331-07-12
"December 7, 8234",8234-12-07
"January 18, 7992",7992-01-18
"January 1, 3748",3748-01-01
"November 15, 9150",9150-11-15
"October 3, 2818",2818-10-03
"July 14, 4568",4568-07-14
"August 16, 7325",7325-08-16
"January 12, 1157",1157-01-12
"November 4, 7341",7341-11-04
"March 16, 5685",5685-03-16
"May 18, 2070",2070-05-18
"May 17, 3580",3580-05-17
"December 12, 2302",2302-12-12
"February 2, 6299",6299-02-02
"December 8, 2348",2348-12-08
"January 18, 8438",8438-01-18
"February 23, 2768",2768-02-23
"February 26, 6723",6723-02-26
"March 13, 9229",9229-03-13
"August 18, 4351",4351-08-18
"September 9, 6843",6843-09-09
"September 4, 9100",9100-09-04
"November 28, 4139",4139-11-28
"May 1, 5771",5771-05-01
"November 2, 6540",6540-11-02
"October 16, 6422",6422-10-16
"November 29, 3798",3798-11-29
"July 24, 6245",6245-07-24
"July 8, 7330",7330-07-08
"January 5, 2661",2661-01-05
"December 15, 5404",5404-12-15
"November 23, 3188",3188-11-23
"January 8, 7883",7883-01-08
"June 10, 6836",6836-06-10
"February 19, 9570",9570-02-19
"August 11, 2567",2567-08-11
"September 3, 1801",1801-09-03
"April 26, 4172",4172-04-26
"February 7, 9873",9873-02-07
"January 14, 5765",5765-01-14
"December 31, 4902",4902-12-31
"August 31, 6830",6830-08-31
"February 9, 4068",4068-02-09
"June 17, 1029",1029-06-17
"January 6, 4248",4248-01-06
"September 9, 9337",9337-09-09
"July 1, 4428",4428-07-01
"March 2, 7740",7740-03-02
"August 13, 7659",7659-08-13
"July 4, 8578",8578-07-04
"November 4, 6622",6622-11-04
"June 1, 2706",2706-06-01
"December 24, 6127",6127-12-24
"November 7, 7184",7184-11-07
"December 28, 6561",6561-12-28
"April 9, 4963",4963-04-09
"August 12, 4817",4817-08-12
"January 3, 7338",7338-01-03
"July 14, 9760",9760-07-14
"July 16, 7240",7240-07-16
"September 26, 5331",5331-09-26
"January 1, 6229",6229-01-01
"March 3, 4695",4695-03-03
"May 31, 3166",3166-05-31
"October 21, 9009",9009-10-21
"May 9, 3742",3742-05-09
"April 22, 7566",7566-04-22
"November 21, 5397",5397-11-21
"February 20, 3682",3682-02-20
"January 21, 9906",9906-01-21
"March 8, 5717",5717-03-08
"March 26, 1501",1501-03-26
"October 25, 4653",4653-10-25
"November 28, 9551",9551-11-28
"June 24, 6431",6431-06-24
"July 26, 9098",9098-07-26
"November 29, 5377",5377-11-29
"July 31, 5433",5433-07-31
"July 19, 8621",8621-07-19
"July 14, 8487",8487-07-14
"September 20, 2746",2746-09-20
"February 29, 6688",6688-02-29
"February 13, 1425",1425-02-13
"October 6, 2449",2449-10-06
"February 13, 6768",6768-02-13
"May 28, 7777",7777-05-28
"July 1, 4812",4812-07-01
"July 19, 2152",2152-07-19
"April 22, 6056",6056-04-22
"January 19, 2145",2145-01-19
"October 27, 7039",7039-10-27
"March 10, 6247",6247-03-10
"March 31, 1176",1176-03-31
"April 7, 9296",9296-04-07
"June 5, 2655",2655-06-05
"January 14, 5708",5708-01-14
"April 4, 8519",8519-04-04
"August 16, 2772",2772-08-16
"April 20, 1859",1859-04-20
"June 14, 6391",6391-06-14
"September 26, 9974",9974-09-26
"June 3, 4043",4043-06-03
"November 27, 4887",4887-11-27
"April 9, 8157",8157-04-09
"October 2, 8954",8954-10-02
"July 18, 5564",5564-07-18
"June 22, 8462",8462-06-22
"April 24, 1922",1922-04-24
"February 13, 4773",4773-02-13
"January 24, 8744",8744-01-24
"December 1, 7127",7127-12-01
"November 18, 5363",5363-11-18
"June 1, 4636",4636-06-01
"December 2, 8197",8197-12-02
"June 22, 9253",9253-06-22
"September 5, 9720",9720-09-05
"May 28, 6603",6603-05-28
"October 26, 7212",7212-10-26
"April 2, 1412",1412-04-02
"August 31, 8090",8090-08-31
"September 19, 1785",1785-09-19
"January 4, 3696",3696-01-04
"January 5, 8248",8248-01-05
"May 19, 8859",8859-05-19
"February 24, 4300",4300-02-24
"May 13, 3612",3612-05-13
"July 31, 9575",9575-07-31
"November 18, 2037",2037-11-18
"July 25, 5983",5983-07-25
"June 26, 2130",2130-06-26
"October 17, 9731",9731-10-17
"September 19, 8277",8277-09-19
"March 19, 9083",9083-03-19
"March 9, 2154",2154-03-09
"January 12, 6095",6095-01-12
"June 21, 2910",2910-06-21
"August 22, 8969",8969-08-22
"December 14, 4438",4438-12-14
"June 2, 1332",1332-06-02
"February 23, 1528",1528-02-23
"December 29, 4724",4724-12-29
"June 14, 1644",1644-06-14
"December 3, 4368",4368-12-03
"June 16, 5116",5116-06-16
"July 13, 5304",5304-07-13
"November 4, 5945",5945-11-04
"September 1, 2671",2671-09-01
"April 9, 3804",3804-04-09
"September 17, 7099",7099-09-17
"November 5, 5731",5731-11-05
"November 25, 7498",7498-11-25
"July 14, 8829",8829-07-14
"September 15, 3067",3067-09-15
"January 11, 2952",2952-01-11
"June 7, 3010",3010-06-07
"November 5, 1906",1906-11-05
"March 3, 7999",7999-03-03
"December 28, 5392",5392-12-28
"July 7, 8116",8116-07-07
"November 8, 8844",8844-11-08
"August 6, 3765",3765-08-06
"January 8, 6715",6715-01-08
"October 1, 7696",7696-10-01
"July 6, 2643",2643-07-06
"May 12, 3666",3666-05-12
"September 1, 6295",6295-09-01
"June 14, 8325",8325-06-14
"July 31, 3916",3916-07-31
"July 13, 6277",6277-07-13
"January 28, 3932",3932-01-28
"September 28, 8657",8657-09-28
"December 2, 1107",1107-12-02
"October 16, 6342",6342-10-16
"January 20, 4303",4303-01-20
"June 4, 8781",8781-06-04
"December 2, 7276",7276-12-02
"February 17, 2814",2814-02-17
"March 15, 1848",1848-03-15
"August 26, 6072",6072-08-26
"May 5, 4968",4968-05-05
"June 13, 7747",7747-06-13
"May 16, 4435",4435-05-16
"April 30, 8337",8337-04-30
"August 7, 5872",5872-08-07
"April 18, 8927",8927-04-18
"January 12, 3872",3872-01-12
"February 16, 6246",6246-02-16
"June 13, 4469",4469-06-13
"September 24, 3287",3287-09-24
"September 2, 5417",5417-09-02
"December 22, 6548",6548-12-22
"October 7, 2224",2224-10-07
"December 24, 3723",3723-12-24
"June 10, 5379",5379-06-10
"September 28, 7567",7567-09-28
"February 24, 5122",5122-02-24
"December 1, 7600",7600-12-01
"September 7, 4397",4397-09-07
"April 3, 9030",9030-04-03
"April 26, 4390",4390-04-26
"December 12, 1251",1251-12-12
"November 9, 8558",8558-11-09
"April 13, 5545",5545-04-13
"January 11, 4152",4152-01-11
"December 29, 1092",1092-12-29
"November 29, 7498",7498-11-29
"June 16, 8875",8875-06-16
"October 31, 9937",9937-10-31
"June 29, 9551",9551-06-29
"March 17, 1563",1563-03-17
"September 28, 7963",7963-09-28
"April 9, 9557",9557-04-09
"March 24, 6704",6704-03-24
"July 18, 4286",4286-07-18
"April 24, 9908",9908-04-24
"August 4, 3642",3642-08-04
"April 21, 7971",7971-04-21
"December 2, 5045",5045-12-02
"December 19, 3514",3514-12-19
"September 4, 8310",8310-09-04
"May 28, 3183",3183-05-28
"January 28, 8130",8130-01-28
"February 6, 3878",3878-02-06
"March 10, 8783",8783-03-10
"October 3, 9676",9676-10-03
"November 11, 9278",9278-11-11
"May 4, 9813",9813-05-04
"October 14, 8569",8569-10-14
"September 5, 8818",8818-09-05
"September 20, 2570",2570-09-20
"July 24, 8214",8214-07-24
"October 18, 2115",2115-10-18
"June 28, 8205",8205-06-28
"April 30, 8422",8422-04-30
"September 18, 1452",1452-09-18
"September 1, 4547",4547-09-01
"March 30, 6062",6062-03-30
"February 22, 1383",1383-02-22
"August 8, 7655",7655-08-08
"December 4, 5189",5189-12-04
"February 20, 9410",9410-02-20
"January 31, 2509",2509-01-31
"January 21, 2035",2035-01-21
"December 7, 4388",4388-12-07
"December 2, 4751",4751-12-02
"October 13, 9583",9583-10-13
"June 24, 5771",5771-06-24
"December 25, 3016",3016-12-25
"November 7, 3305",3305-11-07
"September 3, 2517",2517-09-03
"May 9, 7194",7194-05-09
"May 14, 5201",5201-05-14
"February 8, 7096",7096-02-08
"June 2, 6762",6762-06-02
"August 7, 4129",4129-08-07
"July 25, 2889",2889-07-25
"December 12, 3950",3950-12-12
"May 10, 6533",6533-05-10
"April 16, 4389",4389-04-16
"March 14, 9573",9573-03-14
"September 3, 4889",4889-09-03
"July 26, 2322",2322-07-26
"February 20, 6378",6378-02-20
"September 16, 1864",1864-09-16
"May 26, 2616",2616-05-26
"May 20, 9660",9660-05-20
"November 15, 3590",3590-11-15
"August 23, 8766",8766-08-23
"August 17, 9316",9316-08-17
"August 15, 8744",8744-08-15
"September 21, 5563",5563-09-21
"December 18, 7399",7399-12-18
"June 2, 5200",5200-06-02
"January 1, 2037",2037-01-01
"February 22, 5531",5531-02-22
"November 3, 1159",1159-11-03
"December 9, 4036",4036-12-09
"October 16, 7161",7161-10-16
"March 31, 2419",2419-03-31
"August 3, 6222",6222-08-03
"September 11, 5232",5232-09-11
"July 3, 8726",8726-07-03
"May 12, 9601",9601-05-12
"November 26, 8720",8720-11-26
"July 24, 4010",4010-07-24
"November 11, 7712",7712-11-11
"July 20, 5375",5375-07-20
"November 8, 8332",8332-11-08
"November 10, 5265",5265-11-10
"March 16, 2244",2244-03-16
"July 25, 8749",8749-07-25
"February 13, 3685",3685-02-13
"April 5, 6414",6414-04-05
"May 16, 1287",1287-05-16
"August 21, 8114",8114-08-21
"December 27, 7446",7446-12-27
"September 13, 4766",4766-09-13
"December 13, 8005",8005-12-13
"February 5, 3542",3542-02-05
"May 22, 8437",8437-05-22
"December 17, 1725",1725-12-17
"September 25, 8296",8296-09-25
"June 22, 6331",6331-06-22
"November 25, 9050",9050-11-25
"March 27, 4470",4470-03-27
"August 13, 8455",8455-08-13
"September 16, 5688",5688-09-16
"November 12, 2339",2339-11-12
"February 23, 2605",2605-02-23
"September 30, 1520",1520-09-30
"May 1, 1427",1427-05-01
"March 16, 4495",4495-03-16
"February 10, 6657",6657-02-10
"June 26, 2333",2333-06-26
"February 12, 2116",2116-02-12
"May 8, 3696",3696-05-08
"December 23, 7172",7172-12-23
"November 30, 2557",2557-11-30
"January 22, 5463",5463-01-22
"June 21, 6209",6209-06-21
"July 21, 5260",5260-07-21
"August 10, 8699",8699-08-10
"December 8, 9533",9533-12-08
"February 25, 8998",8998-02-25
"May 13, 7203",7203-05-13
"February 3, 5813",5813-02-03
"October 15, 7744",7744-10-15
"December 7, 9523",9523-12-07
"December 26, 9343",9343-12-26
"June 26, 2774",2774-06-26
"May 16, 5764",5764-05-16
"November 14, 8520",8520-11-14
"February 15, 2137",2137-02-15
"June 23, 6619",6619-06-23
"November 29, 8069",8069-11-29
"August 24, 5686",5686-08-24
"June 6, 4212",4212-06-06
"September 14, 1375",1375-09-14
"December 1, 8926",8926-12-01
"January 9, 5255",5255-01-09
"January 16, 3495",3495-01-16
"August 22, 6091",6091-08-22
"September 19, 6106",6106-09-19
"June 6, 3711",3711-06-06
"December 12, 5164",5164-12-12
"December 13, 2140",2140-12-13
"February 1, 8874",8874-02-01
"May 2, 5218",5218-05-02
"June 8, 7252",7252-06-08
"December 10, 8404",8404-12-10
"November 16, 5118",5118-11-16
"May 2, 1695",1695-05-02
"January 31, 5572",5572-01-31
"February 12, 4168",4168-02-12
"September 9, 3179",3179-09-09
"November 1, 2402",2402-11-01
"October 19, 6221",6221-10-19
"September 28, 2052",2052-09-28
"December 25, 8610",8610-12-25
"September 29, 3435",3435-09-29
"February 1, 8369",8369-02-01
"September 10, 8343",8343-09-10
"May 24, 7857",7857-05-24
"April 5, 1245",1245-04-05
"October 28, 1580",1580-10-28
"November 21, 4829",4829-11-21
"January 18, 3797",3797-01-18
"January 23, 2446",2446-01-23
"May 25, 7483",7483-05-25
"July 2, 3356",3356-07-02
"November 22, 1787",1787-11-22
"October 9, 9786",9786-10-09
"April 22, 7364",7364-04-22
"November 30, 3378",3378-11-30
"October 18, 7733",7733-10-18
"November 26, 3479",3479-11-26
"September 1, 3675",3675-09-01
"January 19, 4773",4773-01-19
"July 20, 9892",9892-07-20
"June 16, 2694",2694-06-16
"January 10, 7844",7844-01-10
"July 25, 1032",1032-07-25
"February 12, 4184",4184-02-12
"July 17, 2661",2661-07-17
"October 11, 2492",2492-10-11
"August 17, 7203",7203-08-17
"June 1, 3878",3878-06-01
"November 10, 3003",3003-11-10
"May 9, 2262",2262-05-09
"May 1, 8591",8591-05-01
"January 18, 1296",1296-01-18
"July 30, 2513",2513-07-30
"August 26, 1170",1170-08-26
"December 2, 5113",5113-12-02
"April 25, 3732",3732-04-25
"February 28, 7762",7762-02-28
"January 25, 4718",4718-01-25
"March 23, 1181",1181-03-23
"December 23, 3000",3000-12-23
"May 19, 4047",4047-05-19
"September 24, 1601",1601-09-24
"August 24, 2455",2455-08-24
"August 10, 9517",9517-08-10
"February 24, 5834",5834-02-24
"May 13, 7041",7041-05-13
"February 8, 2305",2305-02-08
"December 7, 9562",9562-12-07
"November 16, 1729",1729-11-16
"January 9, 6469",6469-01-09
"October 27, 6147",6147-10-27
"June 13, 9934",9934-06-13
"July 8, 5157",5157-07-08
"October 29, 6893",6893-10-29
"June 7, 7817",7817-06-07
"May 2, 2252",2252-05-02
"August 28, 6190",6190-08-28
"November 21, 6785",6785-11-21
"March 12, 3544",3544-03-12
"August 26, 8063",8063-08-26
"December 27, 1497",1497-12-27
"May 19, 9351",9351-05-19
"April 12, 9994",9994-04-12
"August 3, 8566",8566-08-03
"February 22, 6988",6988-02-22
"October 22, 4463",4463-10-22
"December 26, 6259",6259-12-26
"November 17, 8387",8387-11-17
"September 21, 1357",1357-09-21
"June 30, 1698",1698-06-30
"June 11, 6500",6500-06-11
"January 7, 5612",5612-01-07
"March 1, 5895",5895-03-01
"November 17, 8878",8878-11-17
"October 17, 2239",2239-10-17
"January 22, 6630",6630-01-22
"December 10, 9180",9180-12-10
"September 12, 6093",6093-09-12
"December 10, 1843",1843-12-10
"October 8, 1927",1927-10-08
"January 3, 4699",4699-01-03
"June 15, 7985",7985-06-15
"May 31, 2703",2703-05-31
"April 9, 1754",1754-04-09
"February 18, 2449",2449-02-18
"March 6, 4158",4158-03-06
"June 3, 8169",8169-06-03
"January 4, 8270",8270-01-04
"February 7, 7722",7722-02-07
"February 10, 7297",7297-02-10
"February 2, 9178",9178-02-02
"April 22, 4734",4734-04-22
"February 27, 5374",5374-02-27
"March 21, 7860",7860-03-21
"September 16, 7092",7092-09-16
"June 29, 4386",4386-06-29
"April 18, 6210",6210-04-18
"July 21, 6805",6805-07-21
"June 28, 7952",7952-06-28
"March 30, 5940",5940-03-30
"December 5, 2138",2138-12-05
"December 19, 9058",9058-12-19
"November 21, 2313",2313-11-21
"June 22, 8518",8518-06-22
"November 16, 8474",8474-11-16
"June 22, 9830",9830-06-22
"April 28, 7331",7331-04-28
"November 5, 9277",9277-11-05
"March 30, 3469",3469-03-30
"October 5, 5938",5938-10-05
"June 25, 6185",6185-06-25
"December 7, 3623",3623-12-07
"January 28, 5752",5752-01-28
"February 28, 4892",4892-02-28
"October 23, 6207",6207-10-23
"November 12, 5578",5578-11-12
"January 24, 5777",5777-01-24
"August 3, 9378",9378-08-03
"December 5, 2091",2091-12-05
"March 8, 4589",4589-03-08
"October 17, 5900",5900-10-17
"November 24, 4588",4588-11-24
"November 4, 8637",8637-11-04
"January 22, 3927",3927-01-22
"April 30, 5298",5298-04-30
"November 6, 2752",2752-11-06
"March 10, 8887",8887-03-10
"April 23, 6446",6446-04-23
"December 7, 1770",1770-12-07
"August 4, 2047",2047-08-04
"April 17, 1980",1980-04-17
"August 14, 2070",2070-08-14
"July 4, 5959",5959-07-04
"November 28, 2108",2108-11-28
"July 29, 9550",9550-07-29
"January 19, 9484",9484-01-19
"May 2, 5279",5279-05-02
"March 12, 2494",2494-03-12
"February 23, 7389",7389-02-23
"October 18, 1688",1688-10-18
"September 27, 7734",7734-09-27
"January 16, 7449",7449-01-16
"February 26, 7450",7450-02-26
"July 12, 4785",4785-07-12
"March 5, 8694",8694-03-05
"August 29, 2403",2403-08-29
"July 27, 5717",5717-07-27
"August 1, 5060",5060-08-01
"July 7, 8640",8640-07-07
"December 23, 9615",9615-12-23
"November 4, 5856",5856-11-04
"May 19, 9280",9280-05-19
"October 15, 1590",1590-10-15
"January 11, 4303",4303-01-11
"November 17, 7894",7894-11-17
"January 16, 4588",4588-01-16
"March 4, 5038",5038-03-04
"September 16, 2189",2189-09-16
"August 4, 7636",7636-08-04
"December 6, 6826",6826-12-06
"January 5, 3443",3443-01-05
"November 11, 2776",2776-11-11
"September 15, 8541",8541-09-15
"April 11, 6537",6537-04-11
"February 22, 3575",3575-02-22
"September 27, 2242",2242-09-27
"July 29, 5020",5020-07-29
"December 9, 7387",7387-12-09
"December 5, 5220",5220-12-05
"April 20, 2319",2319-04-20
"June 20, 9757",9757-06-20
"December 20, 4198",4198-12-20
"September 28, 7592",7592-09-28
"February 14, 3597",3597-02-14
"October 6, 5927",5927-10-06
"November 30, 7441",7441-11-30
"November 25, 9812",9812-11-25
"August 21, 8139",8139-08-21
"January 14, 8046",8046-01-14
"March 5, 8751",8751-03-05
"July 5, 8380",8380-07-05
"May 20, 7393",7393-05-20
"June 28, 1301",1301-06-28
"June 18, 7993",7993-06-18
"April 13, 8554",8554-04-13
"July 22, 8963",8963-07-22
"April 8, 4071",4071-04-08
"June 27, 1332",1332-06-27
"October 30, 3071",3071-10-30
"February 18, 4138",4138-02-18
"July 10, 9069",9069-07-10
"March 21, 9755",9755-03-21
"April 5, 4548",4548-04-05
"June 1, 4902",4902-06-01
"January 7, 5031",5031-01-07
"February 12, 1070",1070-02-12
"March 12, 3083",3083-03-12
"January 17, 2645",2645-01-17
"June 1, 7503",7503-06-01
"September 10, 8548",8548-09-10
"June 15, 5602",5602-06-15
"February 3, 1799",1799-02-03
"March 27, 2629",2629-03-27
"January 2, 9509",9509-01-02
"February 7, 8271",8271-02-07
"January 21, 1352",1352-01-21
"September 16, 2053",2053-09-16
"January 23, 9568",9568-01-23
"November 10, 7091",7091-11-10
"July 3, 3470",3470-07-03
"January 27, 5320",5320-01-27
"March 13, 5821",5821-03-13
"June 30, 6209",6209-06-30
"September 20, 4914",4914-09-20
"August 18, 2807",2807-08-18
"July 19, 5249",5249-07-19
"September 21, 4578",4578-09-21
"July 12, 9286",9286-07-12
"February 2, 4725",4725-02-02
"November 18, 9920",9920-11-18
"January 10, 7518",7518-01-10
"October 21, 7846",7846-10-21
"August 13, 1975",1975-08-13
"February 21, 1604",1604-02-21
"August 15, 2786",2786-08-15
"August 20, 2807",2807-08-20
"August 26, 9663",9663-08-26
"January 6, 8095",8095-01-06
"June 16, 1571",1571-06-16
"August 7, 8739",8739-08-07
"November 7, 1936",1936-11-07
"September 22, 4124",4124-09-22
"July 15, 6088",6088-07-15
"June 14, 8601",8601-06-14
"March 22, 5869",5869-03-22
"February 24, 6577",6577-02-24
"June 6, 7971",7971-06-06
"April 6, 6076",6076-04-06
"April 29, 5756",5756-04-29
"December 10, 4136",4136-12-10
"July 6, 3475",3475-07-06
"June 23, 9669",9669-06-23
"August 3, 6883",6883-08-03
"January 15, 2307",2307-01-15
"October 31, 4963",4963-10-31
"December 18, 5936",5936-12-18
"June 1, 2273",2273-06-01
"September 10, 4252",4252-09-10
"May 24, 8788",8788-05-24
"June 23, 8791",8791-06-23
"April 30, 7811",7811-04-30
"April 20, 6588",6588-04-20
"February 9, 7051",7051-02-09
"February 3, 8661",8661-02-03
"October 8, 4541",4541-10-08
"July 23, 1521",1521-07-23
"May 8, 3532",3532-05-08
"January 20, 5539",5539-01-20
"June 2, 7882",7882-06-02
"February 4, 1629",1629-02-04
"April 10, 1088",1088-04-10
"July 8, 3347",3347-07-08
"May 20, 4461",4461-05-20
"September 24, 3425",3425-09-24
"December 13, 9811",9811-12-13
"December 14, 2575",2575-12-14
"May 1, 9775",9775-05-01
"April 16, 3934",3934-04-16
"November 26, 4323",4323-11-26
"January 12, 4768",4768-01-12
"November 8, 2377",2377-11-08
"October 7, 1088",1088-10-07
"October 14, 6711",6711-10-14
"June 4, 9578",9578-06-04
"June 24, 5945",5945-06-24
"August 12, 3017",3017-08-12
"July 9, 2483",2483-07-09
"February 26, 5366",5366-02-26
"December 22, 7115",7115-12-22
"September 9, 9080",9080-09-09
"July 3, 3642",3642-07-03
"October 27, 6744",6744-10-27
"March 2, 7416",7416-03-02
"August 11, 8671",8671-08-11
"February 13, 5067",5067-02-13
"September 9, 1827",1827-09-09
"October 25, 5559",5559-10-25
"April 26, 9521",9521-04-26
"October 13, 1485",1485-10-13
"May 18, 6009",6009-05-18
"March 22, 1215",1215-03-22
"August 23, 6279",6279-08-23
"February 22, 1894",1894-02-22
"January 25, 4595",4595-01-25
"October 18, 7611",7611-10-18
"September 26, 5929",5929-09-26
"September 13, 7584",7584-09-13
"March 27, 5644",5644-03-27
"August 13, 9147",9147-08-13
"February 21, 8351",8351-02-21
"August 20, 5796",5796-08-20
"September 6, 4324",4324-09-06
"August 11, 2322",2322-08-11
"March 27, 5651",5651-03-27
"July 5, 1239",1239-07-05
"July 7, 4729",4729-07-07
"September 22, 2973",2973-09-22
"April 24, 8098",8098-04-24
"July 30, 6283",6283-07-30
"March 21, 8919",8919-03-21
"May 19, 5155",5155-05-19
"January 19, 2012",2012-01-19
"January 11, 6015",6015-01-11
"September 11, 2215",2215-09-11
"February 25, 3794",3794-02-25
"February 21, 6003",6003-02-21
"May 16, 7762",7762-05-16
"August 12, 5598",5598-08-12
"December 26, 7016",7016-12-26
"February 26, 1903",1903-02-26
"October 31, 5544",5544-10-31
"January 27, 4563",4563-01-27
"July 15, 9564",9564-07-15
"November 2, 4898",4898-11-02
"June 13, 3544",3544-06-13
"October 31, 4824",4824-10-31
"February 3, 9947",9947-02-03
"October 9, 2930",2930-10-09
"February 10, 1877",1877-02-10
"March 12, 6862",6862-03-12
"September 16, 8271",8271-09-16
"June 10, 2309",2309-06-10
"April 5, 7093",7093-04-05
"February 3, 6856",6856-02-03
"September 19, 3226",3226-09-19
"November 28, 9913",9913-11-28
"February 4, 5012",5012-02-04
"November 24, 5031",5031-11-24
"December 10, 9352",9352-12-10
"January 8, 8412",8412-01-08
"January 6, 2696",2696-01-06
"March 22, 3713",3713-03-22
"July 26, 2180",2180-07-26
"September 16, 2681",2681-09-16
"June 11, 3939",3939-06-11
"May 23, 3265",3265-05-23
"May 24, 2992",2992-05-24
"September 20, 7917",7917-09-20
"July 2, 2755",2755-07-02
"January 8, 9730",9730-01-08
"October 24, 9717",9717-10-24
"August 13, 8527",8527-08-13
"April 30, 1865",1865-04-30
"April 12, 3034",3034-04-12
"February 2, 9875",9875-02-02
"February 15, 8211",8211-02-15
"April 2, 6674",6674-04-02
"November 11, 6327",6327-11-11
"October 7, 9663",9663-10-07
"September 20, 7473",7473-09-20
"February 19, 9726",9726-02-19
"May 22, 7654",7654-05-22
"January 21, 6155",6155-01-21
"November 15, 8821",8821-11-15
"May 29, 7482",7482-05-29
"November 15, 8383",8383-11-15
"July 10, 8295",8295-07-10
"October 8, 8171",8171-10-08
"August 8, 4711",4711-08-08
"September 22, 8202",8202-09-22
"June 2, 4630",4630-06-02
"July 16, 2733",2733-07-16
"January 24, 6050",6050-01-24
"March 4, 1784",1784-03-04
"November 28, 6384",6384-11-28
"February 23, 6078",6078-02-23
"August 2, 8250",8250-08-02
"June 21, 4477",4477-06-21
"March 31, 4154",4154-03-31
"August 21, 7791",7791-08-21
"January 21, 1645",1645-01-21
"July 27, 5041",5041-07-27
"January 23, 6826",6826-01-23
"December 24, 1851",1851-12-24
"August 8, 4564",4564-08-08
"June 23, 6302",6302-06-23
"August 9, 6189",6189-08-09
"November 14, 1431",1431-11-14
"April 21, 1653",1653-04-21
"June 10, 5234",5234-06-10
"September 6, 4296",4296-09-06
"February 24, 1881",1881-02-24
"February 7, 8403",8403-02-07
"December 5, 2036",2036-12-05
"July 9, 8062",8062-07-09
"March 9, 7822",7822-03-09
"December 21, 6822",6822-12-21
"April 2, 5415",5415-04-02
"August 9, 6313",6313-08-09
"April 11, 7664",7664-04-11
"July 22, 7365",7365-07-22
"June 26, 9485",9485-06-26
"February 2, 1471",1471-02-02
"July 26, 6164",6164-07-26
"September 7, 7564",7564-09-07
"June 13, 8485",8485-06-13
"September 2, 3161",3161-09-02
"April 15, 4692",4692-04-15
"August 28, 7947",7947-08-28
"December 9, 6461",6461-12-09
"July 5, 6757",6757-07-05
"June 7, 2732",2732-06-07
"July 15, 1710",1710-07-15
"August 19, 6173",6173-08-19
"July 29, 2188",2188-07-29
"November 28, 4943",4943-11-28
"December 4, 9202",9202-12-04
"May 28, 1968",1968-05-28
"January 17, 6794",6794-01-17
"November 16, 8419",8419-11-16
"August 7, 2981",2981-08-07
"June 29, 1449",1449-06-29
"December 29, 3844",3844-12-29
"January 21, 9126",9126-01-21
"January 18, 6027",6027-01-18
"February 24, 6046",6046-02-24
"March 15, 7018",7018-03-15
"January 15, 7003",7003-01-15
"October 9, 8002",8002-10-09
"December 24, 2822",2822-12-24
"November 12, 5178",5178-11-12
"September 8, 5281",5281-09-08
"August 22, 4248",4248-08-22
"December 10, 5448",5448-12-10
"February 24, 5694",5694-02-24
"August 27, 9893",9893-08-27
"September 4, 4885",4885-09-04
"March 14, 8796",8796-03-14
"November 22, 7865",7865-11-22
"May 6, 1601",1601-05-06
"November 10, 8244",8244-11-10
"May 28, 8433",8433-05-28
"December 26, 4842",4842-12-26
"November 27, 1756",1756-11-27
"January 16, 4786",4786-01-16
"April 8, 2085",2085-04-08
"June 9, 7407",7407-06-09
"April 1, 8790",8790-04-01
"February 26, 5439",5439-02-26
"January 13, 4263",4263-01-13
"October 27, 3893",3893-10-27
"January 29, 9311",9311-01-29
"September 24, 8539",8539-09-24
"March 9, 7921",7921-03-09
"October 31, 2726",2726-10-31
"March 14, 4828",4828-03-14
"December 10, 1935",1935-12-10
"December 15, 7691",7691-12-15
"August 31, 8620",8620-08-31
"February 10, 2624",2624-02-10
"March 17, 5017",5017-03-17
"August 1, 4562",4562-08-01
"November 17, 8533",8533-11-17
"January 28, 9021",9021-01-28
"September 16, 8603",8603-09-16
"February 4, 5501",5501-02-04
"October 30, 2480",2480-10-30
"March 23, 7833",7833-03-23
"December 24, 9139",9139-12-24
"November 18, 1972",1972-11-18
"February 13, 4555",4555-02-13
"June 13, 7418",7418-06-13
"August 22, 5325",5325-08-22
"August 18, 8389",8389-08-18
"February 6, 4772",4772-02-06
"July 14, 2467",2467-07-14
"May 11, 8695",8695-05-11
"January 15, 9071",9071-01-15
"October 21, 9483",9483-10-21
"January 13, 8871",8871-01-13
"November 24, 7044",7044-11-24
"March 6, 2073",2073-03-06
"September 13, 8418",8418-09-13
"April 5, 8699",8699-04-05
"March 28, 5862",5862-03-28
"April 15, 6839",6839-04-15
"February 5, 5155",5155-02-05
"May 9, 1209",1209-05-09
"December 7, 5163",5163-12-07
"November 25, 4546",4546-11-25
"January 26, 3070",3070-01-26
"September 16, 3459",3459-09-16
"April 28, 4924",4924-04-28
"March 30, 9798",9798-03-30
"February 24, 6584",6584-02-24
"November 30, 3204",3204-11-30
"July 14, 3601",3601-07-14
"September 30, 2579",2579-09-30
"May 2, 2779",2779-05-02
"February 18, 1886",1886-02-18
"October 5, 4396",4396-10-05
"June 18, 2161",2161-06-18
"February 10, 6830",6830-02-10
"June 5, 9852",9852-06-05
"July 9, 7198",7198-07-09
"April 21, 9482",9482-04-21
"June 27, 7046",7046-06-27
"June 24, 1433",1433-06-24
"May 5, 8601",8601-05-05
"April 10, 4867",4867-04-10
"December 25, 9799",9799-12-25
"March 26, 8097",8097-03-26
"December 1, 2504",2504-12-01
"July 20, 7858",7858-07-20
"February 8, 5326",5326-02-08
"May 19, 2771",2771-05-19
"March 9, 2863",2863-03-09
"October 6, 3076",3076-10-06
"May 16, 8956",8956-05-16
"December 28, 9854",9854-12-28
"April 12, 8174",8174-04-12
"December 27, 2900",2900-12-27
"October 14, 9281",9281-10-14
"January 27, 6026",6026-01-27
"October 1, 1501",1501-10-01
"February 21, 5718",5718-02-21
"June 23, 5183",5183-06-23
"February 3, 8767",8767-02-03
"June 12, 9263",9263-06-12
"September 15, 3727",3727-09-15
"January 3, 6101",6101-01-03
"November 4, 8011",8011-11-04
"January 2, 4272",4272-01-02
"March 3, 9640",9640-03-03
"November 27, 9595",9595-11-27
"April 26, 6155",6155-04-26
"March 14, 3687",3687-03-14
"May 19, 7132",7132-05-19
"July 9, 3746",3746-07-09
"October 23, 4553",4553-10-23
"December 30, 6385",6385-12-30
"January 3, 3228",3228-01-03
"February 22, 5224",5224-02-22
"June 1, 8789",8789-06-01
"June 24, 7550",7550-06-24
"August 26, 6059",6059-08-26
"October 4, 6301",6301-10-04
"December 9, 9835",9835-12-09
"October 5, 4235",4235-10-05
"September 5, 9935",9935-09-05
"April 11, 5385",5385-04-11
"March 10, 6775",6775-03-10
"February 22, 7057",7057-02-22
"September 28, 5807",5807-09-28
"January 5, 2861",2861-01-05
"April 1, 3293",3293-04-01
"September 22, 7943",7943-09-22
"April 25, 2589",2589-04-25
"December 10, 3870",3870-12-10
"March 19, 1599",1599-03-19
"January 20, 8363",8363-01-20
"December 2, 6518",6518-12-02
"November 9, 5262",5262-11-09
"February 18, 7368",7368-02-18
"February 6, 2178",2178-02-06
"June 15, 9169",9169-06-15
"July 3, 6924",6924-07-03
"October 2, 2431",2431-10-02
"July 21, 4273",4273-07-21
"March 11, 1963",1963-03-11
"May 4, 9763",9763-05-04
"December 18, 2840",2840-12-18
"August 18, 4132",4132-08-18
"October 23, 6159",6159-10-23
"February 22, 6895",6895-02-22
"February 5, 2692",2692-02-05
"October 7, 6023",6023-10-07
"March 15, 2053",2053-03-15
"October 19, 3549",3549-10-19
"July 30, 6180",6180-07-30
"July 3, 5014",5014-07-03
"April 9, 1306",1306-04-09
"July 7, 5764",5764-07-07
"August 1, 1611",1611-08-01
"September 22, 5552",5552-09-22
"November 9, 6764",6764-11-09
"June 6, 5294",5294-06-06
"August 2, 3707",3707-08-02
"August 2, 5434",5434-08-02
"February 16, 1937",1937-02-16
"May 9, 5305",5305-05-09
"July 8, 3578",3578-07-08
"September 12, 1323",1323-09-12
"August 28, 4659",4659-08-28
"October 31, 2137",2137-10-31
"May 22, 9207",9207-05-22
"November 24, 8463",8463-11-24
"May 6, 4850",4850-05-06
"March 5, 2677",2677-03-05
"February 21, 2580",2580-02-21
"November 11, 1439",1439-11-11
"May 31, 4294",4294-05-31
"June 28, 6425",6425-06-28
"June 3, 8993",8993-06-03
"November 3, 2593",2593-11-03
"March 29, 9714",9714-03-29
"February 9, 9102",9102-02-09
"January 30, 6387",6387-01-30
"July 26, 6151",6151-07-26
"June 3, 8066",8066-06-03
"April 21, 1060",1060-04-21
"October 19, 1909",1909-10-19
"March 27, 1218",1218-03-27
"December 7, 3938",3938-12-07
"June 30, 3476",3476-06-30
"January 10, 2717",2717-01-10
"April 4, 7302",7302-04-04
"April 14, 9351",9351-04-14
"February 23, 7992",7992-02-23
"September 22, 7060",7060-09-22
"June 30, 5860",5860-06-30
"October 29, 2276",2276-10-29
"April 8, 9913",9913-04-08
"June 13, 4308",4308-06-13
"December 20, 3728",3728-12-20
"April 21, 4458",4458-04-21
"April 6, 2399",2399-04-06
"May 3, 1548",1548-05-03
"February 23, 3738",3738-02-23
"February 11, 5821",5821-02-11
"June 23, 8337",8337-06-23
"February 12, 8152",8152-02-12
"April 26, 6249",6249-04-26
"April 3, 1721",1721-04-03
"January 18, 2273",2273-01-18
"November 6, 6739",6739-11-06
"September 20, 7852",7852-09-20
"November 2, 7155",7155-11-02
"September 26, 1188",1188-09-26
"February 16, 8257",8257-02-16
"May 18, 6918",6918-05-18
"August 16, 7603",7603-08-16
"April 29, 3778",3778-04-29
"June 27, 9251",9251-06-27
"October 12, 2648",2648-10-12
"November 9, 4344",4344-11-09
"March 20, 5929",5929-03-20
"December 19, 1017",1017-12-19
"March 27, 8060",8060-03-27
"August 9, 5051",5051-08-09
"July 19, 3762",3762-07-19
"April 14, 7553",7553-04-14
"September 14, 5783",5783-09-14
"January 16, 3151",3151-01-16
"May 21, 8629",8629-05-21
"July 10, 8673",8673-07-10
"February 27, 1983",1983-02-27
"July 1, 7011",7011-07-01
"January 13, 5141",5141-01-13
"March 15, 1777",1777-03-15
"January 24, 7041",7041-01-24
"January 11, 7248",7248-01-11
"December 15, 6825",6825-12-15
"May 5, 6829",6829-05-05
"September 1, 7363",7363-09-01
"July 6, 1233",1233-07-06
"October 27, 5483",5483-10-27
"November 7, 6398",6398-11-07
"December 7, 1499",1499-12-07
"October 19, 8299",8299-10-19
"October 18, 5442",5442-10-18
"November 10, 5286",5286-11-10
"October 28, 3912",3912-10-28
"November 23, 9581",9581-11-23
"July 9, 1186",1186-07-09
"September 24, 5100",5100-09-24
"October 30, 1775",1775-10-30
"July 31, 4959",4959-07-31
"December 30, 3768",3768-12-30
"October 24, 9416",9416-10-24
"December 7, 8545",8545-12-07
"August 30, 8214",8214-08-30
"June 8, 2190",2190-06-08
"August 17, 9859",9859-08-17
"May 9, 7682",7682-05-09
"August 9, 9442",9442-08-09
"May 29, 9689",9689-05-29
"July 8, 4818",4818-07-08
"January 10, 2532",2532-01-10
"February 19, 1509",1509-02-19
"September 1, 5045",5045-09-01
"March 18, 7270",7270-03-18
"September 30, 4887",4887-09-30
"August 14, 8381",8381-08-14
"August 29, 3010",3010-08-29
"May 17, 9947",9947-05-17
"August 18, 8862",8862-08-18
"July 21, 6335",6335-07-21
"July 31, 8985",8985-07-31
"April 8, 6495",6495-04-08
"August 12, 8254",8254-08-12
"March 18, 3093",3093-03-18
"August 5, 2548",2548-08-05
"August 15, 1724",1724-08-15
"October 14, 9222",9222-10-14
"June 22, 9913",9913-06-22
"October 26, 6255",6255-10-26
"September 16, 1424",1424-09-16
"October 13, 4369",4369-10-13
"December 29, 3314",3314-12-29
"January 21, 1503",1503-01-21
"August 20, 3290",3290-08-20
"March 26, 1481",1481-03-26
"March 7, 4624",4624-03-07
"October 16, 4560",4560-10-16
"June 20, 6918",6918-06-20
"January 19, 5573",5573-01-19
"December 15, 7235",7235-12-15
"May 4, 6436",6436-05-04
"December 16, 3908",3908-12-16
"July 16, 1420",1420-07-16
"July 3, 9650",9650-07-03
"October 3, 8428",8428-10-03
"July 23, 3194",3194-07-23
"August 3, 4285",4285-08-03
"May 10, 5099",5099-05-10
"November 19, 9966",9966-11-19
"December 18, 1548",1548-12-18
"March 2, 8530",8530-03-02
"September 12, 4811",4811-09-12
"July 7, 4137",4137-07-07
"June 4, 2429",2429-06-04
"March 11, 5226",5226-03-11
"October 12, 6017",6017-10-12
"September 11, 5593",5593-09-11
"November 11, 9535",9535-11-11
"October 7, 6049",6049-10-07
"January 30, 5440",5440-01-30
"May 13, 4893",4893-05-13
"May 4, 3145",3145-05-04
"March 17, 6698",6698-03-17
"June 13, 8947",8947-06-13
"May 15, 6713",6713-05-15
"June 21, 5218",5218-06-21
"March 1, 6963",6963-03-01
"December 1, 4062",4062-12-01
"September 5, 1948",1948-09-05
"July 10, 9349",9349-07-10
"October 16, 5874",5874-10-16
"May 15, 1906",1906-05-15
"December 5, 5944",5944-12-05
"May 6, 7918",7918-05-06
"April 17, 3072",3072-04-17
"January 7, 7264",7264-01-07
"July 2, 4373",4373-07-02
"September 1, 4688",4688-09-01
"March 12, 2178",2178-03-12
"June 26, 1919",1919-06-26
"September 15, 4765",4765-09-15
"September 28, 8589",8589-09-28
"January 6, 4395",4395-01-06
"September 6, 4519",4519-09-06
"September 22, 6120",6120-09-22
"April 11, 7920",7920-04-11
"May 13, 9241",9241-05-13
"May 9, 5893",5893-05-09
"September 7, 2913",2913-09-07
"December 29, 8920",8920-12-29
"September 2, 6097",6097-09-02
"January 11, 5037",5037-01-11
"August 31, 6134",6134-08-31
"May 23, 1486",1486-05-23
"June 16, 9346",9346-06-16
"August 27, 5048",5048-08-27
"September 19, 8060",8060-09-19
"September 9, 5994",5994-09-09
"November 20, 4152",4152-11-20
"June 3, 8343",8343-06-03
"September 5, 1658",1658-09-05
"September 29, 1861",1861-09-29
"August 15, 8707",8707-08-15
"December 13, 8320",8320-12-13
"October 5, 5664",5664-10-05
"February 16, 5172",5172-02-16
"January 30, 6892",6892-01-30
"July 17, 9611",9611-07-17
"February 2, 8802",8802-02-02
"March 23, 2837",2837-03-23
"August 10, 1357",1357-08-10
"August 17, 2639",2639-08-17
"February 18, 7977",7977-02-18
"November 29, 8786",8786-11-29
"April 14, 9972",9972-04-14
"October 23, 6031",6031-10-23
"August 14, 1399",1399-08-14
"July 30, 2449",2449-07-30
"January 31, 1772",1772-01-31
"January 30, 3710",3710-01-30
"March 4, 9940",9940-03-04
"October 20, 8408",8408-10-20
"October 10, 5206",5206-10-10
"October 19, 5158",5158-10-19
"July 20, 5396",5396-07-20
"January 8, 7514",7514-01-08
"November 25, 1371",1371-11-25
"September 4, 7948",7948-09-04
"January 10, 2762",2762-01-10
"February 1, 8798",8798-02-01
"September 27, 6166",6166-09-27
"January 5, 5260",5260-01-05
"January 22, 5272",5272-01-22
"January 10, 6098",6098-01-10
"December 20, 9762",9762-12-20
"December 3, 1882",1882-12-03
"September 12, 7590",7590-09-12
"March 28, 2581",2581-03-28
"February 11, 7080",7080-02-11
"November 29, 5213",5213-11-29
"November 14, 5570",5570-11-14
"April 14, 4610",4610-04-14
"April 22, 8459",8459-04-22
"May 14, 4200",4200-05-14
"June 12, 3866",3866-06-12
"October 20, 2302",2302-10-20
"July 30, 1297",1297-07-30
"March 17, 9448",9448-03-17
"July 4, 3136",3136-07-04
"October 31, 6730",6730-10-31
"August 3, 6945",6945-08-03
"January 6, 5444",5444-01-06
"January 13, 7450",7450-01-13
"April 28, 2352",2352-04-28
"February 21, 4006",4006-02-21
"May 24, 9899",9899-05-24
"January 25, 3989",3989-01-25
"November 24, 9084",9084-11-24
"October 30, 6124",6124-10-30
"January 17, 3464",3464-01-17
"July 24, 8026",8026-07-24
"June 16, 4279",4279-06-16
"May 28, 8969",8969-05-28
"October 2, 6640",6640-10-02
"October 8, 3298",3298-10-08
"April 27, 2408",2408-04-27
"August 27, 2558",2558-08-27
"May 21, 1850",1850-05-21
"January 31, 6191",6191-01-31
"September 20, 2982",2982-09-20
"January 25, 9192",9192-01-25
"June 27, 6111",6111-06-27
"February 27, 2008",2008-02-27
"January 5, 8831",8831-01-05
"January 9, 4670",4670-01-09
"March 20, 8669",8669-03-20
"September 12, 4989",4989-09-12
"February 3, 9148",9148-02-03
"September 26, 1745",1745-09-26
"December 16, 7315",7315-12-16
"February 1, 7226",7226-02-01
"May 30, 4334",4334-05-30
"August 2, 4444",4444-08-02
"September 23, 2808",2808-09-23
"February 21, 9174",9174-02-21
"May 11, 9148",9148-05-11
"January 18, 9041",9041-01-18
"February 7, 8323",8323-02-07
"March 12, 2999",2999-03-12
"March 29, 5151",5151-03-29
"May 10, 6842",6842-05-10
"February 8, 3575",3575-02-08
"September 6, 2393",2393-09-06
"December 25, 3307",3307-12-25
"October 22, 2594",2594-10-22
"August 3, 3718",3718-08-03
"February 27, 6673",6673-02-27
"November 2, 1301",1301-11-02
"May 25, 5144",5144-05-25
"March 3, 7362",7362-03-03
"October 25, 7571",7571-10-25
"June 7, 5236",5236-06-07
"July 6, 6367",6367-07-06
"November 25, 7334",7334-11-25
"March 29, 2490",2490-03-29
"May 19, 8027",8027-05-19
"January 24, 1990",1990-01-24
"January 10, 1755",1755-01-10
"October 11, 4551",4551-10-11
"April 25, 5572",5572-04-25
"December 27, 9232",9232-12-27
"March 22, 9255",9255-03-22
"October 20, 6496",6496-10-20
"November 20, 7036",7036-11-20
"May 31, 5717",5717-05-31
"October 15, 9832",9832-10-15
"October 11, 5701",5701-10-11
"December 8, 7601",7601-12-08
"December 4, 1846",1846-12-04
"March 16, 2439",2439-03-16
"August 16, 4640",4640-08-16
"May 15, 8376",8376-05-15
"September 7, 1851",1851-09-07
"May 2, 6167",6167-05-02
"June 14, 6349",6349-06-14
"February 9, 8810",8810-02-09
"March 1, 6941",6941-03-01
"April 10, 4956",4956-04-10
"September 29, 2473",2473-09-29
"March 28, 9960",9960-03-28
"December 16, 7330",7330-12-16
"February 24, 8347",8347-02-24
"November 28, 7749",7749-11-28
"August 5, 3089",3089-08-05
"November 28, 9816",9816-11-28
"October 6, 2481",2481-10-06
"January 9, 5968",5968-01-09
"September 11, 6774",6774-09-11
"May 4, 1636",1636-05-04
"October 26, 2425",2425-10-26
"September 7, 6949",6949-09-07
"March 4, 2757",2757-03-04
"June 12, 4492",4492-06-12
"November 9, 2890",2890-11-09
"December 19, 2859",2859-12-19
"April 25, 4705",4705-04-25
"September 12, 9145",9145-09-12
"March 19, 3589",3589-03-19
"August 5, 4973",4973-08-05
"October 28, 6958",6958-10-28
"November 25, 4261",4261-11-25
"August 7, 1905",1905-08-07
"November 8, 3877",3877-11-08
"April 3, 3254",3254-04-03
"October 1, 8292",8292-10-01
"August 26, 7325",7325-08-26
"September 10, 4151",4151-09-10
"May 29, 2437",2437-05-29
"July 7, 8177",8177-07-07
"July 9, 4477",4477-07-09
"November 9, 8055",8055-11-09
"April 5, 7126",7126-04-05
"November 23, 2072",2072-11-23
"May 11, 6771",6771-05-11
"November 8, 8360",8360-11-08
"July 20, 2936",2936-07-20
"February 6, 7796",7796-02-06
"December 2, 7667",7667-12-02
"September 16, 2770",2770-09-16
"January 1, 2966",2966-01-01
"August 19, 8564",8564-08-19
"April 12, 8171",8171-04-12
"June 20, 9275",9275-06-20
"March 8, 7949",7949-03-08
"February 3, 4877",4877-02-03
"May 16, 7472",7472-05-16
"January 22, 1473",1473-01-22
"October 31, 1325",1325-10-31
"September 25, 1932",1932-09-25
"January 25, 1522",1522-01-25
"March 17, 8366",8366-03-17
"February 15, 9854",9854-02-15
"June 2, 7623",7623-06-02
"March 17, 4039",4039-03-17
"April 29, 8477",8477-04-29
"November 4, 3420",3420-11-04
"June 19, 9807",9807-06-19
"March 16, 7570",7570-03-16
"December 3, 5783",5783-12-03
"February 12, 8098",8098-02-12
"December 6, 8337",8337-12-06
"October 17, 1347",1347-10-17
"April 13, 6719",6719-04-13
"February 10, 8202",8202-02-10
"March 14, 7265",7265-03-14
"June 24, 4326",4326-06-24
"June 2, 8371",8371-06-02
"February 17, 4469",4469-02-17
"December 14, 6545",6545-12-14
"February 1, 3812",3812-02-01
"March 3, 8866",8866-03-03
"May 30, 5663",5663-05-30
"August 14, 4415",4415-08-14
"April 29, 6208",6208-04-29
"December 30, 1837",1837-12-30
"October 10, 8907",8907-10-10
"January 7, 1688",1688-01-07
"May 3, 2815",2815-05-03
"April 5, 6048",6048-04-05
"November 2, 5772",5772-11-02
"December 14, 6560",6560-12-14
"June 23, 6333",6333-06-23
"December 3, 3342",3342-12-03
"August 23, 4906",4906-08-23
"August 27, 7966",7966-08-27
"November 2, 2649",2649-11-02
"July 30, 4589",4589-07-30
"May 27, 9249",9249-05-27
"November 28, 4666",4666-11-28
"April 8, 9431",9431-04-08
"February 7, 4966",4966-02-07
"September 16, 5578",5578-09-16
"September 1, 2501",2501-09-01
"March 9, 9735",9735-03-09
"February 21, 5255",5255-02-21
"November 1, 6913",6913-11-01
"October 14, 7449",7449-10-14
"May 18, 2219",2219-05-18
"August 9, 4664",4664-08-09
"January 10, 3776",3776-01-10
"October 16, 6356",6356-10-16
"December 30, 2406",2406-12-30
"July 17, 4071",4071-07-17
"December 27, 6162",6162-12-27
"January 3, 3847",3847-01-03
"October 14, 2617",2617-10-14
"October 1, 2111",2111-10-01
"February 17, 1581",1581-02-17
"September 7, 4332",4332-09-07
"June 7, 5411",5411-06-07
"October 4, 8066",8066-10-04
"September 13, 5801",5801-09-13
"January 16, 3851",3851-01-16
"December 5, 2833",2833-12-05
"February 24, 4760",4760-02-24
"December 8, 7633",7633-12-08
"February 27, 9281",9281-02-27
"February 5, 4591",4591-02-05
"December 25, 3179",3179-12-25
"May 24, 9763",9763-05-24
"October 29, 2829",2829-10-29
"November 22, 6721",6721-11-22
"November 26, 6910",6910-11-26
"September 22, 6360",6360-09-22
"July 26, 6727",6727-07-26
"February 28, 4543",4543-02-28
"August 12, 6711",6711-08-12
"February 23, 1266",1266-02-23
"February 2, 2034",2034-02-02
"November 5, 5515",5515-11-05
"April 30, 6804",6804-04-30
"August 30, 6250",6250-08-30
"June 8, 3764",3764-06-08
"August 21, 3470",3470-08-21
"November 24, 7698",7698-11-24
"July 6, 5052",5052-07-06
"October 10, 1558",1558-10-10
"May 21, 1580",1580-05-21
"December 28, 4230",4230-12-28
"March 5, 6683",6683-03-05
"September 4, 7861",7861-09-04
"April 9, 8513",8513-04-09
"December 20, 8722",8722-12-20
"January 15, 6404",6404-01-15
"June 4, 4281",4281-06-04
"February 25, 7163",7163-02-25
"November 27, 1093",1093-11-27
"June 16, 2234",2234-06-16
"August 11, 5948",5948-08-11
"January 21, 2538",2538-01-21
"February 7, 4037",4037-02-07
"June 3, 9354",9354-06-03
"June 13, 5200",5200-06-13
"November 2, 9771",9771-11-02
"October 25, 5630",5630-10-25
"April 14, 5202",5202-04-14
"July 20, 1519",1519-07-20
"February 16, 5600",5600-02-16
"June 23, 1587",1587-06-23
"November 23, 7548",7548-11-23
"September 9, 7451",7451-09-09
"May 7, 3235",3235-05-07
"January 31, 5163",5163-01-31
"December 31, 7352",7352-12-31
"March 12, 4314",4314-03-12
"May 30, 1844",1844-05-30
"September 6, 5436",5436-09-06
"September 4, 6790",6790-09-04
"September 12, 6171",6171-09-12
"February 14, 9778",9778-02-14
"May 7, 7314",7314-05-07
"March 16, 4212",4212-03-16
"January 24, 8157",8157-01-24
"June 8, 8813",8813-06-08
"December 25, 8016",8016-12-25
"May 19, 2364",2364-05-19
"July 9, 2477",2477-07-09
"April 3, 2110",2110-04-03
"June 10, 5523",5523-06-10
"August 31, 5285",5285-08-31
"December 3, 4893",4893-12-03
"December 5, 7405",7405-12-05
"June 26, 5198",5198-06-26
"September 23, 9669",9669-09-23
"September 17, 2656",2656-09-17
"November 26, 3285",3285-11-26
"June 15, 7918",7918-06-15
"July 26, 6846",6846-07-26
"May 17, 5609",5609-05-17
"September 14, 6742",6742-09-14
"April 10, 1462",1462-04-10
"April 1, 1520",1520-04-01
"November 16, 1446",1446-11-16
"September 3, 2573",2573-09-03
"August 13, 9194",9194-08-13
"July 5, 4824",4824-07-05
"April 17, 6440",6440-04-17
"October 26, 6963",6963-10-26
"November 18, 6247",6247-11-18
"May 19, 2710",2710-05-19
"January 23, 7962",7962-01-23
"November 14, 6919",6919-11-14
"March 11, 2605",2605-03-11
"March 27, 4766",4766-03-27
"March 28, 8040",8040-03-28
"November 16, 4657",4657-11-16
"February 9, 2866",2866-02-09
"July 16, 5512",5512-07-16
"August 27, 8079",8079-08-27
"January 22, 9490",9490-01-22
"April 16, 4436",4436-04-16
"February 8, 7818",7818-02-08
"October 13, 4862",4862-10-13
"October 23, 6825",6825-10-23
"May 11, 6853",6853-05-11
"March 10, 7113",7113-03-10
"March 18, 6625",6625-03-18
"November 24, 9138",9138-11-24
"May 28, 7464",7464-05-28
"September 5, 4442",4442-09-05
"June 25, 6453",6453-06-25
"January 20, 1191",1191-01-20
"January 29, 5230",5230-01-29
"October 30, 4803",4803-10-30
"September 25, 8737",8737-09-25
"August 28, 2258",2258-08-28
"May 22, 5783",5783-05-22
"January 5, 7703",7703-01-05
"April 3, 4533",4533-04-03
"May 6, 9329",9329-05-06
"March 25, 8901",8901-03-25
"March 9, 8226",8226-03-09
"January 3, 1306",1306-01-03
"September 6, 7854",7854-09-06
"January 4, 6450",6450-01-04
"April 1, 4049",4049-04-01
"July 21, 8528",8528-07-21
"July 27, 9990",9990-07-27
"February 23, 9913",9913-02-23
"December 23, 7642",7642-12-23
"May 1, 7633",7633-05-01
"January 7, 3613",3613-01-07
"April 12, 9284",9284-04-12
"September 29, 1589",1589-09-29
"December 16, 7700",7700-12-16
"April 16, 6517",6517-04-16
"February 4, 2958",2958-02-04
"January 31, 7020",7020-01-31
"June 27, 8223",8223-06-27
"October 14, 9281",9281-10-14
"October 22, 8116",8116-10-22
"April 12, 9895",9895-04-12
"December 16, 5365",5365-12-16
"December 31, 2696",2696-12-31
"March 16, 8817",8817-03-16
"April 17, 3781",3781-04-17
"July 18, 1362",1362-07-18
"March 6, 7575",7575-03-06
"July 6, 9044",9044-07-06
"December 31, 2261",2261-12-31
"November 23, 3190",3190-11-23
"June 21, 1217",1217-06-21
"September 18, 6064",6064-09-18
"April 29, 4602",4602-04-29
"February 10, 5809",5809-02-10
"December 24, 2738",2738-12-24
"April 11, 5742",5742-04-11
"June 10, 8929",8929-06-10
"May 31, 3341",3341-05-31
"August 13, 5712",5712-08-13
"September 14, 6762",6762-09-14
"June 26, 9899",9899-06-26
"December 23, 8021",8021-12-23
"September 26, 6415",6415-09-26
"January 27, 9450",9450-01-27
"March 16, 9353",9353-03-16
"March 20, 1715",1715-03-20
"November 7, 9104",9104-11-07
"September 7, 2585",2585-09-07
"May 11, 6956",6956-05-11
"January 12, 3381",3381-01-12
"January 3, 7441",7441-01-03
"September 29, 4732",4732-09-29
"October 4, 8604",8604-10-04
"June 5, 6493",6493-06-05
"May 18, 7034",7034-05-18
"April 24, 5327",5327-04-24
"January 6, 4603",4603-01-06
"October 4, 2988",2988-10-04
"August 7, 6278",6278-08-07
"March 24, 7122",7122-03-24
"February 25, 4931",4931-02-25
"March 10, 7273",7273-03-10
"June 30, 5068",5068-06-30
"June 1, 8761",8761-06-01
"March 26, 9865",9865-03-26
"October 26, 9278",9278-10-26
"June 4, 8817",8817-06-04
"July 7, 8387",8387-07-07
"September 28, 8961",8961-09-28
"November 1, 4035",4035-11-01
"November 19, 8005",8005-11-19
"February 20, 6560",6560-02-20
"November 21, 3207",3207-11-21
"December 7, 3830",3830-12-07
"January 2, 4204",4204-01-02
"November 8, 7408",7408-11-08
"November 7, 4427",4427-11-07
"April 15, 3582",3582-04-15
"September 9, 4417",4417-09-09
"November 14, 9855",9855-11-14
"October 25, 4318",4318-10-25
"October 23, 9094",9094-10-23
"April 19, 3380",3380-04-19
"June 14, 8926",8926-06-14
"October 25, 9095",9095-10-25
"July 11, 6615",6615-07-11
"October 10, 4640",4640-10-10
"November 17, 6509",6509-11-17
"July 10, 5005",5005-07-10
"June 4, 7436",7436-06-04
"April 25, 9287",9287-04-25
"April 13, 4140",4140-04-13
"November 12, 4304",4304-11-12
"July 23, 2399",2399-07-23
"August 3, 7585",7585-08-03
"January 26, 8770",8770-01-26
"October 17, 7237",7237-10-17
"April 5, 5360",5360-04-05
"August 30, 5530",5530-08-30
"May 24, 4963",4963-05-24
"July 28, 9877",9877-07-28
"January 28, 2682",2682-01-28
"June 13, 4335",4335-06-13
"January 28, 1483",1483-01-28
"January 15, 4303",4303-01-15
"December 3, 9200",9200-12-03
"July 19, 1907",1907-07-19
"July 3, 4977",4977-07-03
"January 28, 6080",6080-01-28
"December 6, 8532",8532-12-06
"November 26, 3944",3944-11-26
"February 23, 9582",9582-02-23
"July 25, 6501",6501-07-25
"May 5, 3457",3457-05-05
"June 21, 3320",3320-06-21
"October 27, 7184",7184-10-27
"August 2, 4113",4113-08-02
"December 31, 7453",7453-12-31
"July 25, 8994",8994-07-25
"March 14, 4119",4119-03-14
"May 22, 2576",2576-05-22
"April 26, 2254",2254-04-26
"March 13, 8070",8070-03-13
"February 9, 9508",9508-02-09
"December 8, 7738",7738-12-08
"October 28, 3747",3747-10-28
"April 17, 3784",3784-04-17
"December 21, 1582",1582-12-21
"February 12, 8692",8692-02-12
"April 11, 7098",7098-04-11
"July 12, 3591",3591-07-12
"November 29, 8325",8325-11-29
"October 21, 3673",3673-10-21
"October 15, 1602",1602-10-15
"August 20, 2150",2150-08-20
"March 12, 5746",5746-03-12
"December 18, 4792",4792-12-18
"November 11, 9237",9237-11-11
"November 26, 6424",6424-11-26
"August 14, 2154",2154-08-14
"July 19, 8822",8822-07-19
"March 8, 9851",9851-03-08
"August 14, 2578",2578-08-14
"July 3, 1059",1059-07-03
"January 14, 7320",7320-01-14
"September 25, 2813",2813-09-25
"October 7, 5672",5672-10-07
"July 26, 8497",8497-07-26
"October 1, 6462",6462-10-01
"November 1, 6482",6482-11-01
"July 15, 8470",8470-07-15
"June 22, 3290",3290-06-22
"August 3, 9680",9680-08-03
"August 12, 4298",4298-08-12
"March 1, 4688",4688-03-01
"August 7, 4277",4277-08-07
"March 30, 8417",8417-03-30
"May 26, 1679",1679-05-26
"September 29, 9827",9827-09-29
"May 2, 2027",2027-05-02
"September 30, 8490",8490-09-30
"February 15, 7593",7593-02-15
"September 23, 3666",3666-09-23
"June 26, 7145",7145-06-26
"October 16, 9482",9482-10-16
"January 3, 9304",9304-01-03
"April 27, 1428",1428-04-27
"May 18, 3010",3010-05-18
"October 30, 5798",5798-10-30
"September 10, 3018",3018-09-10
"April 25, 1417",1417-04-25
"December 7, 5558",5558-12-07
"October 18, 6688",6688-10-18
"July 14, 3139",3139-07-14
"April 7, 9601",9601-04-07
"February 17, 4324",4324-02-17
"April 1, 1430",1430-04-01
"June 4, 1106",1106-06-04
"August 15, 4426",4426-08-15
"April 4, 7522",7522-04-04
"February 17, 7922",7922-02-17
"March 14, 2232",2232-03-14
"June 30, 4847",4847-06-30
"October 19, 4267",4267-10-19
"July 28, 6217",6217-07-28
"August 2, 8364",8364-08-02
"January 20, 7239",7239-01-20
"January 27, 7021",7021-01-27
"November 25, 6671",6671-11-25
"February 6, 2541",2541-02-06
"March 9, 6790",6790-03-09
"July 28, 6374",6374-07-28
"February 26, 4133",4133-02-26
"March 4, 3214",3214-03-04
"August 4, 2293",2293-08-04
"June 13, 4797",4797-06-13
"January 8, 2866",2866-01-08
"November 22, 9395",9395-11-22
"December 30, 6269",6269-12-30
"August 28, 8444",8444-08-28
"May 2, 3954",3954-05-02
"February 8, 9252",9252-02-08
"March 29, 3138",3138-03-29
"September 27, 1161",1161-09-27
"January 14, 9459",9459-01-14
"April 7, 4871",4871-04-07
"December 12, 4387",4387-12-12
"March 8, 7520",7520-03-08
"July 25, 8744",8744-07-25
"May 5, 9696",9696-05-05
"March 11, 3218",3218-03-11
"April 27, 3015",3015-04-27
"December 19, 8015",8015-12-19
"November 19, 8334",8334-11-19
"June 29, 5656",5656-06-29
"August 1, 5911",5911-08-01
"April 14, 6917",6917-04-14
"October 14, 4765",4765-10-14
"January 24, 1996",1996-01-24
"January 6, 5603",5603-01-06
"June 23, 8685",8685-06-23
"May 14, 2095",2095-05-14
"December 16, 3121",3121-12-16
"September 25, 2614",2614-09-25
"November 24, 6482",6482-11-24
"February 13, 4716",4716-02-13
"June 23, 3848",3848-06-23
"June 8, 1078",1078-06-08
"October 4, 3994",3994-10-04
"October 27, 5404",5404-10-27
"August 20, 3704",3704-08-20
"February 20, 6130",6130-02-20
"November 7, 9655",9655-11-07
"January 22, 4066",4066-01-22
"April 16, 4785",4785-04-16
"June 6, 4467",4467-06-06
"October 2, 7688",7688-10-02
"April 22, 9301",9301-04-22
"September 14, 7578",7578-09-14
"April 29, 1131",1131-04-29
"July 30, 4003",4003-07-30
"August 25, 8506",8506-08-25
"December 16, 5128",5128-12-16
"June 28, 8955",8955-06-28
"August 10, 3713",3713-08-10
"May 31, 1713",1713-05-31
"August 6, 8668",8668-08-06
"August 25, 2357",2357-08-25
"June 2, 6344",6344-06-02
"April 1, 4523",4523-04-01
"February 15, 2834",2834-02-15
"August 25, 5655",5655-08-25
"August 9, 8878",8878-08-09
"October 2, 6770",6770-10-02
"May 19, 9079",9079-05-19
"July 23, 9840",9840-07-23
"February 25, 4571",4571-02-25
"January 11, 8927",8927-01-11
"May 11, 2348",2348-05-11
"September 19, 8334",8334-09-19
"February 6, 4388",4388-02-06
"September 24, 5220",5220-09-24
"February 13, 8058",8058-02-13
"February 24, 3536",3536-02-24
"May 22, 3516",3516-05-22
"November 8, 2533",2533-11-08
"April 4, 6491",6491-04-04
"February 15, 2759",2759-02-15
"October 19, 6224",6224-10-19
"September 13, 9586",9586-09-13
"January 28, 7956",7956-01-28
"July 25, 5290",5290-07-25
"May 30, 5775",5775-05-30
"October 25, 9060",9060-10-25
"March 14, 7307",7307-03-14
"October 23, 6406",6406-10-23
"February 13, 9697",9697-02-13
"August 24, 7172",7172-08-24
"March 16, 8626",8626-03-16
"February 27, 3508",3508-02-27
"November 25, 9748",9748-11-25
"October 19, 3841",3841-10-19
"October 13, 8812",8812-10-13
"February 20, 9667",9667-02-20
"February 7, 7842",7842-02-07
"March 2, 1940",1940-03-02
"September 19, 7034",7034-09-19
"April 13, 6130",6130-04-13
"May 3, 7065",7065-05-03
"October 12, 9081",9081-10-12
"August 7, 5154",5154-08-07
"November 25, 1896",1896-11-25
"September 12, 7478",7478-09-12
"July 24, 2288",2288-07-24
"March 17, 1709",1709-03-17
"December 28, 7288",7288-12-28
"October 26, 6804",6804-10-26
"June 28, 3321",3321-06-28
"September 7, 7576",7576-09-07
"October 19, 7162",7162-10-19
"November 6, 2720",2720-11-06
"June 24, 2889",2889-06-24
"December 24, 4767",4767-12-24
"May 27, 6975",6975-05-27
"December 4, 6073",6073-12-04
"November 9, 2334",2334-11-09
"April 1, 8812",8812-04-01
"October 2, 3358",3358-10-02
"October 22, 9232",9232-10-22
"August 22, 7696",7696-08-22
"July 7, 6613",6613-07-07
"May 3, 2044",2044-05-03
"December 14, 6860",6860-12-14
"October 2, 6115",6115-10-02
"November 25, 1638",1638-11-25
"January 16, 6207",6207-01-16
"March 14, 2515",2515-03-14
"December 9, 6893",6893-12-09
"July 29, 5770",5770-07-29
"September 12, 6245",6245-09-12
"September 27, 7475",7475-09-27
"January 10, 1663",1663-01-10
"January 5, 7417",7417-01-05
"October 11, 6309",6309-10-11
"October 22, 8725",8725-10-22
"November 25, 4538",4538-11-25
"November 14, 9305",9305-11-14
"January 1, 1250",1250-01-01
"December 4, 5546",5546-12-04
"February 2, 3922",3922-02-02
"August 18, 1034",1034-08-18
"July 13, 9564",9564-07-13
"April 19, 3502",3502-04-19
"February 7, 7641",7641-02-07
"August 24, 1838",1838-08-24
"February 4, 1520",1520-02-04
"July 30, 5865",5865-07-30
"June 8, 4956",4956-06-08
"December 14, 9042",9042-12-14
"March 12, 1732",1732-03-12
"July 7, 7214",7214-07-07
"December 14, 1691",1691-12-14
"August 3, 1792",1792-08-03
"January 31, 6421",6421-01-31
"June 6, 1364",1364-06-06
"November 2, 4296",4296-11-02
"April 9, 5695",5695-04-09
"November 2, 3066",3066-11-02
"July 31, 9830",9830-07-31
"March 19, 2555",2555-03-19
"June 21, 9794",9794-06-21
"January 10, 8367",8367-01-10
"November 17, 9374",9374-11-17
"January 17, 8417",8417-01-17
"April 11, 5827",5827-04-11
"March 1, 5300",5300-03-01
"March 31, 5392",5392-03-31
"October 30, 6150",6150-10-30
"January 9, 5335",5335-01-09
"October 8, 5313",5313-10-08
"July 24, 1921",1921-07-24
"March 18, 8840",8840-03-18
"October 9, 8599",8599-10-09
"February 12, 7193",7193-02-12
"March 16, 2527",2527-03-16
"December 7, 8504",8504-12-07
"August 27, 4993",4993-08-27
"May 4, 2362",2362-05-04
"July 10, 3049",3049-07-10
"September 2, 7169",7169-09-02
"September 26, 5513",5513-09-26
"January 9, 7073",7073-01-09
"May 28, 2462",2462-05-28
"June 11, 9358",9358-06-11
"April 16, 3557",3557-04-16
"November 21, 1039",1039-11-21
"September 3, 9683",9683-09-03
"January 30, 1261",1261-01-30
"April 15, 4426",4426-04-15
"December 17, 6316",6316-12-17
"March 20, 8734",8734-03-20
"October 18, 9257",9257-10-18
"March 14, 7252",7252-03-14
"July 10, 5870",5870-07-10
"July 10, 7108",7108-07-10
"June 19, 5355",5355-06-19
"May 16, 3637",3637-05-16
"May 2, 3842",3842-05-02
"August 23, 6289",6289-08-23
"March 2, 4975",4975-03-02
"May 10, 2781",2781-05-10
"June 15, 4165",4165-06-15
"June 9, 3164",3164-06-09
"November 23, 9325",9325-11-23
"August 4, 9790",9790-08-04
"November 12, 2295",2295-11-12
"December 21, 1369",1369-12-21
"June 15, 8581",8581-06-15
"May 26, 5814",5814-05-26
"July 16, 8061",8061-07-16
"January 23, 9797",9797-01-23
"September 3, 1179",1179-09-03
"September 20, 3763",3763-09-20
"July 24, 3366",3366-07-24
"September 28, 1772",1772-09-28
"August 29, 2158",2158-08-29
"August 17, 7820",7820-08-17
"July 30, 1385",1385-07-30
"October 4, 6126",6126-10-04
"September 24, 7864",7864-09-24
"April 6, 8717",8717-04-06
"April 8, 9076",9076-04-08
"December 25, 1558",1558-12-25
"June 8, 3810",3810-06-08
"February 3, 9504",9504-02-03
"January 1, 1508",1508-01-01
"June 18, 5619",5619-06-18
"November 17, 6040",6040-11-17
"January 23, 3691",3691-01-23
"May 24, 7198",7198-05-24
"January 14, 3495",3495-01-14
"January 27, 9663",9663-01-27
"January 7, 9912",9912-01-07
"March 7, 1648",1648-03-07
"April 7, 2609",2609-04-07
"July 19, 6786",6786-07-19
"October 16, 4321",4321-10-16
"January 7, 3689",3689-01-07
"June 19, 9400",9400-06-19
"October 30, 7615",7615-10-30
"March 3, 4662",4662-03-03
"July 1, 7631",7631-07-01
"April 4, 7866",7866-04-04
"July 14, 9871",9871-07-14
"February 6, 8723",8723-02-06
"May 24, 4682",4682-05-24
"July 7, 3720",3720-07-07
"May 6, 4465",4465-05-06
"February 23, 2645",2645-02-23
"August 16, 8581",8581-08-16
"November 5, 6985",6985-11-05
"May 16, 3538",3538-05-16
"March 2, 5749",5749-03-02
"November 2, 4450",4450-11-02
"October 6, 4159",4159-10-06
"January 5, 1700",1700-01-05
"February 19, 7393",7393-02-19
"June 23, 7794",7794-06-23
"November 23, 9442",9442-11-23
"March 1, 3011",3011-03-01
"August 30, 8188",8188-08-30
"July 4, 8794",8794-07-04
"October 23, 5905",5905-10-23
"March 5, 7383",7383-03-05
"July 9, 6691",6691-07-09
"May 27, 1538",1538-05-27
"February 16, 4955",4955-02-16
"August 6, 8387",8387-08-06
"June 10, 8709",8709-06-10
"January 12, 5377",5377-01-12
"September 25, 7022",7022-09-25
"March 23, 4660",4660-03-23
"February 20, 8996",8996-02-20
"November 29, 5780",5780-11-29
"April 16, 5688",5688-04-16
"July 24, 2713",2713-07-24
"October 21, 4443",4443-10-21
"February 15, 5323",5323-02-15
"August 7, 3111",3111-08-07
"June 4, 9663",9663-06-04
"May 12, 7177",7177-05-12
"September 15, 6437",6437-09-15
"March 9, 3767",3767-03-09
"October 9, 3587",3587-10-09
"July 16, 4453",4453-07-16
"July 17, 9125",9125-07-17
"September 6, 2657",2657-09-06
"March 16, 6317",6317-03-16
"September 24, 1661",1661-09-24
"March 23, 7458",7458-03-23
"January 11, 5739",5739-01-11
"January 6, 5783",5783-01-06
"September 1, 7399",7399-09-01
"March 22, 7086",7086-03-22
"November 14, 2539",2539-11-14
"June 15, 5460",5460-06-15
"November 22, 3788",3788-11-22
"April 10, 3928",3928-04-10
"January 16, 3335",3335-01-16
"August 12, 4792",4792-08-12
"July 9, 8426",8426-07-09
"January 7, 1908",1908-01-07
"March 6, 6165",6165-03-06
"April 23, 5261",5261-04-23
"October 27, 2061",2061-10-27
"January 13, 7151",7151-01-13
"November 7, 9320",9320-11-07
"June 2, 3187",3187-06-02
"October 30, 1591",1591-10-30
"November 28, 4082",4082-11-28
"April 3, 5331",5331-04-03
"March 10, 8736",8736-03-10
"March 28, 7947",7947-03-28
"September 23, 7923",7923-09-23
"February 24, 1454",1454-02-24
"October 30, 1835",1835-10-30
"October 18, 3160",3160-10-18
"January 11, 9747",9747-01-11
"August 2, 7747",7747-08-02
"August 23, 9317",9317-08-23
"September 6, 8710",8710-09-06
"August 16, 7417",7417-08-16
"February 19, 3492",3492-02-19
"March 7, 6505",6505-03-07
"October 20, 3398",3398-10-20
"August 20, 4823",4823-08-20
"September 10, 4481",4481-09-10
"February 2, 1176",1176-02-02
"April 27, 3432",3432-04-27
"February 28, 3182",3182-02-28
"October 26, 9514",9514-10-26
"March 20, 2347",2347-03-20
"November 15, 9576",9576-11-15
"June 11, 9662",9662-06-11
"September 28, 6499",6499-09-28
"November 5, 3785",3785-11-05
"April 21, 8988",8988-04-21
"September 18, 7940",7940-09-18
"October 22, 9081",9081-10-22
"July 20, 3348",3348-07-20
"October 9, 5554",5554-10-09
"May 20, 3748",3748-05-20
"November 13, 7339",7339-11-13
"April 21, 4693",4693-04-21
"September 14, 9905",9905-09-14
"July 18, 4250",4250-07-18
"May 17, 5371",5371-05-17
"March 30, 6354",6354-03-30
"March 26, 7128",7128-03-26
"August 31, 8449",8449-08-31
"August 7, 5125",5125-08-07
"October 20, 4541",4541-10-20
"September 3, 4003",4003-09-03
"January 8, 5130",5130-01-08
"December 26, 6888",6888-12-26
"July 18, 6710",6710-07-18
"May 31, 6351",6351-05-31
"May 18, 2132",2132-05-18
"December 2, 9295",9295-12-02
"June 13, 6391",6391-06-13
"April 3, 9746",9746-04-03
"June 8, 4677",4677-06-08
"August 21, 3332",3332-08-21
"January 12, 5257",5257-01-12
"June 23, 4593",4593-06-23
"May 31, 5753",5753-05-31
"December 24, 1524",1524-12-24
"October 26, 7459",7459-10-26
"January 10, 3541",3541-01-10
"April 4, 9512",9512-04-04
"September 21, 2675",2675-09-21
"April 7, 1186",1186-04-07
"August 18, 3994",3994-08-18
"January 6, 7354",7354-01-06
"October 19, 7706",7706-10-19
"August 27, 7650",7650-08-27
"May 3, 9268",9268-05-03
"April 22, 5795",5795-04-22
"November 16, 4389",4389-11-16
"March 27, 2750",2750-03-27
"December 27, 3252",3252-12-27
"January 18, 4788",4788-01-18
"June 12, 3641",3641-06-12
"December 7, 5361",5361-12-07
"March 31, 7543",7543-03-31
"November 14, 3821",3821-11-14
"October 15, 6733",6733-10-15
"May 15, 7323",7323-05-15
"April 7, 8517",8517-04-07
"July 6, 8864",8864-07-06
"June 16, 4876",4876-06-16
"January 16, 3955",3955-01-16
"February 20, 9766",9766-02-20
"February 20, 6611",6611-02-20
"January 22, 9309",9309-01-22
"December 21, 8368",8368-12-21
"March 19, 9493",9493-03-19
"October 24, 6633",6633-10-24
"December 25, 6291",6291-12-25
"December 7, 2931",2931-12-07
"November 16, 9414",9414-11-16
"April 3, 5044",5044-04-03
"October 13, 2943",2943-10-13
"March 26, 2607",2607-03-26
"October 20, 9271",9271-10-20
"April 29, 7276",7276-04-29
"August 22, 6607",6607-08-22
"July 15, 3113",3113-07-15
"September 9, 7225",7225-09-09
"April 17, 8370",8370-04-17
"June 16, 1674",1674-06-16
"October 11, 7016",7016-10-11
"June 2, 1388",1388-06-02
"August 1, 1853",1853-08-01
"July 13, 8673",8673-07-13
"February 14, 1557",1557-02-14
"May 16, 9777",9777-05-16
"April 23, 1073",1073-04-23
"October 3, 5735",5735-10-03
"November 25, 2578",2578-11-25
"September 26, 8242",8242-09-26
"September 10, 3657",3657-09-10
"July 8, 1780",1780-07-08
"November 12, 9120",9120-11-12
"May 15, 2734",2734-05-15
"December 24, 1104",1104-12-24
"September 11, 3511",3511-09-11
"August 23, 6807",6807-08-23
"August 22, 6236",6236-08-22
"September 10, 5285",5285-09-10
"March 9, 1694",1694-03-09
"December 24, 8094",8094-12-24
"June 7, 8323",8323-06-07
"October 3, 8656",8656-10-03
"November 14, 8079",8079-11-14
"December 6, 6548",6548-12-06
"December 19, 8570",8570-12-19
"May 2, 6602",6602-05-02
"August 28, 1180",1180-08-28
"December 8, 1075",1075-12-08
"September 22, 7111",7111-09-22
"November 11, 7334",7334-11-11
"August 27, 5723",5723-08-27
"February 4, 1136",1136-02-04
"January 29, 1192",1192-01-29
"August 18, 7079",7079-08-18
"May 19, 9293",9293-05-19
"January 7, 4155",4155-01-07
"March 18, 7152",7152-03-18
"March 21, 4292",4292-03-21
"November 10, 1196",1196-11-10
"April 4, 6767",6767-04-04
"December 12, 9013",9013-12-12
"May 3, 8740",8740-05-03
"July 15, 5944",5944-07-15
"August 19, 3058",3058-08-19
"December 8, 2228",2228-12-08
"January 12, 2106",2106-01-12
"November 3, 7021",7021-11-03
"November 19, 2709",2709-11-19
"March 12, 3767",3767-03-12
"January 28, 3204",3204-01-28
"April 29, 8117",8117-04-29
"August 14, 7045",7045-08-14
"September 3, 3898",3898-09-03
"April 7, 5070",5070-04-07
"November 8, 4069",4069-11-08
"October 22, 5557",5557-10-22
"June 6, 1907",1907-06-06
"December 24, 5283",5283-12-24
"August 30, 5662",5662-08-30
"December 15, 6270",6270-12-15
"April 7, 7488",7488-04-07
"November 26, 3792",3792-11-26
"October 18, 9006",9006-10-18
"August 28, 3593",3593-08-28
"October 16, 4444",4444-10-16
"April 9, 8855",8855-04-09
"October 10, 1925",1925-10-10
"April 2, 8507",8507-04-02
"February 19, 8463",8463-02-19
"October 16, 9722",9722-10-16
"November 8, 1363",1363-11-08
"September 21, 2073",2073-09-21
"January 22, 5654",5654-01-22
"April 28, 5355",5355-04-28
"April 9, 5331",5331-04-09
"January 4, 7347",7347-01-04
"April 5, 6466",6466-04-05
"May 27, 1644",1644-05-27
"March 4, 8312",8312-03-04
"July 10, 1108",1108-07-10
"March 16, 9071",9071-03-16
"February 7, 2968",2968-02-07
"July 15, 1949",1949-07-15
"March 8, 6740",6740-03-08
"November 7, 5982",5982-11-07
"November 13, 8405",8405-11-13
"March 8, 4804",4804-03-08
"January 29, 7498",7498-01-29
"February 5, 2095",2095-02-05
"March 6, 7065",7065-03-06
"August 25, 1488",1488-08-25
"July 20, 3638",3638-07-20
"November 1, 3427",3427-11-01
"December 19, 8949",8949-12-19
"September 25, 7508",7508-09-25
"June 17, 6460",6460-06-17
"February 25, 4113",4113-02-25
"September 14, 1534",1534-09-14
"October 14, 1853",1853-10-14
"September 19, 8859",8859-09-19
"September 12, 4219",4219-09-12
"December 15, 7235",7235-12-15
"February 17, 7471",7471-02-17
"June 22, 8557",8557-06-22
"October 31, 1377",1377-10-31
"August 22, 3059",3059-08-22
"June 4, 4611",4611-06-04
"October 24, 1179",1179-10-24
"December 4, 3378",3378-12-04
"April 18, 7741",7741-04-18
"November 4, 2655",2655-11-04
"August 7, 9638",9638-08-07
"July 3, 9184",9184-07-03
"November 17, 5573",5573-11-17
"July 10, 1883",1883-07-10
"October 12, 4436",4436-10-12
"July 7, 2865",2865-07-07
"April 12, 7476",7476-04-12
"June 28, 3761",3761-06-28
"September 20, 7507",7507-09-20
"December 4, 5468",5468-12-04
"October 23, 8774",8774-10-23
"August 12, 7207",7207-08-12
"June 16, 4809",4809-06-16
"December 11, 5407",5407-12-11
"February 14, 9677",9677-02-14
"December 13, 9494",9494-12-13
"February 21, 2607",2607-02-21
"October 11, 8915",8915-10-11
"January 7, 9316",9316-01-07
"August 20, 1900",1900-08-20
"November 30, 6750",6750-11-30
"July 15, 9560",9560-07-15
"September 19, 4971",4971-09-19
"August 18, 1616",1616-08-18
"October 14, 2121",2121-10-14
"May 10, 6019",6019-05-10
"November 7, 3665",3665-11-07
"December 18, 1872",1872-12-18
"March 28, 4911",4911-03-28
"July 11, 7949",7949-07-11
"December 19, 9830",9830-12-19
"May 23, 8049",8049-05-23
"September 28, 7839",7839-09-28
"August 3, 5555",5555-08-03
"March 17, 9883",9883-03-17
"December 26, 4747",4747-12-26
"March 18, 1340",1340-03-18
"January 9, 8282",8282-01-09
"October 13, 4138",4138-10-13
"December 19, 9997",9997-12-19
"December 11, 6173",6173-12-11
"November 26, 6633",6633-11-26
"November 8, 3619",3619-11-08
"December 31, 5085",5085-12-31
"November 15, 7350",7350-11-15
"April 5, 5311",5311-04-05
"March 6, 5959",5959-03-06
"December 10, 3132",3132-12-10
"May 9, 8805",8805-05-09
"December 19, 7727",7727-12-19
"November 25, 8586",8586-11-25
"August 10, 5364",5364-08-10
"January 30, 1984",1984-01-30
"April 10, 9867",9867-04-10
"December 13, 8103",8103-12-13
"January 10, 4392",4392-01-10
"February 19, 3830",3830-02-19
"January 23, 9189",9189-01-23
"February 15, 1844",1844-02-15
"February 4, 1942",1942-02-04
"April 15, 4077",4077-04-15
"January 6, 2771",2771-01-06
"October 10, 5363",5363-10-10
"August 17, 9172",9172-08-17
"June 23, 8279",8279-06-23
"August 29, 2771",2771-08-29
"December 1, 9493",9493-12-01
"April 9, 5474",5474-04-09
"August 11, 4636",4636-08-11
"February 22, 5142",5142-02-22
"August 4, 2223",2223-08-04
"December 26, 2050",2050-12-26
"August 30, 1059",1059-08-30
"January 10, 4540",4540-01-10
"March 6, 6107",6107-03-06
"February 26, 5133",5133-02-26
"January 4, 9743",9743-01-04
"November 22, 4097",4097-11-22
"December 26, 2173",2173-12-26
"August 29, 2521",2521-08-29
"June 28, 2002",2002-06-28
"December 9, 3151",3151-12-09
"March 16, 5949",5949-03-16
"May 7, 6154",6154-05-07
"March 14, 7396",7396-03-14
"June 3, 7370",7370-06-03
"September 2, 6884",6884-09-02
"October 27, 5685",5685-10-27
"March 5, 2186",2186-03-05
"August 1, 1301",1301-08-01
"February 23, 2029",2029-02-23
"March 20, 5064",5064-03-20
"June 12, 7364",7364-06-12
"September 17, 2068",2068-09-17
"November 8, 7854",7854-11-08
"September 15, 7867",7867-09-15
"August 20, 4725",4725-08-20
"December 4, 5423",5423-12-04
"September 19, 1141",1141-09-19
"June 19, 4351",4351-06-19
"January 14, 5752",5752-01-14
"May 5, 5453",5453-05-05
"September 6, 9947",9947-09-06
"August 28, 1972",1972-08-28
"October 30, 9323",9323-10-30
"July 3, 7425",7425-07-03
"July 24, 3787",3787-07-24
"March 4, 7568",7568-03-04
"February 29, 6984",6984-02-29
"June 5, 2947",2947-06-05
"November 26, 8869",8869-11-26
"March 6, 5372",5372-03-06
"June 29, 2946",2946-06-29
"May 21, 2594",2594-05-21
"February 28, 4088",4088-02-28
"January 28, 4458",4458-01-28
"April 12, 4082",4082-04-12
"November 5, 6662",6662-11-05
"November 11, 2675",2675-11-11
"July 15, 1726",1726-07-15
"February 23, 2920",2920-02-23
"August 28, 5991",5991-08-28
"January 14, 4169",4169-01-14
"October 12, 5835",5835-10-12
"March 29, 4442",4442-03-29
"September 22, 6560",6560-09-22
"November 4, 9987",9987-11-04
"May 3, 1883",1883-05-03
"January 8, 5147",5147-01-08
"June 4, 3890",3890-06-04
"September 30, 3831",3831-09-30
"July 13, 9278",9278-07-13
"August 24, 8177",8177-08-24
"August 9, 6693",6693-08-09
"January 17, 7819",7819-01-17
"August 2, 8081",8081-08-02
"August 7, 3245",3245-08-07
"November 27, 6257",6257-11-27
"June 6, 2228",2228-06-06
"November 29, 2555",2555-11-29
"July 29, 4498",4498-07-29
"September 18, 1077",1077-09-18
"December 23, 5543",5543-12-23
"January 20, 4815",4815-01-20
"January 18, 8122",8122-01-18
"July 5, 5362",5362-07-05
"May 1, 4784",4784-05-01
"May 8, 6055",6055-05-08
"December 25, 4843",4843-12-25
"January 12, 5945",5945-01-12
"April 3, 8476",8476-04-03
"October 12, 7825",7825-10-12
"March 15, 2563",2563-03-15
"January 30, 4450",4450-01-30
"May 25, 4682",4682-05-25
"January 18, 7927",7927-01-18
"June 20, 8984",8984-06-20
"July 3, 3306",3306-07-03
"October 6, 6500",6500-10-06
"December 18, 4607",4607-12-18
"December 2, 3039",3039-12-02
"March 25, 5573",5573-03-25
"November 8, 4664",4664-11-08
"November 18, 4346",4346-11-18
"January 6, 9439",9439-01-06
"August 17, 8980",8980-08-17
"January 4, 8268",8268-01-04
"July 16, 6638",6638-07-16
"March 5, 7613",7613-03-05
"November 23, 9979",9979-11-23
"November 28, 3783",3783-11-28
"May 9, 4742",4742-05-09
"June 23, 5318",5318-06-23
"November 11, 4218",4218-11-11
"April 26, 5512",5512-04-26
"September 13, 5191",5191-09-13
"November 6, 2307",2307-11-06
"January 16, 7475",7475-01-16
"June 5, 3294",3294-06-05
"November 28, 7800",7800-11-28
"October 17, 7265",7265-10-17
"March 20, 3066",3066-03-20
"July 11, 8828",8828-07-11
"January 11, 9815",9815-01-11
"February 16, 7317",7317-02-16
"February 4, 1309",1309-02-04
"January 14, 9351",9351-01-14
"February 3, 6301",6301-02-03
"August 13, 9134",9134-08-13
"July 11, 3407",3407-07-11
"January 18, 6035",6035-01-18
"July 15, 4345",4345-07-15
"April 2, 8956",8956-04-02
"March 11, 1794",1794-03-11
"June 4, 5698",5698-06-04
"March 20, 8728",8728-03-20
"October 22, 6733",6733-10-22
"April 12, 2598",2598-04-12
"December 26, 8272",8272-12-26
"August 12, 4477",4477-08-12
"April 12, 3779",3779-04-12
"September 13, 3901",3901-09-13
"October 31, 8563",8563-10-31
"February 14, 2770",2770-02-14
"July 1, 9213",9213-07-01
"January 15, 5859",5859-01-15
"March 21, 5329",5329-03-21
"May 22, 1849",1849-05-22
"November 28, 6156",6156-11-28
"June 11, 7866",7866-06-11
"May 8, 6503",6503-05-08
"April 7, 7686",7686-04-07
"September 10, 5602",5602-09-10
"June 21, 7136",7136-06-21
"September 29, 6817",6817-09-29
"April 27, 8943",8943-04-27
"August 10, 5803",5803-08-10
"January 5, 7243",7243-01-05
"March 14, 1422",1422-03-14
"September 12, 5128",5128-09-12
"April 19, 9057",9057-04-19
"August 15, 7165",7165-08-15
"March 15, 7819",7819-03-15
"August 14, 8328",8328-08-14
"November 26, 1975",1975-11-26
"December 16, 2255",2255-12-16
"May 17, 9830",9830-05-17
"August 4, 3850",3850-08-04
"August 24, 8551",8551-08-24
"February 2, 8633",8633-02-02
"October 13, 5076",5076-10-13
"March 3, 2910",2910-03-03
"November 24, 8429",8429-11-24
"October 4, 8035",8035-10-04
"September 8, 1508",1508-09-08
"October 22, 7467",7467-10-22
"April 16, 8407",8407-04-16
"October 30, 8779",8779-10-30
"December 15, 8426",8426-12-15
"January 21, 5589",5589-01-21
"July 9, 9643",9643-07-09
"December 6, 4807",4807-12-06
"March 10, 5943",5943-03-10
"August 17, 2216",2216-08-17
"February 16, 1121",1121-02-16
"May 11, 2132",2132-05-11
"April 3, 3971",3971-04-03
"May 18, 3549",3549-05-18
"May 29, 6864",6864-05-29
"July 28, 9576",9576-07-28
"September 3, 6957",6957-09-03
"October 14, 7407",7407-10-14
"June 13, 7666",7666-06-13
"November 14, 8896",8896-11-14
"October 13, 7605",7605-10-13
"March 31, 3538",3538-03-31
"February 24, 6119",6119-02-24
"March 30, 5296",5296-03-30
"August 20, 5491",5491-08-20
"August 22, 6317",6317-08-22
"April 13, 9869",9869-04-13
"October 3, 8803",8803-10-03
"February 21, 7759",7759-02-21
"September 18, 8928",8928-09-18
"February 27, 6747",6747-02-27
"February 6, 2731",2731-02-06
"June 22, 4961",4961-06-22
"January 25, 1282",1282-01-25
"December 16, 6543",6543-12-16
"August 9, 2200",2200-08-09
"August 18, 4392",4392-08-18
"November 25, 5776",5776-11-25
"December 4, 1985",1985-12-04
"November 24, 2332",2332-11-24
"October 8, 9384",9384-10-08
"December 11, 2626",2626-12-11
"January 27, 5000",5000-01-27
"August 17, 4581",4581-08-17
"August 24, 4939",4939-08-24
"November 12, 6228",6228-11-12
"August 2, 3375",3375-08-02
"April 13, 6984",6984-04-13
"September 26, 6545",6545-09-26
"September 30, 4999",4999-09-30
"January 25, 6468",6468-01-25
"January 24, 2121",2121-01-24
"September 24, 6031",6031-09-24
"February 6, 9291",9291-02-06
"May 12, 9001",9001-05-12
"September 24, 6195",6195-09-24
"March 27, 4662",4662-03-27
"May 28, 1771",1771-05-28
"February 12, 4448",4448-02-12
"February 15, 1513",1513-02-15
"April 25, 9162",9162-04-25
"August 6, 2321",2321-08-06
"May 11, 1259",1259-05-11
"October 11, 4939",4939-10-11
"January 13, 8441",8441-01-13
"November 18, 2255",2255-11-18
"January 4, 8776",8776-01-04
"May 19, 2887",2887-05-19
"July 2, 9503",9503-07-02
"January 2, 3801",3801-01-02
"June 23, 6925",6925-06-23
"May 10, 3003",3003-05-10
"December 4, 7337",7337-12-04
"December 8, 2838",2838-12-08
"December 16, 4800",4800-12-16
"February 2, 7429",7429-02-02
"April 5, 5896",5896-04-05
"January 20, 6306",6306-01-20
"July 16, 3662",3662-07-16
"May 30, 5651",5651-05-30
"December 5, 8231",8231-12-05
"March 5, 3118",3118-03-05
"May 25, 3140",3140-05-25
"January 6, 8355",8355-01-06
"April 9, 8548",8548-04-09
"June 20, 5962",5962-06-20
"September 19, 5542",5542-09-19
"March 27, 1335",1335-03-27
"November 19, 9467",9467-11-19
"March 2, 8052",8052-03-02
"December 30, 3265",3265-12-30
"September 30, 6162",6162-09-30
"August 20, 7800",7800-08-20
"October 27, 5932",5932-10-27
"March 29, 5465",5465-03-29
"February 7, 1051",1051-02-07
"November 29, 9092",9092-11-29
"August 21, 3466",3466-08-21
"February 24, 3363",3363-02-24
"May 27, 4196",4196-05-27
"June 1, 9639",9639-06-01
"September 15, 9081",9081-09-15
"June 17, 1718",1718-06-17
"January 15, 7630",7630-01-15
"June 25, 2168",2168-06-25
"June 5, 7165",7165-06-05
"December 23, 3146",3146-12-23
"August 17, 5200",5200-08-17
"June 27, 4743",4743-06-27
"February 15, 3263",3263-02-15
"May 2, 6254",6254-05-02
"August 13, 2308",2308-08-13
"October 6, 4012",4012-10-06
"January 29, 8702",8702-01-29
"January 17, 6621",6621-01-17
"January 29, 7060",7060-01-29
"April 12, 8339",8339-04-12
"January 5, 4599",4599-01-05
"May 21, 7855",7855-05-21
"December 26, 5462",5462-12-26
"January 12, 8020",8020-01-12
"October 29, 5507",5507-10-29
"December 8, 7740",7740-12-08
"October 20, 2311",2311-10-20
"June 7, 4995",4995-06-07
"January 22, 5042",5042-01-22
"November 23, 6257",6257-11-23
"July 21, 8089",8089-07-21
"March 28, 2981",2981-03-28
"March 28, 8735",8735-03-28
"April 20, 9107",9107-04-20
"September 29, 4415",4415-09-29
"July 2, 8056",8056-07-02
"April 7, 7777",7777-04-07
"April 5, 1973",1973-04-05
"April 4, 8718",8718-04-04
"March 16, 2538",2538-03-16
"July 3, 4596",4596-07-03
"June 24, 2353",2353-06-24
"September 5, 3739",3739-09-05
"November 13, 4506",4506-11-13
"December 31, 2342",2342-12-31
"January 6, 3102",3102-01-06
"November 26, 5286",5286-11-26
"February 27, 8963",8963-02-27
"April 23, 2623",2623-04-23
"February 11, 6866",6866-02-11
"December 18, 5460",5460-12-18
"November 24, 5802",5802-11-24
"February 15, 7849",7849-02-15
"March 20, 2583",2583-03-20
"November 7, 7600",7600-11-07
"May 19, 5406",5406-05-19
"January 6, 5858",5858-01-06
"February 15, 3133",3133-02-15
"September 24, 6588",6588-09-24
"November 9, 8297",8297-11-09
"January 22, 7171",7171-01-22
"February 12, 8963",8963-02-12
"December 1, 8409",8409-12-01
"May 12, 2989",2989-05-12
"May 27, 7372",7372-05-27
"March 21, 2916",2916-03-21
"November 11, 6622",6622-11-11
"November 13, 4316",4316-11-13
"February 11, 2611",2611-02-11
"July 27, 3148",3148-07-27
"July 8, 4612",4612-07-08
"February 14, 6179",6179-02-14
"January 24, 8113",8113-01-24
"August 26, 1615",1615-08-26
"January 26, 5123",5123-01-26
"January 20, 1110",1110-01-20
"January 23, 6565",6565-01-23
"November 30, 2567",2567-11-30
"October 12, 3240",3240-10-12
"January 25, 5409",5409-01-25
"December 28, 7448",7448-12-28
"April 3, 6804",6804-04-03
"August 8, 8499",8499-08-08
"January 17, 6684",6684-01-17
"May 4, 5698",5698-05-04
"October 16, 8862",8862-10-16
"October 16, 6646",6646-10-16
"December 9, 5772",5772-12-09
"January 1, 9155",9155-01-01
"January 8, 6097",6097-01-08
"January 15, 6612",6612-01-15
"September 3, 2920",2920-09-03
"May 11, 1949",1949-05-11
"October 23, 7492",7492-10-23
"May 24, 1354",1354-05-24
"September 6, 9739",9739-09-06
"June 23, 3532",3532-06-23
"April 1, 4354",4354-04-01
"June 17, 1375",1375-06-17
"April 21, 4156",4156-04-21
"January 6, 3582",3582-01-06
"September 9, 7173",7173-09-09
"December 25, 4314",4314-12-25
"August 25, 2931",2931-08-25
"September 20, 9965",9965-09-20
"September 14, 6251",6251-09-14
"September 17, 7495",7495-09-17
"October 18, 9526",9526-10-18
"August 22, 9871",9871-08-22
"July 11, 9795",9795-07-11
"December 27, 6687",6687-12-27
"November 4, 7312",7312-11-04
"November 24, 6865",6865-11-24
"January 27, 2300",2300-01-27
"October 29, 7576",7576-10-29
"July 5, 2311",2311-07-05
"May 1, 4076",4076-05-01
"February 6, 9901",9901-02-06
"October 27, 7236",7236-10-27
"November 24, 5212",5212-11-24
"August 13, 7224",7224-08-13
"August 22, 9690",9690-08-22
"November 3, 1477",1477-11-03
"August 6, 9727",9727-08-06
"June 28, 9256",9256-06-28
"June 25, 6068",6068-06-25
"February 9, 7274",7274-02-09
"August 27, 3509",3509-08-27
"April 25, 5882",5882-04-25
"February 10, 2176",2176-02-10
"October 24, 9451",9451-10-24
"July 7, 8506",8506-07-07
"February 29, 9628",9628-02-29
"July 23, 3842",3842-07-23
"October 10, 4418",4418-10-10
"February 14, 1370",1370-02-14
"July 21, 6164",6164-07-21
"January 25, 4018",4018-01-25
"December 4, 5002",5002-12-04
"November 18, 1998",1998-11-18
"February 9, 6042",6042-02-09
"January 7, 2348",2348-01-07
"January 21, 9907",9907-01-21
"December 30, 3720",3720-12-30
"February 28, 3410",3410-02-28
"June 19, 9470",9470-06-19
"June 29, 7751",7751-06-29
"September 29, 8913",8913-09-29
"July 6, 5026",5026-07-06
"January 10, 9162",9162-01-10
"January 5, 8008",8008-01-05
"June 30, 8266",8266-06-30
"November 27, 5916",5916-11-27
"January 26, 2906",2906-01-26
"August 23, 8075",8075-08-23
"December 2, 2598",2598-12-02
"September 27, 3372",3372-09-27
"June 13, 3376",3376-06-13
"August 22, 1681",1681-08-22
"July 8, 7546",7546-07-08
"August 18, 5028",5028-08-18
"July 5, 7112",7112-07-05
"November 16, 4227",4227-11-16
"January 31, 7854",7854-01-31
"January 5, 7187",7187-01-05
"July 31, 2933",2933-07-31
"September 18, 4716",4716-09-18
"January 30, 9085",9085-01-30
"July 3, 4360",4360-07-03
"August 5, 4322",4322-08-05
"January 28, 7577",7577-01-28
"January 24, 4070",4070-01-24
"May 6, 6907",6907-05-06
"October 23, 8800",8800-10-23
"July 12, 2093",2093-07-12
"January 19, 2557",2557-01-19
"October 16, 9613",9613-10-16
"August 12, 5726",5726-08-12
"October 25, 1680",1680-10-25
"September 4, 4184",4184-09-04
"January 23, 8532",8532-01-23
"February 18, 2457",2457-02-18
"November 30, 9054",9054-11-30
"October 9, 2523",2523-10-09
"March 14, 3867",3867-03-14
"May 28, 2679",2679-05-28
"May 21, 9169",9169-05-21
"November 1, 4698",4698-11-01
"October 28, 3842",3842-10-28
"June 20, 9744",9744-06-20
"August 14, 8765",8765-08-14
"August 17, 5509",5509-08-17
"October 3, 6620",6620-10-03
"August 24, 2632",2632-08-24
"December 7, 7630",7630-12-07
"April 6, 8262",8262-04-06
"November 4, 4085",4085-11-04
"July 24, 8209",8209-07-24
"October 19, 5756",5756-10-19
"May 2, 5308",5308-05-02
"July 1, 6190",6190-07-01
"March 15, 1867",1867-03-15
"May 3, 8276",8276-05-03
"July 28, 9829",9829-07-28
"January 23, 2069",2069-01-23
"March 8, 5626",5626-03-08
"February 8, 6921",6921-02-08
"June 11, 9610",9610-06-11
"January 14, 4195",4195-01-14
"September 16, 8977",8977-09-16
"April 9, 5238",5238-04-09
"July 20, 6221",6221-07-20
"July 7, 6604",6604-07-07
"June 19, 4758",4758-06-19
"December 14, 7682",7682-12-14
"May 26, 1028",1028-05-26
"November 14, 9889",9889-11-14
"April 28, 9414",9414-04-28
"August 8, 2069",2069-08-08
"September 27, 9393",9393-09-27
"August 27, 6264",6264-08-27
"April 7, 8290",8290-04-07
"October 10, 8626",8626-10-10
"May 26, 9007",9007-05-26
"September 11, 5113",5113-09-11
"April 8, 1727",1727-04-08
"February 15, 7137",7137-02-15
"March 21, 5567",5567-03-21
"June 23, 3501",3501-06-23
"November 9, 5933",5933-11-09
"October 27, 3432",3432-10-27
"February 11, 6681",6681-02-11
"October 10, 4083",4083-10-10
"August 30, 4707",4707-08-30
"September 3, 4256",4256-09-03
"August 25, 4878",4878-08-25
"February 6, 7285",7285-02-06
"October 7, 7636",7636-10-07
"September 10, 2499",2499-09-10
"May 12, 7501",7501-05-12
"June 7, 6573",6573-06-07
"May 17, 4947",4947-05-17
"March 1, 8838",8838-03-01
"June 7, 9753",9753-06-07
"December 1, 1555",1555-12-01
"August 5, 1527",1527-08-05
"June 24, 2143",2143-06-24
"October 21, 8190",8190-10-21
"August 29, 6277",6277-08-29
"December 20, 1186",1186-12-20
"September 10, 2426",2426-09-10
"March 22, 2814",2814-03-22
"July 23, 6067",6067-07-23
"June 24, 6242",6242-06-24
"October 7, 1007",1007-10-07
"September 7, 5912",5912-09-07
"May 7, 3323",3323-05-07
"July 11, 8907",8907-07-11
"November 3, 2514",2514-11-03
"April 25, 8464",8464-04-25
"July 4, 4466",4466-07-04
"August 20, 2825",2825-08-20
"September 25, 4146",4146-09-25
"November 18, 2071",2071-11-18
"January 13, 8517",8517-01-13
"February 7, 5139",5139-02-07
"May 17, 3875",3875-05-17
"June 27, 1946",1946-06-27
"February 9, 5270",5270-02-09
"December 18, 8630",8630-12-18
"November 5, 8451",8451-11-05
"October 29, 2900",2900-10-29
"September 15, 1594",1594-09-15
"June 9, 5551",5551-06-09
"March 13, 8184",8184-03-13
"May 8, 4508",4508-05-08
"December 20, 9336",9336-12-20
"February 12, 9032",9032-02-12
"October 17, 9672",9672-10-17
"October 25, 3688",3688-10-25
"February 15, 5929",5929-02-15
"May 5, 8527",8527-05-05
"April 19, 2047",2047-04-19
"December 30, 9080",9080-12-30
"January 19, 2093",2093-01-19
"June 23, 1012",1012-06-23
"November 6, 3450",3450-11-06
"June 19, 6475",6475-06-19
"January 7, 1895",1895-01-07
"November 16, 2523",2523-11-16
"August 3, 7817",7817-08-03
"June 28, 3597",3597-06-28
"February 5, 6965",6965-02-05
"August 29, 8808",8808-08-29
"December 23, 6110",6110-12-23
"August 26, 1106",1106-08-26
"August 2, 1092",1092-08-02
"December 20, 8987",8987-12-20
"June 22, 4945",4945-06-22
"November 7, 2384",2384-11-07
"September 10, 5849",5849-09-10
"December 26, 8969",8969-12-26
"November 6, 2517",2517-11-06
"September 22, 6485",6485-09-22
"May 14, 1813",1813-05-14
"February 19, 3629",3629-02-19
"January 10, 5399",5399-01-10
"November 4, 2025",2025-11-04
"October 21, 9391",9391-10-21
"March 26, 2176",2176-03-26
"February 15, 2185",2185-02-15
"May 29, 4598",4598-05-29
"December 8, 5220",5220-12-08
"July 13, 4436",4436-07-13
"September 27, 2574",2574-09-27
"January 8, 5395",5395-01-08
"February 14, 9882",9882-02-14
"December 21, 9648",9648-12-21
"December 31, 2528",2528-12-31
"August 13, 8367",8367-08-13
"December 25, 8775",8775-12-25
"June 21, 2640",2640-06-21
"August 12, 1785",1785-08-12
"February 25, 7092",7092-02-25
"August 14, 7468",7468-08-14
"April 27, 1097",1097-04-27
"September 2, 8008",8008-09-02
"July 31, 8464",8464-07-31
"August 25, 2884",2884-08-25
"December 6, 6053",6053-12-06
"November 27, 5032",5032-11-27
"February 17, 9296",9296-02-17
"August 25, 3446",3446-08-25
"August 18, 8212",8212-08-18
"October 30, 9592",9592-10-30
"April 29, 2738",2738-04-29
"December 2, 5727",5727-12-02
"October 12, 8074",8074-10-12
"April 5, 8884",8884-04-05
"March 1, 6080",6080-03-01
"October 3, 3494",3494-10-03
"June 29, 1995",1995-06-29
"September 14, 2153",2153-09-14
"November 10, 2607",2607-11-10
"October 17, 9640",9640-10-17
"April 16, 2414",2414-04-16
"June 10, 7770",7770-06-10
"February 22, 9383",9383-02-22
"January 28, 5410",5410-01-28
"November 25, 5036",5036-11-25
"December 8, 5930",5930-12-08
"August 22, 4611",4611-08-22
"October 4, 2605",2605-10-04
"June 26, 3845",3845-06-26
"August 3, 4180",4180-08-03
"July 29, 8402",8402-07-29
"June 25, 1967",1967-06-25
"November 8, 3849",3849-11-08
"December 29, 7354",7354-12-29
"August 23, 7901",7901-08-23
"April 5, 7890",7890-04-05
"September 30, 9281",9281-09-30
"May 14, 7977",7977-05-14
"December 3, 4271",4271-12-03
"May 22, 9945",9945-05-22
"February 28, 8929",8929-02-28
"January 16, 1308",1308-01-16
"November 15, 8560",8560-11-15
"January 10, 4464",4464-01-10
"April 5, 3359",3359-04-05
"August 19, 6945",6945-08-19
"September 18, 7969",7969-09-18
"February 28, 6851",6851-02-28
"May 6, 3166",3166-05-06
"December 13, 9587",9587-12-13
"September 19, 5498",5498-09-19
"November 22, 4393",4393-11-22
"May 13, 8420",8420-05-13
"August 26, 1626",1626-08-26
"July 2, 3748",3748-07-02
"February 6, 6683",6683-02-06
"May 13, 5431",5431-05-13
"September 15, 2294",2294-09-15
"June 28, 3768",3768-06-28
"January 6, 6737",6737-01-06
"June 30, 8327",8327-06-30
"June 18, 7820",7820-06-18
"June 23, 1815",1815-06-23
"August 22, 7066",7066-08-22
"July 29, 1138",1138-07-29
"September 18, 5146",5146-09-18
"April 2, 4634",4634-04-02
"August 23, 2515",2515-08-23
"April 21, 5442",5442-04-21
"January 24, 7527",7527-01-24
"January 13, 5833",5833-01-13
"April 3, 5196",5196-04-03
"February 22, 7274",7274-02-22
"August 23, 8842",8842-08-23
"January 11, 2984",2984-01-11
"November 7, 9758",9758-11-07
"December 13, 6408",6408-12-13
"August 7, 9846",9846-08-07
"March 18, 1838",1838-03-18
"August 28, 1191",1191-08-28
"January 21, 7745",7745-01-21
"July 9, 1775",1775-07-09
"May 26, 1158",1158-05-26
"November 1, 4010",4010-11-01
"July 5, 3477",3477-07-05
"May 10, 1457",1457-05-10
"May 26, 1694",1694-05-26
"March 12, 5570",5570-03-12
"September 20, 6817",6817-09-20
"November 30, 4289",4289-11-30
"April 7, 8218",8218-04-07
"July 23, 9183",9183-07-23
"November 8, 6753",6753-11-08
"March 13, 9809",9809-03-13
"August 30, 5770",5770-08-30
"March 5, 5864",5864-03-05
"April 29, 9059",9059-04-29
"August 7, 5619",5619-08-07
"July 28, 1946",1946-07-28
"September 8, 8355",8355-09-08
"September 14, 7161",7161-09-14
"March 25, 7174",7174-03-25
"June 12, 8074",8074-06-12
"April 29, 2753",2753-04-29
"May 2, 4186",4186-05-02
"December 31, 1959",1959-12-31
"November 7, 4558",4558-11-07
"June 16, 1907",1907-06-16
"August 17, 6871",6871-08-17
"June 11, 3333",3333-06-11
"April 16, 2784",2784-04-16
"September 13, 7159",7159-09-13
"April 11, 4752",4752-04-11
"January 4, 5487",5487-01-04
"June 2, 7734",7734-06-02
"December 28, 8283",8283-12-28
"July 28, 9764",9764-07-28
"July 4, 8462",8462-07-04
"December 24, 8820",8820-12-24
"September 27, 8385",8385-09-27
"March 29, 1759",1759-03-29
"November 13, 4561",4561-11-13
"April 30, 9023",9023-04-30
"December 3, 6023",6023-12-03
"July 24, 9382",9382-07-24
"June 2, 3740",3740-06-02
"December 20, 1664",1664-12-20
"July 7, 3807",3807-07-07
"January 13, 1990",1990-01-13
"June 11, 5989",5989-06-11
"December 12, 2331",2331-12-12
"May 8, 6206",6206-05-08
"May 19, 8031",8031-05-19
"August 7, 7991",7991-08-07
"December 5, 1631",1631-12-05
"October 8, 4551",4551-10-08
"January 1, 8649",8649-01-01
"April 29, 9517",9517-04-29
"October 26, 8556",8556-10-26
"June 8, 9505",9505-06-08
"January 19, 3017",3017-01-19
"August 22, 2371",2371-08-22
"June 10, 1145",1145-06-10
"April 5, 9129",9129-04-05
"September 8, 2575",2575-09-08
"October 2, 9055",9055-10-02
"May 7, 1130",1130-05-07
"May 22, 2881",2881-05-22
"August 13, 6700",6700-08-13
"June 5, 4981",4981-06-05
"December 29, 7005",7005-12-29
"August 3, 6939",6939-08-03
"July 10, 9991",9991-07-10
"December 28, 9276",9276-12-28
"February 3, 3977",3977-02-03
"May 4, 2917",2917-05-04
"May 28, 5270",5270-05-28
"August 15, 2457",2457-08-15
"February 22, 9610",9610-02-22
"February 16, 9970",9970-02-16
"May 21, 4086",4086-05-21
"October 2, 9416",9416-10-02
"September 20, 2355",2355-09-20
"October 23, 9858",9858-10-23
"February 12, 1337",1337-02-12
"February 20, 4847",4847-02-20
"March 14, 5930",5930-03-14
"April 28, 4123",4123-04-28
"September 28, 7015",7015-09-28
"June 25, 1733",1733-06-25
"August 12, 4019",4019-08-12
"January 18, 9180",9180-01-18
"January 17, 7622",7622-01-17
"May 7, 8206",8206-05-07
"January 16, 1885",1885-01-16
"July 26, 6697",6697-07-26
"April 26, 6227",6227-04-26
"August 15, 6865",6865-08-15
"July 12, 5135",5135-07-12
"August 22, 1636",1636-08-22
"May 1, 6737",6737-05-01
"November 26, 7509",7509-11-26
"May 27, 2916",2916-05-27
"May 21, 5222",5222-05-21
"June 27, 2806",2806-06-27
"August 28, 3929",3929-08-28
"August 11, 9880",9880-08-11
"September 20, 2181",2181-09-20
"August 3, 7590",7590-08-03
"May 5, 8741",8741-05-05
"February 9, 9300",9300-02-09
"June 13, 2324",2324-06-13
"November 28, 3622",3622-11-28
"November 1, 9506",9506-11-01
"February 24, 6843",6843-02-24
"July 1, 1029",1029-07-01
"September 19, 1505",1505-09-19
"February 10, 1141",1141-02-10
"May 3, 3808",3808-05-03
"January 14, 1528",1528-01-14
"July 25, 6417",6417-07-25
"October 8, 5179",5179-10-08
"December 27, 5397",5397-12-27
"July 8, 2723",2723-07-08
"February 13, 3055",3055-02-13
"February 7, 1406",1406-02-07
"November 19, 7348",7348-11-19
"July 17, 9199",9199-07-17
"July 10, 9505",9505-07-10
"November 4, 8529",8529-11-04
"November 17, 5815",5815-11-17
"April 1, 3578",3578-04-01
"June 14, 4695",4695-06-14
"December 17, 3850",3850-12-17
"February 17, 5780",5780-02-17
"July 5, 9271",9271-07-05
"January 5, 4674",4674-01-05
"January 9, 4115",4115-01-09
"June 5, 1894",1894-06-05
"April 20, 7563",7563-04-20
"March 8, 5281",5281-03-08
"February 26, 2371",2371-02-26
"March 31, 6765",6765-03-31
"March 19, 8732",8732-03-19
"November 13, 1604",1604-11-13
"July 10, 3059",3059-07-10
"December 21, 3562",3562-12-21
"December 14, 6922",6922-12-14
"June 6, 1527",1527-06-06
"January 25, 5604",5604-01-25
"July 11, 1791",1791-07-11
"December 18, 6340",6340-12-18
"November 26, 4241",4241-11-26
"November 22, 9882",9882-11-22
"December 7, 4567",4567-12-07
"August 7, 4758",4758-08-07
"January 8, 1992",1992-01-08
"June 28, 7351",7351-06-28
"February 5, 6245",6245-02-05
"July 8, 1091",1091-07-08
"July 11, 5236",5236-07-11
"June 6, 3304",3304-06-06
"July 26, 4348",4348-07-26
"July 16, 7474",7474-07-16
"December 23, 4489",4489-12-23
"January 2, 9493",9493-01-02
"January 18, 8151",8151-01-18
"September 28, 3785",3785-09-28
"July 23, 6327",6327-07-23
"February 10, 5229",5229-02-10
"October 1, 7794",7794-10-01
"July 25, 6665",6665-07-25
"May 23, 9872",9872-05-23
"December 23, 9909",9909-12-23
"February 27, 3244",3244-02-27
"April 30, 9411",9411-04-30
"June 22, 7276",7276-06-22
"January 31, 9733",9733-01-31
"December 11, 3814",3814-12-11
"January 18, 2729",2729-01-18
"March 29, 1073",1073-03-29
"September 12, 5708",5708-09-12
"July 29, 1274",1274-07-29
"August 28, 3675",3675-08-28
"November 24, 7218",7218-11-24
"March 13, 4978",4978-03-13
"November 30, 8302",8302-11-30
"June 9, 8963",8963-06-09
"March 9, 1110",1110-03-09
"March 18, 4847",4847-03-18
"October 16, 1016",1016-10-16
"April 2, 9715",9715-04-02
"March 23, 8548",8548-03-23
"December 30, 5320",5320-12-30
"November 10, 9475",9475-11-10
"January 21, 9351",9351-01-21
"May 3, 4531",4531-05-03
"September 16, 2193",2193-09-16
"May 16, 3356",3356-05-16
"March 9, 7084",7084-03-09
"January 10, 3735",3735-01-10
"January 2, 5821",5821-01-02
"April 9, 6650",6650-04-09
"October 24, 1687",1687-10-24
"December 18, 2634",2634-12-18
"May 5, 9172",9172-05-05
"May 29, 4213",4213-05-29
"April 13, 2068",2068-04-13
"February 20, 1504",1504-02-20
"February 21, 3658",3658-02-21
"September 18, 6968",6968-09-18
"May 21, 5743",5743-05-21
"April 3, 9048",9048-04-03
"July 21, 5277",5277-07-21
"October 3, 6264",6264-10-03
"August 3, 9588",9588-08-03
"December 27, 1974",1974-12-27
"May 6, 7669",7669-05-06
"July 27, 2097",2097-07-27
"February 20, 6804",6804-02-20
"March 22, 2533",2533-03-22
"July 17, 8317",8317-07-17
"July 31, 5528",5528-07-31
"April 29, 1859",1859-04-29
"February 6, 7797",7797-02-06
"August 20, 7520",7520-08-20
"March 27, 1715",1715-03-27
"March 6, 5995",5995-03-06
"April 3, 8607",8607-04-03
"January 2, 2501",2501-01-02
"December 30, 3718",3718-12-30
"June 30, 4349",4349-06-30
"February 13, 3997",3997-02-13
"June 11, 4617",4617-06-11
"July 8, 5512",5512-07-08
"November 12, 9046",9046-11-12
"July 5, 9444",9444-07-05
"July 20, 4746",4746-07-20
"June 14, 4652",4652-06-14
"April 19, 6199",6199-04-19
"January 14, 4123",4123-01-14
"September 13, 3682",3682-09-13
"September 6, 1857",1857-09-06
"November 16, 3327",3327-11-16
"January 21, 2563",2563-01-21
"June 30, 9956",9956-06-30
"January 26, 9844",9844-01-26
"July 25, 7714",7714-07-25
"May 28, 2251",2251-05-28
"September 4, 2784",2784-09-04
"May 2, 2213",2213-05-02
"August 14, 2887",2887-08-14
"August 26, 6162",6162-08-26
"December 31, 6351",6351-12-31
"March 29, 4606",4606-03-29
"March 26, 5668",5668-03-26
"June 30, 2386",2386-06-30
"May 9, 7154",7154-05-09
"June 9, 5114",5114-06-09
"April 2, 9846",9846-04-02
"May 31, 3384",3384-05-31
"August 22, 6189",6189-08-22
"June 27, 4540",4540-06-27
"November 23, 6320",6320-11-23
"April 1, 4043",4043-04-01
"January 15, 2377",2377-01-15
"May 11, 2038",2038-05-11
"December 29, 2809",2809-12-29
"May 22, 8878",8878-05-22
"June 27, 4493",4493-06-27
"July 23, 9092",9092-07-23
"September 6, 9002",9002-09-06
"February 5, 7928",7928-02-05
"February 18, 1463",1463-02-18
"March 20, 3469",3469-03-20
"April 4, 4764",4764-04-04
"April 19, 2703",2703-04-19
"June 15, 2047",2047-06-15
"August 29, 9166",9166-08-29
"June 14, 3850",3850-06-14
"March 19, 5085",5085-03-19
"April 27, 5550",5550-04-27
"May 15, 6896",6896-05-15
"February 17, 1562",1562-02-17
"July 6, 8776",8776-07-06
"October 9, 4431",4431-10-09
"August 28, 3987",3987-08-28
"August 18, 2996",2996-08-18
"December 7, 1356",1356-12-07
"November 19, 5643",5643-11-19
"November 26, 6192",6192-11-26
"May 11, 7384",7384-05-11
"August 24, 9590",9590-08-24
"May 18, 7317",7317-05-18
"March 18, 3869",3869-03-18
"October 15, 2087",2087-10-15
"December 5, 6305",6305-12-05
"April 7, 2170",2170-04-07
"May 1, 2605",2605-05-01
"September 21, 2394",2394-09-21
"April 23, 1137",1137-04-23
"March 9, 1708",1708-03-09
"March 30, 9968",9968-03-30
"September 3, 3552",3552-09-03
"January 31, 2501",2501-01-31
"April 14, 3275",3275-04-14
"February 16, 5600",5600-02-16
"August 28, 5274",5274-08-28
"January 13, 8881",8881-01-13
"February 4, 8238",8238-02-04
"April 25, 8403",8403-04-25
"January 28, 1965",1965-01-28
"March 8, 7687",7687-03-08
"October 6, 7730",7730-10-06
"March 13, 3972",3972-03-13
"February 15, 1861",1861-02-15
"May 6, 1250",1250-05-06
"May 16, 1740",1740-05-16
"November 21, 3270",3270-11-21
"April 7, 8418",8418-04-07
"March 11, 6092",6092-03-11
"December 28, 2478",2478-12-28
"March 31, 2056",2056-03-31
"May 24, 4807",4807-05-24
"January 23, 2407",2407-01-23
"April 23, 1490",1490-04-23
"November 20, 6293",6293-11-20
"July 3, 1581",1581-07-03
"February 14, 2929",2929-02-14
"April 7, 7590",7590-04-07
"March 15, 5974",5974-03-15
"February 1, 9319",9319-02-01
"January 6, 5536",5536-01-06
"April 28, 6697",6697-04-28
"July 25, 1338",1338-07-25
"February 12, 5395",5395-02-12
"October 2, 8845",8845-10-02
"August 24, 5899",5899-08-24
"June 13, 2984",2984-06-13
"July 19, 5064",5064-07-19
"September 19, 3465",3465-09-19
"March 4, 3149",3149-03-04
"October 14, 4157",4157-10-14
"September 29, 4213",4213-09-29
"October 28, 6121",6121-10-28
"October 30, 2706",2706-10-30
"November 25, 1397",1397-11-25
"February 29, 8052",8052-02-29
"May 21, 8110",8110-05-21
"February 15, 8085",8085-02-15
"July 2, 3822",3822-07-02
"February 4, 8433",8433-02-04
"November 15, 4388",4388-11-15
"January 30, 6729",6729-01-30
"February 28, 5731",5731-02-28
"November 24, 7323",7323-11-24
"January 3, 6501",6501-01-03
"April 5, 1700",1700-04-05
"May 12, 2007",2007-05-12
"November 3, 4212",4212-11-03
"May 26, 5398",5398-05-26
"December 19, 2575",2575-12-19
"May 2, 5814",5814-05-02
"June 30, 3290",3290-06-30
"December 23, 8379",8379-12-23
"April 1, 7038",7038-04-01
"February 12, 3861",3861-02-12
"May 5, 8243",8243-05-05
"February 22, 7243",7243-02-22
"April 10, 1224",1224-04-10
"June 17, 5392",5392-06-17
"March 22, 9979",9979-03-22
"January 28, 9192",9192-01-28
"November 28, 5123",5123-11-28
"July 6, 6508",6508-07-06
"January 12, 7253",7253-01-12
"September 13, 9973",9973-09-13
"November 15, 6565",6565-11-15
"October 3, 4950",4950-10-03
"September 20, 7495",7495-09-20
"April 17, 6769",6769-04-17
"March 7, 4693",4693-03-07
"January 9, 5460",5460-01-09
"July 31, 4105",4105-07-31
"December 8, 3064",3064-12-08
"April 19, 1299",1299-04-19
"November 13, 4661",4661-11-13
"January 20, 7857",7857-01-20
"February 23, 3515",3515-02-23
"July 5, 1336",1336-07-05
"June 8, 9940",9940-06-08
"February 15, 4226",4226-02-15
"November 2, 1672",1672-11-02
"August 22, 6416",6416-08-22
"October 18, 7079",7079-10-18
"August 16, 5104",5104-08-16
"February 14, 9806",9806-02-14
"April 22, 7706",7706-04-22
"December 13, 3672",3672-12-13
"January 25, 2833",2833-01-25
"November 26, 2149",2149-11-26
"April 18, 3846",3846-04-18
"March 7, 8543",8543-03-07
"April 22, 3769",3769-04-22
"September 10, 4060",4060-09-10
"September 8, 7128",7128-09-08
"February 12, 9464",9464-02-12
"January 12, 1642",1642-01-12
"January 19, 9774",9774-01-19
"August 22, 3519",3519-08-22
"January 10, 7611",7611-01-10
"June 30, 5460",5460-06-30
"June 10, 5074",5074-06-10
"November 4, 2994",2994-11-04
"April 9, 3022",3022-04-09
"June 18, 3716",3716-06-18
"April 7, 7804",7804-04-07
"November 3, 4651",4651-11-03
"February 12, 9476",9476-02-12
"April 11, 9011",9011-04-11
"February 17, 5120",5120-02-17
"April 10, 7793",7793-04-10
"November 30, 1323",1323-11-30
"March 8, 9078",9078-03-08
"December 20, 9044",9044-12-20
"August 1, 5038",5038-08-01
"September 10, 7518",7518-09-10
"March 28, 7472",7472-03-28
"November 7, 2631",2631-11-07
"July 11, 7466",7466-07-11
"August 9, 3161",3161-08-09
"July 17, 6652",6652-07-17
"July 20, 7225",7225-07-20
"January 17, 4549",4549-01-17
"January 11, 3016",3016-01-11
"December 26, 6631",6631-12-26
"December 18, 1435",1435-12-18
"June 24, 2036",2036-06-24
"January 4, 1645",1645-01-04
"May 11, 3671",3671-05-11
"April 7, 7909",7909-04-07
"September 20, 3512",3512-09-20
"November 5, 1228",1228-11-05
"July 14, 7045",7045-07-14
"January 15, 6489",6489-01-15
"November 7, 1007",1007-11-07
"July 4, 4809",4809-07-04
"June 26, 8052",8052-06-26
"July 16, 3313",3313-07-16
"June 28, 2498",2498-06-28
"February 23, 4913",4913-02-23
"January 13, 9233",9233-01-13
"November 18, 3037",3037-11-18
"December 21, 4715",4715-12-21
"December 1, 1683",1683-12-01
"August 22, 1251",1251-08-22
"April 8, 2696",2696-04-08
"May 24, 7736",7736-05-24
"June 17, 9092",9092-06-17
"September 8, 2626",2626-09-08
"July 11, 9892",9892-07-11
"October 8, 2273",2273-10-08
"October 8, 7043",7043-10-08
"April 3, 5190",5190-04-03
"December 4, 1832",1832-12-04
"March 4, 5290",5290-03-04
"August 23, 9090",9090-08-23
"October 4, 8603",8603-10-04
"November 14, 5542",5542-11-14
"August 4, 7729",7729-08-04
"March 19, 2160",2160-03-19
"December 8, 4864",4864-12-08
"May 9, 4465",4465-05-09
"August 26, 4704",4704-08-26
"December 16, 2566",2566-12-16
"September 18, 2808",2808-09-18
"January 19, 9410",9410-01-19
"October 29, 6016",6016-10-29
"January 31, 8341",8341-01-31
"October 25, 6594",6594-10-25
"December 8, 8454",8454-12-08
"July 25, 4643",4643-07-25
"June 23, 3000",3000-06-23
"January 7, 9121",9121-01-07
"July 13, 7453",7453-07-13
"July 31, 8964",8964-07-31
"August 7, 8047",8047-08-07
"August 24, 5097",5097-08-24
"July 28, 3563",3563-07-28
"September 17, 8642",8642-09-17
"April 11, 7763",7763-04-11
"September 3, 3013",3013-09-03
"March 20, 5345",5345-03-20
"June 10, 4523",4523-06-10
"December 1, 9428",9428-12-01
"June 14, 8906",8906-06-14
"February 14, 4382",4382-02-14
"June 2, 2462",2462-06-02
"September 25, 3040",3040-09-25
"August 12, 9369",9369-08-12
"August 24, 1020",1020-08-24
"August 5, 9061",9061-08-05
"March 20, 7578",7578-03-20
"December 31, 5496",5496-12-31
"December 2, 9851",9851-12-02
"October 3, 7516",7516-10-03
"November 15, 1371",1371-11-15
"December 16, 3090",3090-12-16
"August 8, 7917",7917-08-08
"April 13, 4654",4654-04-13
"November 12, 8020",8020-11-12
"September 4, 3536",3536-09-04
"June 17, 8345",8345-06-17
"July 24, 7494",7494-07-24
"July 24, 2195",2195-07-24
"December 30, 6697",6697-12-30
"February 5, 2615",2615-02-05
"January 5, 4803",4803-01-05
"March 28, 9559",9559-03-28
"July 2, 1893",1893-07-02
"January 20, 3733",3733-01-20
"August 20, 4982",4982-08-20
"March 25, 4669",4669-03-25
"December 15, 2927",2927-12-15
"September 22, 8305",8305-09-22
"November 23, 2018",2018-11-23
"June 29, 9141",9141-06-29
"April 21, 8694",8694-04-21
"March 18, 8339",8339-03-18
"November 2, 9374",9374-11-02
"August 14, 4855",4855-08-14
"December 4, 6128",6128-12-04
"November 12, 1130",1130-11-12
"August 6, 4045",4045-08-06
"December 8, 3407",3407-12-08
"August 19, 3865",3865-08-19
"March 2, 8960",8960-03-02
"July 12, 1778",1778-07-12
"October 16, 5024",5024-10-16
"May 13, 3947",3947-05-13
"August 17, 2240",2240-08-17
"December 13, 9272",9272-12-13
"September 18, 1014",1014-09-18
"November 28, 1552",1552-11-28
"December 15, 5431",5431-12-15
"May 8, 6032",6032-05-08
"September 20, 9412",9412-09-20
"February 20, 5819",5819-02-20
"March 2, 2910",2910-03-02
"June 9, 5754",5754-06-09
"May 13, 6662",6662-05-13
"December 27, 5348",5348-12-27
"May 28, 5033",5033-05-28
"April 30, 7270",7270-04-30
"May 7, 5310",5310-05-07
"October 7, 2164",2164-10-07
"April 9, 6506",6506-04-09
"March 2, 7638",7638-03-02
"June 26, 8475",8475-06-26
"May 18, 9707",9707-05-18
"January 31, 8891",8891-01-31
"July 4, 3590",3590-07-04
"November 19, 2867",2867-11-19
"May 30, 6182",6182-05-30
"June 14, 1846",1846-06-14
"September 13, 1383",1383-09-13
"August 14, 4386",4386-08-14
"July 27, 1230",1230-07-27
"January 9, 4660",4660-01-09
"September 9, 3998",3998-09-09
"August 16, 2202",2202-08-16
"February 3, 1852",1852-02-03
"March 12, 4925",4925-03-12
"June 3, 2953",2953-06-03
"August 13, 5311",5311-08-13
"October 7, 2847",2847-10-07
"November 1, 9405",9405-11-01
"April 19, 1861",1861-04-19
"January 25, 7282",7282-01-25
"March 6, 2069",2069-03-06
"November 22, 4880",4880-11-22
"August 14, 7821",7821-08-14
"November 10, 8046",8046-11-10
"July 25, 6543",6543-07-25
"April 5, 9090",9090-04-05
"November 30, 1355",1355-11-30
"February 25, 5953",5953-02-25
"February 4, 8506",8506-02-04
"October 6, 2894",2894-10-06
"March 15, 7974",7974-03-15
"March 11, 5986",5986-03-11
"February 14, 2804",2804-02-14
"January 6, 1615",1615-01-06
"October 22, 2162",2162-10-22
"March 1, 4802",4802-03-01
"June 18, 3360",3360-06-18
"September 15, 3181",3181-09-15
"January 5, 5700",5700-01-05
"May 4, 9006",9006-05-04
"March 19, 7363",7363-03-19
"August 10, 9291",9291-08-10
"September 27, 9382",9382-09-27
"August 5, 7202",7202-08-05
"March 14, 4046",4046-03-14
"January 19, 8586",8586-01-19
"November 26, 4232",4232-11-26
"March 27, 4415",4415-03-27
"November 30, 3727",3727-11-30
"June 18, 2101",2101-06-18
"December 30, 1569",1569-12-30
"December 10, 5511",5511-12-10
"December 26, 7565",7565-12-26
"February 12, 7312",7312-02-12
"November 11, 6637",6637-11-11
"October 8, 2763",2763-10-08
"November 29, 1625",1625-11-29
"August 16, 5143",5143-08-16
"October 26, 1043",1043-10-26
"June 19, 5910",5910-06-19
"April 16, 2006",2006-04-16
"June 29, 4382",4382-06-29
"May 22, 8602",8602-05-22
"April 21, 8178",8178-04-21
"August 23, 7892",7892-08-23
"November 28, 6515",6515-11-28
"December 26, 3292",3292-12-26
"October 5, 2113",2113-10-05
"July 16, 1295",1295-07-16
"July 26, 3376",3376-07-26
"October 9, 2961",2961-10-09
"September 26, 8328",8328-09-26
"January 19, 4351",4351-01-19
"December 3, 1940",1940-12-03
"April 21, 6438",6438-04-21
"June 18, 2326",2326-06-18
"January 4, 4541",4541-01-04
"May 12, 5564",5564-05-12
"February 23, 6408",6408-02-23
"August 7, 6616",6616-08-07
"February 16, 8591",8591-02-16
"March 18, 4043",4043-03-18
"July 31, 2046",2046-07-31
"December 12, 8370",8370-12-12
"July 13, 7248",7248-07-13
"March 19, 5450",5450-03-19
"February 9, 3123",3123-02-09
"August 27, 5260",5260-08-27
"May 15, 5380",5380-05-15
"January 24, 5242",5242-01-24
"August 25, 3142",3142-08-25
"February 11, 6119",6119-02-11
"May 13, 1512",1512-05-13
"August 4, 4023",4023-08-04
"October 23, 6049",6049-10-23
"July 19, 6340",6340-07-19
"October 17, 4024",4024-10-17
"January 29, 3598",3598-01-29
"January 23, 4084",4084-01-23
"August 4, 7479",7479-08-04
"November 5, 1707",1707-11-05
"July 12, 2735",2735-07-12
"May 18, 9638",9638-05-18
"January 1, 8998",8998-01-01
"December 13, 8664",8664-12-13
"July 1, 2110",2110-07-01
"March 25, 1984",1984-03-25
"September 4, 8672",8672-09-04
"December 20, 4947",4947-12-20
"October 16, 7217",7217-10-16
"January 23, 5754",5754-01-23
"November 10, 9686",9686-11-10
"March 10, 7772",7772-03-10
"September 1, 3612",3612-09-01
"May 8, 7357",7357-05-08
"April 25, 1700",1700-04-25
"May 18, 5445",5445-05-18
"February 18, 7001",7001-02-18
"May 31, 5807",5807-05-31
"August 23, 7149",7149-08-23
"January 8, 8890",8890-01-08
"September 12, 6452",6452-09-12
"October 30, 7576",7576-10-30
"January 9, 3706",3706-01-09
"March 18, 6469",6469-03-18
"November 26, 4431",4431-11-26
"September 10, 1906",1906-09-10
"October 13, 5533",5533-10-13
"October 24, 9202",9202-10-24
"October 22, 1398",1398-10-22
"December 10, 6765",6765-12-10
"September 3, 7559",7559-09-03
"December 7, 6934",6934-12-07
"September 20, 7562",7562-09-20
"July 20, 8780",8780-07-20
"December 24, 8122",8122-12-24
"March 26, 2693",2693-03-26
"April 9, 2381",2381-04-09
"April 6, 9695",9695-04-06
"August 7, 6156",6156-08-07
"April 10, 2985",2985-04-10
"August 28, 2919",2919-08-28
"April 7, 3433",3433-04-07
"March 11, 3213",3213-03-11
"January 26, 2449",2449-01-26
"January 27, 1490",1490-01-27
"November 16, 5861",5861-11-16
"December 15, 1899",1899-12-15
"September 30, 8844",8844-09-30
"November 21, 5999",5999-11-21
"October 6, 3318",3318-10-06
"October 29, 8202",8202-10-29
"March 6, 2698",2698-03-06
"April 19, 7833",7833-04-19
"June 20, 3961",3961-06-20
"November 18, 4671",4671-11-18
"October 9, 9349",9349-10-09
"July 16, 1769",1769-07-16
"May 23, 1999",1999-05-23
"October 12, 5456",5456-10-12
"January 26, 7389",7389-01-26
"January 27, 5563",5563-01-27
"July 31, 7339",7339-07-31
"February 11, 4745",4745-02-11
"October 14, 4171",4171-10-14
"November 25, 6967",6967-11-25
"April 20, 6261",6261-04-20
"December 25, 1141",1141-12-25
"April 7, 9043",9043-04-07
"December 16, 8154",8154-12-16
"July 1, 7747",7747-07-01
"November 25, 7000",7000-11-25
"July 30, 9976",9976-07-30
"June 16, 5818",5818-06-16
"February 15, 2292",2292-02-15
"April 19, 5759",5759-04-19
"June 9, 2718",2718-06-09
"November 14, 2701",2701-11-14
"July 20, 7506",7506-07-20
"August 11, 7751",7751-08-11
"March 28, 7691",7691-03-28
"November 30, 9708",9708-11-30
"September 15, 2150",2150-09-15
"January 26, 2213",2213-01-26
"August 23, 7461",7461-08-23
"December 29, 9951",9951-12-29
"September 26, 2159",2159-09-26
"May 19, 4285",4285-05-19
"January 4, 7151",7151-01-04
"November 10, 4948",4948-11-10
"July 3, 5718",5718-07-03
"March 30, 4033",4033-03-30
"September 21, 5398",5398-09-21
"May 1, 8519",8519-05-01
"April 8, 6576",6576-04-08
"November 23, 7568",7568-11-23
"February 1, 7993",7993-02-01
"April 14, 6432",6432-04-14
"March 30, 1430",1430-03-30
"June 23, 2977",2977-06-23
"October 1, 4162",4162-10-01
"August 7, 5627",5627-08-07
"December 13, 2651",2651-12-13
"September 6, 8099",8099-09-06
"July 25, 7989",7989-07-25
"March 12, 8818",8818-03-12
"September 27, 8965",8965-09-27
"March 13, 5613",5613-03-13
"May 13, 1445",1445-05-13
"February 18, 5545",5545-02-18
"October 1, 4806",4806-10-01
"August 5, 8929",8929-08-05
"April 8, 3728",3728-04-08
"January 15, 1566",1566-01-15
"November 27, 9563",9563-11-27
"March 22, 6457",6457-03-22
"April 26, 4084",4084-04-26
"December 18, 5276",5276-12-18
"May 6, 1232",1232-05-06
"December 4, 4879",4879-12-04
"March 1, 4480",4480-03-01
"October 27, 4570",4570-10-27
"May 25, 4219",4219-05-25
"July 26, 6645",6645-07-26
"September 11, 8994",8994-09-11
"July 29, 8864",8864-07-29
"November 22, 2127",2127-11-22
"October 10, 3617",3617-10-10
"March 26, 2543",2543-03-26
"August 8, 4450",4450-08-08
"August 21, 9540",9540-08-21
"July 5, 6088",6088-07-05
"September 2, 9888",9888-09-02
"September 23, 4684",4684-09-23
"November 30, 4093",4093-11-30
"April 2, 9369",9369-04-02
"January 21, 5786",5786-01-21
"May 8, 7947",7947-05-08
"April 21, 8413",8413-04-21
"May 3, 2025",2025-05-03
"March 8, 3158",3158-03-08
"July 2, 6072",6072-07-02
"July 13, 3427",3427-07-13
"October 15, 5675",5675-10-15
"September 22, 9508",9508-09-22
"May 10, 6563",6563-05-10
"September 23, 9721",9721-09-23
"April 21, 6931",6931-04-21
"November 3, 5293",5293-11-03
"June 12, 1645",1645-06-12
"February 27, 6917",6917-02-27
"July 30, 2825",2825-07-30
"July 9, 1753",1753-07-09
"October 25, 4572",4572-10-25
"June 3, 9148",9148-06-03
"November 4, 6819",6819-11-04
"April 26, 5632",5632-04-26
"October 1, 2557",2557-10-01
"February 25, 9963",9963-02-25
"September 13, 7020",7020-09-13
"June 1, 7530",7530-06-01
"June 6, 1332",1332-06-06
"February 18, 2995",2995-02-18
"August 15, 3213",3213-08-15
"January 26, 3305",3305-01-26
"October 9, 1661",1661-10-09
"January 19, 3865",3865-01-19
"October 11, 1379",1379-10-11
"September 6, 6241",6241-09-06
"August 8, 1580",1580-08-08
"May 30, 5138",5138-05-30
"September 29, 9091",9091-09-29
"July 1, 3286",3286-07-01
"April 2, 4146",4146-04-02
"January 4, 5230",5230-01-04
"November 28, 6330",6330-11-28
"September 4, 6800",6800-09-04
"May 2, 5558",5558-05-02
"October 19, 8296",8296-10-19
"July 5, 2422",2422-07-05
"May 6, 8822",8822-05-06
"December 23, 1350",1350-12-23
"April 28, 3778",3778-04-28
"April 6, 5277",5277-04-06
"January 15, 6613",6613-01-15
"October 8, 7821",7821-10-08
"November 18, 6122",6122-11-18
"April 21, 3039",3039-04-21
"December 2, 6449",6449-12-02
"July 5, 7739",7739-07-05
"April 22, 7331",7331-04-22
"July 5, 5016",5016-07-05
"March 22, 4953",4953-03-22
"September 22, 2877",2877-09-22
"May 9, 3970",3970-05-09
"October 12, 9600",9600-10-12
"June 30, 8910",8910-06-30
"January 10, 2038",2038-01-10
"August 17, 4273",4273-08-17
"March 26, 1315",1315-03-26
"March 4, 5439",5439-03-04
"March 5, 1570",1570-03-05
"October 7, 2870",2870-10-07
"August 5, 7571",7571-08-05
"April 9, 9955",9955-04-09
"February 25, 3461",3461-02-25
"November 29, 3541",3541-11-29
"April 6, 8434",8434-04-06
"February 6, 3585",3585-02-06
"May 23, 8782",8782-05-23
"January 7, 3374",3374-01-07
"January 19, 4090",4090-01-19
"July 30, 8482",8482-07-30
"August 16, 5702",5702-08-16
"April 28, 6894",6894-04-28
"April 10, 1230",1230-04-10
"September 15, 9960",9960-09-15
"July 6, 9814",9814-07-06
"February 13, 8834",8834-02-13
"March 8, 1102",1102-03-08
"May 7, 6444",6444-05-07
"June 12, 2519",2519-06-12
"March 2, 8434",8434-03-02
"December 20, 2988",2988-12-20
"April 15, 7903",7903-04-15
"March 12, 1097",1097-03-12
"September 9, 3569",3569-09-09
"May 10, 3898",3898-05-10
"December 27, 7985",7985-12-27
"October 13, 4507",4507-10-13
"November 2, 9184",9184-11-02
"February 10, 9146",9146-02-10
"December 25, 8380",8380-12-25
"May 5, 4162",4162-05-05
"November 1, 5866",5866-11-01
"April 20, 5323",5323-04-20
"June 11, 5004",5004-06-11
"December 16, 6270",6270-12-16
"November 9, 3893",3893-11-09
"October 31, 3505",3505-10-31
"May 20, 6359",6359-05-20
"September 19, 4469",4469-09-19
"August 29, 8776",8776-08-29
"October 21, 6978",6978-10-21
"April 2, 8161",8161-04-02
"September 30, 5560",5560-09-30
"January 10, 7712",7712-01-10
"November 30, 2174",2174-11-30
"May 17, 1084",1084-05-17
"January 10, 6874",6874-01-10
"March 28, 8606",8606-03-28
"July 5, 5297",5297-07-05
"July 23, 7447",7447-07-23
"October 29, 8433",8433-10-29
"August 28, 7818",7818-08-28
"February 5, 7994",7994-02-05
"February 25, 4246",4246-02-25
"August 1, 4427",4427-08-01
"July 15, 8859",8859-07-15
"June 7, 2241",2241-06-07
"February 6, 6532",6532-02-06
"January 30, 1733",1733-01-30
"October 1, 4861",4861-10-01
"January 10, 4175",4175-01-10
"May 6, 8356",8356-05-06
"October 1, 4733",4733-10-01
"August 22, 4179",4179-08-22
"November 29, 3998",3998-11-29
"August 17, 8534",8534-08-17
"December 5, 9165",9165-12-05
"March 10, 8481",8481-03-10
"March 15, 4431",4431-03-15
"January 21, 3163",3163-01-21
"September 25, 2721",2721-09-25
"May 26, 6940",6940-05-26
"May 31, 9790",9790-05-31
"July 15, 3759",3759-07-15
"December 24, 1651",1651-12-24
"July 21, 7890",7890-07-21
"July 5, 5640",5640-07-05
"April 10, 8585",8585-04-10
"December 31, 4669",4669-12-31
"July 15, 8817",8817-07-15
"November 24, 2606",2606-11-24
"December 9, 9282",9282-12-09
"April 26, 1292",1292-04-26
"May 15, 8526",8526-05-15
"August 22, 6711",6711-08-22
"August 11, 4394",4394-08-11
"February 25, 3979",3979-02-25
"August 25, 5806",5806-08-25
"April 4, 5646",5646-04-04
"October 20, 5458",5458-10-20
"May 7, 9460",9460-05-07
"August 4, 1405",1405-08-04
"March 21, 7695",7695-03-21
"March 12, 9131",9131-03-12
"February 11, 7569",7569-02-11
"November 29, 3180",3180-11-29
"October 18, 4940",4940-10-18
"June 3, 9343",9343-06-03
"January 22, 9192",9192-01-22
"July 14, 3553",3553-07-14
"May 30, 8881",8881-05-30
"July 19, 7139",7139-07-19
"February 24, 8330",8330-02-24
"February 28, 6463",6463-02-28
"June 25, 8715",8715-06-25
"November 4, 5116",5116-11-04
"October 22, 6825",6825-10-22
"April 28, 4447",4447-04-28
"January 23, 2952",2952-01-23
"October 17, 8551",8551-10-17
"September 16, 7410",7410-09-16
"February 4, 3080",3080-02-04
"September 14, 4373",4373-09-14
"November 1, 2120",2120-11-01
"April 8, 6406",6406-04-08
"April 5, 2469",2469-04-05
"June 6, 9508",9508-06-06
"April 5, 3970",3970-04-05
"October 7, 9327",9327-10-07
"September 15, 7419",7419-09-15
"January 21, 9761",9761-01-21
"April 16, 3102",3102-04-16
"July 22, 8805",8805-07-22
"April 10, 4854",4854-04-10
"April 11, 8515",8515-04-11
"June 26, 2025",2025-06-26
"April 10, 3552",3552-04-10
"December 9, 5079",5079-12-09
"August 12, 3564",3564-08-12
"March 22, 9546",9546-03-22
"June 13, 4526",4526-06-13
"July 18, 5828",5828-07-18
"September 19, 4804",4804-09-19
"April 4, 5268",5268-04-04
"February 29, 3992",3992-02-29
"June 20, 7724",7724-06-20
"October 8, 4376",4376-10-08
"August 26, 6325",6325-08-26
"July 23, 2352",2352-07-23
"June 18, 6403",6403-06-18
"May 28, 1616",1616-05-28
"March 2, 8285",8285-03-02
"July 19, 7701",7701-07-19
"February 3, 7664",7664-02-03
"May 12, 8127",8127-05-12
"October 25, 1817",1817-10-25
"October 15, 6422",6422-10-15
"January 24, 3234",3234-01-24
"April 17, 6747",6747-04-17
"December 3, 2375",2375-12-03
"November 14, 8816",8816-11-14
"December 10, 5382",5382-12-10
"June 17, 7084",7084-06-17
"March 15, 4426",4426-03-15
"December 19, 5743",5743-12-19
"October 29, 1620",1620-10-29
"June 26, 2731",2731-06-26
"June 13, 2577",2577-06-13
"February 16, 3300",3300-02-16
"February 2, 4935",4935-02-02
"December 31, 5698",5698-12-31
"October 24, 7538",7538-10-24
"July 29, 6254",6254-07-29
"September 24, 2644",2644-09-24
"March 24, 4633",4633-03-24
"June 18, 9218",9218-06-18
"February 24, 3071",3071-02-24
"January 23, 9945",9945-01-23
"January 4, 1928",1928-01-04
"March 11, 6599",6599-03-11
"October 16, 4819",4819-10-16
"July 16, 8246",8246-07-16
"August 1, 3030",3030-08-01
"February 15, 4599",4599-02-15
"May 5, 8286",8286-05-05
"March 16, 1666",1666-03-16
"February 16, 1054",1054-02-16
"March 16, 6191",6191-03-16
"February 2, 4141",4141-02-02
"June 20, 3404",3404-06-20
"April 2, 9741",9741-04-02
"January 23, 9883",9883-01-23
"March 15, 2936",2936-03-15
"October 6, 7617",7617-10-06
"January 14, 9779",9779-01-14
"May 30, 2819",2819-05-30
"February 12, 6622",6622-02-12
"July 14, 9768",9768-07-14
"May 18, 9954",9954-05-18
"January 13, 2011",2011-01-13
"January 17, 2486",2486-01-17
"June 12, 8056",8056-06-12
"July 29, 5980",5980-07-29
"September 23, 8274",8274-09-23
"March 6, 5931",5931-03-06
"May 31, 5632",5632-05-31
"October 7, 5926",5926-10-07
"April 12, 6482",6482-04-12
"November 10, 5401",5401-11-10
"August 14, 1053",1053-08-14
"March 23, 1433",1433-03-23
"October 3, 7129",7129-10-03
"December 29, 3289",3289-12-29
"August 10, 9390",9390-08-10
"July 20, 5284",5284-07-20
"August 28, 1161",1161-08-28
"March 4, 4700",4700-03-04
"May 7, 9691",9691-05-07
"March 10, 7098",7098-03-10
"July 5, 3188",3188-07-05
"September 28, 1205",1205-09-28
"July 8, 8771",8771-07-08
"May 11, 1047",1047-05-11
"August 18, 8196",8196-08-18
"June 2, 9424",9424-06-02
"May 22, 3857",3857-05-22
"May 8, 3598",3598-05-08
"March 3, 8964",8964-03-03
"May 19, 4954",4954-05-19
"December 12, 4583",4583-12-12
"August 3, 2480",2480-08-03
"June 18, 2179",2179-06-18
"July 19, 5404",5404-07-19
"February 15, 6780",6780-02-15
"January 25, 7760",7760-01-25
"April 23, 4515",4515-04-23
"December 30, 2917",2917-12-30
"September 24, 1749",1749-09-24
"January 5, 1525",1525-01-05
"June 9, 4424",4424-06-09
"October 4, 4339",4339-10-04
"September 7, 6235",6235-09-07
"February 21, 9358",9358-02-21
"October 16, 6974",6974-10-16
"June 25, 7848",7848-06-25
"October 7, 7018",7018-10-07
"July 27, 4879",4879-07-27
"January 17, 5980",5980-01-17
"September 19, 8886",8886-09-19
"May 21, 2536",2536-05-21
"October 24, 4935",4935-10-24
"January 9, 6629",6629-01-09
"July 2, 5125",5125-07-02
"January 14, 9614",9614-01-14
"October 25, 3163",3163-10-25
"June 16, 2893",2893-06-16
"May 24, 5632",5632-05-24
"August 15, 1219",1219-08-15
"January 25, 3623",3623-01-25
"January 8, 3576",3576-01-08
"July 12, 9350",9350-07-12
"September 19, 2506",2506-09-19
"March 25, 3425",3425-03-25
"November 8, 9429",9429-11-08
"August 23, 1251",1251-08-23
"October 22, 7771",7771-10-22
"January 7, 6795",6795-01-07
"July 22, 2940",2940-07-22
"May 6, 2414",2414-05-06
"October 17, 5209",5209-10-17
"February 11, 9166",9166-02-11
"July 22, 8470",8470-07-22
"January 25, 1429",1429-01-25
"July 26, 5308",5308-07-26
"March 15, 8353",8353-03-15
"May 21, 3937",3937-05-21
"September 25, 9856",9856-09-25
"September 3, 7140",7140-09-03
"November 3, 8155",8155-11-03
"December 15, 1557",1557-12-15
"May 25, 7820",7820-05-25
"October 5, 1550",1550-10-05
"October 23, 8601",8601-10-23
"July 14, 2241",2241-07-14
"April 27, 8505",8505-04-27
"September 15, 1226",1226-09-15
"November 30, 1553",1553-11-30
"October 27, 8920",8920-10-27
"September 8, 2329",2329-09-08
"February 2, 5786",5786-02-02
"May 3, 6102",6102-05-03
"September 8, 5366",5366-09-08
"April 27, 2419",2419-04-27
"October 11, 7284",7284-10-11
"May 9, 3902",3902-05-09
"October 14, 6447",6447-10-14
"December 26, 9059",9059-12-26
"June 15, 2758",2758-06-15
"October 29, 3359",3359-10-29
"April 26, 8983",8983-04-26
"October 10, 8874",8874-10-10
"April 3, 8238",8238-04-03
"November 8, 1106",1106-11-08
"November 26, 4457",4457-11-26
"February 15, 5833",5833-02-15
"April 20, 8598",8598-04-20
"August 13, 2159",2159-08-13
"September 13, 8607",8607-09-13
"January 12, 6975",6975-01-12
"April 25, 4100",4100-04-25
"December 21, 8151",8151-12-21
"November 15, 7954",7954-11-15
"November 15, 9046",9046-11-15
"February 18, 2575",2575-02-18
"August 20, 5809",5809-08-20
"October 18, 2204",2204-10-18
"November 4, 6874",6874-11-04
"January 13, 9254",9254-01-13
"May 28, 8093",8093-05-28
"January 8, 2352",2352-01-08
"July 1, 4246",4246-07-01
"April 12, 2309",2309-04-12
"April 17, 2220",2220-04-17
"November 5, 6715",6715-11-05
"March 7, 3281",3281-03-07
"July 17, 7993",7993-07-17
"November 4, 3293",3293-11-04
"October 13, 9933",9933-10-13
"February 14, 4020",4020-02-14
"August 11, 7007",7007-08-11
"December 9, 3315",3315-12-09
"March 28, 5110",5110-03-28
"December 30, 9077",9077-12-30
"June 26, 5705",5705-06-26
"September 13, 4391",4391-09-13
"September 1, 2841",2841-09-01
"July 9, 1452",1452-07-09
"August 12, 7294",7294-08-12
"December 12, 6699",6699-12-12
"January 28, 3385",3385-01-28
"January 26, 8903",8903-01-26
"October 5, 6519",6519-10-05
"July 11, 4796",4796-07-11
"December 19, 3692",3692-12-19
"June 12, 1031",1031-06-12
"May 30, 1146",1146-05-30
"October 11, 8712",8712-10-11
"January 27, 2022",2022-01-27
"February 23, 2268",2268-02-23
"May 8, 7593",7593-05-08
"October 16, 8682",8682-10-16
"February 6, 6674",6674-02-06
"September 20, 2712",2712-09-20
"June 23, 2034",2034-06-23
"October 12, 9951",9951-10-12
"March 23, 6876",6876-03-23
"October 29, 1861",1861-10-29
"February 15, 9309",9309-02-15
"April 9, 9309",9309-04-09
"March 8, 2163",2163-03-08
"July 27, 3938",3938-07-27
"April 26, 8399",8399-04-26
"July 22, 3654",3654-07-22
"February 26, 6245",6245-02-26
"May 29, 4399",4399-05-29
"February 9, 4033",4033-02-09
"August 2, 6331",6331-08-02
"February 7, 1575",1575-02-07
"March 2, 2146",2146-03-02
"March 18, 3006",3006-03-18
"December 19, 1452",1452-12-19
"October 6, 4336",4336-10-06
"July 26, 5136",5136-07-26
"September 23, 8771",8771-09-23
"January 3, 4591",4591-01-03
"December 19, 5891",5891-12-19
"February 10, 9481",9481-02-10
"December 19, 2330",2330-12-19
"December 4, 2090",2090-12-04
"December 4, 9706",9706-12-04
"December 22, 1526",1526-12-22
"January 28, 1111",1111-01-28
"April 8, 2589",2589-04-08
"September 18, 8617",8617-09-18
"March 6, 8432",8432-03-06
"February 5, 2958",2958-02-05
"March 20, 4774",4774-03-20
"September 16, 5105",5105-09-16
"July 18, 6026",6026-07-18
"August 4, 8140",8140-08-04
"February 28, 4081",4081-02-28
"April 9, 9418",9418-04-09
"June 2, 2067",2067-06-02
"January 18, 5279",5279-01-18
"September 12, 4935",4935-09-12
"January 1, 3100",3100-01-01
"March 17, 2307",2307-03-17
"May 17, 5602",5602-05-17
"April 27, 5596",5596-04-27
"September 19, 6242",6242-09-19
"August 17, 4121",4121-08-17
"May 30, 5429",5429-05-30
"July 29, 8922",8922-07-29
"December 24, 6491",6491-12-24
"February 6, 5843",5843-02-06
"February 7, 8451",8451-02-07
"March 23, 2915",2915-03-23
"April 19, 2298",2298-04-19
"September 17, 2521",2521-09-17
"July 19, 8994",8994-07-19
"October 29, 9341",9341-10-29
"June 21, 1673",1673-06-21
"June 8, 2830",2830-06-08
"January 1, 2191",2191-01-01
"July 2, 5777",5777-07-02
"December 13, 7783",7783-12-13
"November 8, 6542",6542-11-08
"July 12, 7533",7533-07-12
"May 29, 8790",8790-05-29
"September 11, 6031",6031-09-11
"July 11, 3081",3081-07-11
"March 14, 8020",8020-03-14
"November 29, 5360",5360-11-29
"August 16, 9947",9947-08-16
"January 5, 5118",5118-01-05
"August 9, 8020",8020-08-09
"December 1, 1330",1330-12-01
"February 14, 8860",8860-02-14
"October 15, 9351",9351-10-15
"May 25, 2500",2500-05-25
"July 2, 6547",6547-07-02
"June 1, 6605",6605-06-01
"December 6, 2296",2296-12-06
"January 12, 5723",5723-01-12
"September 8, 6060",6060-09-08
"December 6, 1527",1527-12-06
"April 30, 1727",1727-04-30
"April 5, 4004",4004-04-05
"June 19, 8521",8521-06-19
"August 3, 4608",4608-08-03
"December 10, 1141",1141-12-10
"December 28, 9090",9090-12-28
"January 27, 8785",8785-01-27
"October 22, 7026",7026-10-22
"January 2, 9814",9814-01-02
"June 29, 9539",9539-06-29
"January 6, 7622",7622-01-06
"July 16, 9311",9311-07-16
"May 20, 7488",7488-05-20
"February 27, 3572",3572-02-27
"March 26, 8692",8692-03-26
"November 29, 4884",4884-11-29
"February 20, 6961",6961-02-20
"February 12, 7007",7007-02-12
"July 3, 8903",8903-07-03
"March 12, 9045",9045-03-12
"August 14, 8099",8099-08-14
"September 21, 2093",2093-09-21
"August 29, 5970",5970-08-29
"November 10, 8598",8598-11-10
"August 4, 9344",9344-08-04
"July 25, 3854",3854-07-25
"April 18, 6534",6534-04-18
"June 15, 4970",4970-06-15
"October 19, 8621",8621-10-19
"April 27, 8766",8766-04-27
"August 23, 8365",8365-08-23
"October 11, 5419",5419-10-11
"February 3, 2707",2707-02-03
"October 24, 7411",7411-10-24
"June 20, 8038",8038-06-20
"August 13, 1626",1626-08-13
"September 23, 1133",1133-09-23
"July 17, 8388",8388-07-17
"February 4, 2802",2802-02-04
"September 29, 6805",6805-09-29
"February 18, 6389",6389-02-18
"December 23, 6693",6693-12-23
"June 8, 2899",2899-06-08
"September 22, 1859",1859-09-22
"February 17, 9629",9629-02-17
"November 24, 6645",6645-11-24
"January 13, 4682",4682-01-13
"April 23, 3766",3766-04-23
"November 14, 4799",4799-11-14
"April 1, 4194",4194-04-01
"March 18, 1578",1578-03-18
"May 19, 6821",6821-05-19
"June 23, 3557",3557-06-23
"September 5, 7321",7321-09-05
"August 11, 8387",8387-08-11
"February 17, 5348",5348-02-17
"January 29, 5631",5631-01-29
"August 25, 3698",3698-08-25
"April 6, 1905",1905-04-06
"January 25, 6272",6272-01-25
"November 23, 6100",6100-11-23
"July 6, 7580",7580-07-06
"October 16, 6145",6145-10-16
"October 15, 2010",2010-10-15
"January 30, 6724",6724-01-30
"December 16, 6133",6133-12-16
"July 13, 4629",4629-07-13
"March 9, 2363",2363-03-09
"August 25, 6711",6711-08-25
"January 14, 9558",9558-01-14
"February 1, 8503",8503-02-01
"January 21, 1204",1204-01-21
"September 19, 2178",2178-09-19
"December 11, 5632",5632-12-11
"February 20, 5735",5735-02-20
"June 26, 1411",1411-06-26
"November 16, 7397",7397-11-16
"August 22, 7305",7305-08-22
"December 13, 1001",1001-12-13
"October 23, 2043",2043-10-23
"June 10, 7938",7938-06-10
"February 12, 8109",8109-02-12
"March 30, 8321",8321-03-30
"November 19, 4497",4497-11-19
"July 22, 6837",6837-07-22
"August 11, 7457",7457-08-11
"May 27, 3375",3375-05-27
"February 16, 8517",8517-02-16
"December 15, 8710",8710-12-15
"December 1, 6238",6238-12-01
"March 29, 4914",4914-03-29
"June 26, 5172",5172-06-26
"April 11, 1623",1623-04-11
"November 28, 3559",3559-11-28
"November 5, 6218",6218-11-05
"March 31, 4812",4812-03-31
"July 22, 7432",7432-07-22
"September 18, 9812",9812-09-18
"January 23, 8117",8117-01-23
"August 10, 7889",7889-08-10
"April 14, 6433",6433-04-14
"October 28, 9229",9229-10-28
"August 28, 8546",8546-08-28
"December 8, 5171",5171-12-08
"April 10, 9221",9221-04-10
"September 15, 6196",6196-09-15
"May 27, 2309",2309-05-27
"December 6, 2118",2118-12-06
"September 27, 9719",9719-09-27
"September 2, 8566",8566-09-02
"June 17, 3546",3546-06-17
"March 25, 1025",1025-03-25
"January 6, 4920",4920-01-06
"April 12, 5078",5078-04-12
"September 20, 8276",8276-09-20
"January 10, 4353",4353-01-10
"June 19, 7289",7289-06-19
"April 11, 6994",6994-04-11
"August 11, 5293",5293-08-11
"August 8, 9062",9062-08-08
"December 18, 2220",2220-12-18
"September 13, 1525",1525-09-13
"February 4, 2885",2885-02-04
"October 15, 6654",6654-10-15
"November 12, 2612",2612-11-12
"February 6, 9232",9232-02-06
"September 17, 9526",9526-09-17
"February 8, 9286",9286-02-08
"March 21, 5699",5699-03-21
"April 22, 2228",2228-04-22
"February 29, 3920",3920-02-29
"October 15, 8014",8014-10-15
"November 20, 3249",3249-11-20
"September 5, 3153",3153-09-05
"August 7, 2386",2386-08-07
"November 16, 5511",5511-11-16
"September 30, 3475",3475-09-30
"July 16, 6248",6248-07-16
"July 13, 9973",9973-07-13
"July 14, 3188",3188-07-14
"April 26, 9231",9231-04-26
"September 12, 4880",4880-09-12
"July 17, 2237",2237-07-17
"October 23, 9694",9694-10-23
"August 14, 5759",5759-08-14
"December 29, 1533",1533-12-29
"November 22, 8271",8271-11-22
"August 14, 8718",8718-08-14
"September 5, 7761",7761-09-05
"January 1, 2415",2415-01-01
"January 7, 9867",9867-01-07
"June 3, 6173",6173-06-03
"June 19, 6252",6252-06-19
"June 18, 8561",8561-06-18
"June 25, 7767",7767-06-25
"January 4, 6790",6790-01-04
"February 9, 2546",2546-02-09
"May 10, 6728",6728-05-10
"October 24, 1049",1049-10-24
"July 2, 7090",7090-07-02
"May 26, 9454",9454-05-26
"October 12, 1557",1557-10-12
"January 14, 7353",7353-01-14
"March 25, 5970",5970-03-25
"April 21, 7719",7719-04-21
"October 21, 6545",6545-10-21
"July 1, 6837",6837-07-01
"August 22, 9969",9969-08-22
"December 4, 3034",3034-12-04
"July 26, 8944",8944-07-26
"November 23, 7643",7643-11-23
"February 18, 2994",2994-02-18
"September 19, 9388",9388-09-19
"April 15, 2474",2474-04-15
"March 4, 2189",2189-03-04
"October 25, 5448",5448-10-25
"September 23, 8550",8550-09-23
"June 9, 7896",7896-06-09
"December 1, 7960",7960-12-01
"December 6, 4695",4695-12-06
"January 3, 6789",6789-01-03
"April 27, 5417",5417-04-27
"October 15, 5807",5807-10-15
"June 13, 7993",7993-06-13
"July 31, 8952",8952-07-31
"October 26, 9754",9754-10-26
"September 5, 3850",3850-09-05
"November 14, 4141",4141-11-14
"December 26, 5568",5568-12-26
"April 5, 4937",4937-04-05
"March 6, 4378",4378-03-06
"April 22, 6200",6200-04-22
"August 5, 2531",2531-08-05
"October 21, 2586",2586-10-21
"October 23, 5739",5739-10-23
"February 28, 7919",7919-02-28
"September 11, 9038",9038-09-11
"August 24, 9594",9594-08-24
"December 29, 6882",6882-12-29
"August 8, 4432",4432-08-08
"September 10, 9055",9055-09-10
"October 16, 7290",7290-10-16
"October 31, 4604",4604-10-31
"November 22, 9174",9174-11-22
"May 5, 9461",9461-05-05
"February 12, 7357",7357-02-12
"May 5, 8264",8264-05-05
"November 17, 3495",3495-11-17
"December 7, 3306",3306-12-07
"April 5, 3408",3408-04-05
"September 13, 8167",8167-09-13
"September 19, 9203",9203-09-19
"November 26, 4336",4336-11-26
"October 11, 8884",8884-10-11
"March 21, 4965",4965-03-21
"April 13, 8721",8721-04-13
"July 21, 2523",2523-07-21
"December 2, 9157",9157-12-02
"May 4, 8465",8465-05-04
"December 7, 3041",3041-12-07
"July 9, 6786",6786-07-09
"October 6, 7229",7229-10-06
"March 18, 8973",8973-03-18
"August 28, 8313",8313-08-28
"February 8, 4702",4702-02-08
"June 2, 9157",9157-06-02
"April 9, 2325",2325-04-09
"June 12, 9736",9736-06-12
"December 18, 5044",5044-12-18
"January 4, 7457",7457-01-04
"May 20, 6516",6516-05-20
"September 20, 7692",7692-09-20
"December 28, 7552",7552-12-28
"May 18, 8661",8661-05-18
"October 15, 9154",9154-10-15
"February 26, 5794",5794-02-26
"October 3, 8742",8742-10-03
"March 27, 9588",9588-03-27
"February 19, 7131",7131-02-19
"June 27, 4283",4283-06-27
"July 10, 5850",5850-07-10
"August 27, 1146",1146-08-27
"October 31, 7002",7002-10-31
"September 1, 2222",2222-09-01
"March 20, 1290",1290-03-20
"October 7, 5373",5373-10-07
"November 16, 2668",2668-11-16
"May 18, 1609",1609-05-18
"December 9, 8696",8696-12-09
"January 10, 1650",1650-01-10
"August 8, 3295",3295-08-08
"November 16, 4065",4065-11-16
"November 2, 9614",9614-11-02
"February 13, 2848",2848-02-13
"May 20, 4291",4291-05-20
"October 16, 8847",8847-10-16
"May 7, 3877",3877-05-07
"July 12, 2681",2681-07-12
"May 12, 1712",1712-05-12
"July 11, 8930",8930-07-11
"April 13, 4389",4389-04-13
"September 1, 3342",3342-09-01
"December 25, 9653",9653-12-25
"August 12, 7214",7214-08-12
"December 29, 1370",1370-12-29
"December 22, 5118",5118-12-22
"June 2, 6197",6197-06-02
"November 3, 2176",2176-11-03
"February 26, 8075",8075-02-26
"June 25, 8757",8757-06-25
"January 18, 9492",9492-01-18
"June 21, 7452",7452-06-21
"November 11, 3575",3575-11-11
"August 1, 9525",9525-08-01
"April 9, 8431",8431-04-09
"June 1, 7445",7445-06-01
"October 28, 5465",5465-10-28
"June 15, 3728",3728-06-15
"March 27, 6867",6867-03-27
"January 26, 8994",8994-01-26
"February 18, 4303",4303-02-18
"May 30, 8957",8957-05-30
"October 16, 8630",8630-10-16
"July 2, 1539",1539-07-02
"December 12, 5381",5381-12-12
"July 13, 5450",5450-07-13
"September 8, 5783",5783-09-08
"December 26, 8867",8867-12-26
"May 25, 4590",4590-05-25
"May 21, 7340",7340-05-21
"November 4, 1617",1617-11-04
"November 21, 1148",1148-11-21
"January 8, 9540",9540-01-08
"April 22, 3886",3886-04-22
"March 5, 3332",3332-03-05
"April 17, 8126",8126-04-17
"November 4, 9967",9967-11-04
"December 22, 6087",6087-12-22
"February 10, 3590",3590-02-10
"March 8, 8278",8278-03-08
"September 9, 9091",9091-09-09
"February 24, 9148",9148-02-24
"February 28, 8437",8437-02-28
"December 31, 5222",5222-12-31
"May 14, 9671",9671-05-14
"October 15, 7756",7756-10-15
"February 12, 7277",7277-02-12
"January 28, 9480",9480-01-28
"January 24, 7929",7929-01-24
"March 5, 3256",3256-03-05
"December 21, 9912",9912-12-21
"August 21, 9324",9324-08-21
"January 20, 3222",3222-01-20
"March 23, 4378",4378-03-23
"January 7, 6154",6154-01-07
"June 29, 3037",3037-06-29
"May 23, 8839",8839-05-23
"March 5, 1855",1855-03-05
"March 3, 3147",3147-03-03
"October 18, 2995",2995-10-18
"May 15, 9441",9441-05-15
"October 26, 6900",6900-10-26
"August 13, 2370",2370-08-13
"August 8, 5331",5331-08-08
"August 18, 1466",1466-08-18
"October 27, 5920",5920-10-27
"March 21, 4205",4205-03-21
"October 6, 7391",7391-10-06
"June 5, 4034",4034-06-05
"August 19, 2493",2493-08-19
"January 17, 2848",2848-01-17
"April 10, 7706",7706-04-10
"July 5, 3928",3928-07-05
"October 29, 1064",1064-10-29
"January 21, 4796",4796-01-21
"March 4, 6355",6355-03-04
"October 19, 9149",9149-10-19
"September 24, 2777",2777-09-24
"August 30, 1458",1458-08-30
"January 26, 2765",2765-01-26
"December 17, 4704",4704-12-17
"May 6, 7854",7854-05-06
"January 3, 1584",1584-01-03
"June 4, 9884",9884-06-04
"June 20, 8181",8181-06-20
"May 30, 8069",8069-05-30
"November 22, 8600",8600-11-22
"May 6, 4458",4458-05-06
"April 19, 6633",6633-04-19
"May 27, 7576",7576-05-27
"October 30, 7317",7317-10-30
"February 13, 5112",5112-02-13
"December 8, 1836",1836-12-08
"September 29, 9126",9126-09-29
"March 4, 4650",4650-03-04
"June 8, 7033",7033-06-08
"December 17, 3525",3525-12-17
"June 26, 3111",3111-06-26
"June 11, 6978",6978-06-11
"November 29, 1782",1782-11-29
"November 2, 6800",6800-11-02
"February 24, 2830",2830-02-24
"May 24, 5776",5776-05-24
"July 10, 7236",7236-07-10
"February 12, 7167",7167-02-12
"September 7, 5632",5632-09-07
"November 13, 2055",2055-11-13
"May 30, 5012",5012-05-30
"February 26, 3540",3540-02-26
"January 27, 3450",3450-01-27
"June 24, 8617",8617-06-24
"March 23, 4811",4811-03-23
"November 3, 4801",4801-11-03
"April 7, 5143",5143-04-07
"April 19, 4371",4371-04-19
"July 17, 3508",3508-07-17
"March 17, 9643",9643-03-17
"February 4, 8100",8100-02-04
"January 17, 7092",7092-01-17
"January 28, 6453",6453-01-28
"February 25, 7446",7446-02-25
"March 19, 9637",9637-03-19
"April 24, 8456",8456-04-24
"February 6, 1101",1101-02-06
"June 4, 2317",2317-06-04
"October 31, 8681",8681-10-31
"May 31, 4973",4973-05-31
"November 14, 6117",6117-11-14
"January 24, 3760",3760-01-24
"July 8, 8375",8375-07-08
"July 4, 8047",8047-07-04
"November 2, 8132",8132-11-02
"January 7, 3800",3800-01-07
"December 8, 1457",1457-12-08
"February 26, 8838",8838-02-26
"July 8, 4685",4685-07-08
"July 15, 5379",5379-07-15
"December 12, 2301",2301-12-12
"April 2, 5431",5431-04-02
"August 3, 3946",3946-08-03
"November 17, 7203",7203-11-17
"November 9, 9313",9313-11-09
"November 25, 4247",4247-11-25
"September 17, 1283",1283-09-17
"July 6, 6935",6935-07-06
"January 23, 9848",9848-01-23
"November 16, 5305",5305-11-16
"February 16, 6906",6906-02-16
"February 14, 6842",6842-02-14
"August 9, 6116",6116-08-09
"April 11, 6590",6590-04-11
"July 31, 1503",1503-07-31
"February 19, 4404",4404-02-19
"November 24, 8481",8481-11-24
"September 27, 3210",3210-09-27
"May 8, 4678",4678-05-08
"May 15, 6901",6901-05-15
"August 16, 1945",1945-08-16
"December 5, 2101",2101-12-05
"April 19, 2922",2922-04-19
"June 28, 9880",9880-06-28
"November 23, 7177",7177-11-23
"February 18, 7123",7123-02-18
"March 7, 1084",1084-03-07
"June 16, 8199",8199-06-16
"November 8, 1751",1751-11-08
"July 14, 3420",3420-07-14
"November 14, 8697",8697-11-14
"February 7, 8229",8229-02-07
"July 10, 9883",9883-07-10
"January 9, 3448",3448-01-09
"December 5, 8870",8870-12-05
"June 17, 5871",5871-06-17
"June 15, 2193",2193-06-15
"October 18, 3360",3360-10-18
"May 13, 7175",7175-05-13
"January 11, 9070",9070-01-11
"September 1, 9513",9513-09-01
"March 6, 9902",9902-03-06
"February 7, 5998",5998-02-07
"November 10, 8424",8424-11-10
"March 16, 1828",1828-03-16
"January 3, 9577",9577-01-03
"April 5, 8878",8878-04-05
"August 29, 2765",2765-08-29
"October 8, 1272",1272-10-08
"July 26, 6273",6273-07-26
"March 28, 9232",9232-03-28
"April 17, 4809",4809-04-17
"January 27, 1435",1435-01-27
"January 21, 2005",2005-01-21
"February 25, 1841",1841-02-25
"March 12, 1623",1623-03-12
"December 30, 3043",3043-12-30
"October 24, 3892",3892-10-24
"October 28, 7408",7408-10-28
"December 6, 1808",1808-12-06
"August 24, 7602",7602-08-24
"March 12, 3614",3614-03-12
"March 20, 3970",3970-03-20
"February 4, 5681",5681-02-04
"January 7, 5456",5456-01-07
"July 21, 6180",6180-07-21
"March 4, 8237",8237-03-04
"July 10, 5644",5644-07-10
"September 10, 5972",5972-09-10
"June 19, 4633",4633-06-19
"December 20, 1193",1193-12-20
"November 21, 5472",5472-11-21
"November 27, 8731",8731-11-27
"July 31, 2358",2358-07-31
"October 31, 7141",7141-10-31
"September 28, 1067",1067-09-28
"November 7, 8365",8365-11-07
"June 26, 9271",9271-06-26
"November 20, 8100",8100-11-20
"March 13, 1726",1726-03-13
"February 27, 9681",9681-02-27
"March 20, 9566",9566-03-20
"November 24, 7724",7724-11-24
"September 13, 1522",1522-09-13
"August 29, 9048",9048-08-29
"August 4, 1833",1833-08-04
"September 11, 5107",5107-09-11
"May 22, 6774",6774-05-22
"October 27, 2218",2218-10-27
"May 16, 4328",4328-05-16
"May 13, 8876",8876-05-13
"August 5, 4460",4460-08-05
"July 27, 7965",7965-07-27
"May 24, 1993",1993-05-24
"November 2, 4232",4232-11-02
"February 11, 9788",9788-02-11
"February 7, 6026",6026-02-07
"January 3, 5380",5380-01-03
"May 1, 5537",5537-05-01
"June 28, 8587",8587-06-28
"November 30, 1353",1353-11-30
"February 3, 6443",6443-02-03
"February 28, 2795",2795-02-28
"February 20, 7126",7126-02-20
"November 8, 3524",3524-11-08
"February 25, 2566",2566-02-25
"June 8, 9575",9575-06-08
"January 3, 5490",5490-01-03
"November 21, 7266",7266-11-21
"June 3, 4387",4387-06-03
"February 19, 8281",8281-02-19
"July 5, 2654",2654-07-05
"October 7, 4422",4422-10-07
"September 23, 8777",8777-09-23
"April 13, 9375",9375-04-13
"September 12, 8440",8440-09-12
"November 19, 5284",5284-11-19
"January 18, 1128",1128-01-18
"June 16, 7356",7356-06-16
"March 17, 7374",7374-03-17
"June 26, 2623",2623-06-26
"March 9, 2415",2415-03-09
"September 16, 1479",1479-09-16
"October 5, 1057",1057-10-05
"November 17, 7576",7576-11-17
"October 3, 7851",7851-10-03
"June 26, 5525",5525-06-26
"June 12, 7168",7168-06-12
"July 28, 7287",7287-07-28
"July 25, 1977",1977-07-25
"December 15, 4498",4498-12-15
"March 2, 3412",3412-03-02
"February 24, 9593",9593-02-24
"April 21, 9514",9514-04-21
"May 20, 9336",9336-05-20
"August 29, 4948",4948-08-29
"July 5, 3431",3431-07-05
"October 7, 5738",5738-10-07
"August 18, 8417",8417-08-18
"December 15, 6885",6885-12-15
"November 26, 2635",2635-11-26
"May 3, 2848",2848-05-03
"November 26, 3112",3112-11-26
"June 12, 3535",3535-06-12
"January 25, 8084",8084-01-25
"May 23, 3902",3902-05-23
"July 27, 3231",3231-07-27
"April 13, 2316",2316-04-13
"August 24, 3082",3082-08-24
"April 3, 8705",8705-04-03
"July 28, 7514",7514-07-28
"July 29, 1624",1624-07-29
"September 3, 9624",9624-09-03
"October 18, 7302",7302-10-18
"December 28, 6296",6296-12-28
"March 12, 8403",8403-03-12
"February 20, 7312",7312-02-20
"December 19, 1839",1839-12-19
"September 29, 4337",4337-09-29
"May 18, 8713",8713-05-18
"July 26, 1773",1773-07-26
"October 20, 3878",3878-10-20
"September 20, 2127",2127-09-20
"January 25, 3267",3267-01-25
"May 21, 9332",9332-05-21
"May 3, 7667",7667-05-03
"September 15, 6594",6594-09-15
"May 14, 4799",4799-05-14
"March 29, 5101",5101-03-29
"May 16, 2472",2472-05-16
"November 25, 8708",8708-11-25
"March 14, 8527",8527-03-14
"April 14, 3693",3693-04-14
"November 17, 2148",2148-11-17
"May 28, 4274",4274-05-28
"April 13, 8114",8114-04-13
"August 29, 1801",1801-08-29
"January 23, 3222",3222-01-23
"May 1, 4649",4649-05-01
"June 11, 6579",6579-06-11
"January 17, 6175",6175-01-17
"August 8, 4770",4770-08-08
"November 2, 8077",8077-11-02
"July 20, 8572",8572-07-20
"April 5, 4510",4510-04-05
"May 29, 8963",8963-05-29
"May 20, 7708",7708-05-20
"January 17, 2750",2750-01-17
"August 1, 7494",7494-08-01
"August 17, 7509",7509-08-17
"September 14, 5185",5185-09-14
"August 25, 4632",4632-08-25
"July 9, 5918",5918-07-09
"August 4, 2936",2936-08-04
"June 28, 1055",1055-06-28
"November 2, 4596",4596-11-02
"December 25, 3826",3826-12-25
"December 2, 3543",3543-12-02
"August 15, 9178",9178-08-15
"October 7, 9495",9495-10-07
"February 22, 8359",8359-02-22
"April 12, 6008",6008-04-12
"April 14, 4177",4177-04-14
"March 14, 5128",5128-03-14
"April 26, 2542",2542-04-26
"January 14, 8804",8804-01-14
"March 6, 9417",9417-03-06
"July 17, 4807",4807-07-17
"August 10, 6511",6511-08-10
"March 5, 6315",6315-03-05
"April 27, 6114",6114-04-27
"August 27, 5119",5119-08-27
"February 15, 9897",9897-02-15
"December 3, 4507",4507-12-03
"March 11, 6592",6592-03-11
"March 10, 7335",7335-03-10
"October 17, 2249",2249-10-17
"June 24, 3018",3018-06-24
"April 7, 8413",8413-04-07
"April 12, 7966",7966-04-12
"May 10, 1941",1941-05-10
"June 27, 4222",4222-06-27
"September 23, 2607",2607-09-23
"April 13, 7185",7185-04-13
"October 1, 3255",3255-10-01
"November 20, 4022",4022-11-20
"September 30, 9423",9423-09-30
"November 7, 8195",8195-11-07
"January 24, 1878",1878-01-24
"June 22, 9353",9353-06-22
"November 12, 1865",1865-11-12
"December 11, 1213",1213-12-11
"March 29, 6824",6824-03-29
"May 10, 8253",8253-05-10
"March 23, 1358",1358-03-23
"March 16, 7682",7682-03-16
"November 15, 7647",7647-11-15
"May 29, 5652",5652-05-29
"March 14, 9833",9833-03-14
"October 1, 7775",7775-10-01
"April 6, 3443",3443-04-06
"December 12, 1420",1420-12-12
"April 17, 7334",7334-04-17
"October 26, 3992",3992-10-26
"December 28, 7240",7240-12-28
"June 11, 7197",7197-06-11
"June 17, 6421",6421-06-17
"March 25, 8509",8509-03-25
"January 25, 9902",9902-01-25
"November 5, 2706",2706-11-05
"December 2, 5200",5200-12-02
"April 21, 5507",5507-04-21
"May 14, 3564",3564-05-14
"January 6, 9867",9867-01-06
"September 30, 7770",7770-09-30
"February 5, 9420",9420-02-05
"September 21, 4341",4341-09-21
"June 10, 2537",2537-06-10
"June 13, 6336",6336-06-13
"September 15, 6754",6754-09-15
"May 17, 6861",6861-05-17
"November 21, 2039",2039-11-21
"July 12, 5556",5556-07-12
"June 29, 5178",5178-06-29
"September 12, 6766",6766-09-12
"August 19, 1121",1121-08-19
"December 12, 8609",8609-12-12
"March 20, 3743",3743-03-20
"May 9, 8051",8051-05-09
"August 24, 8856",8856-08-24
"June 26, 2904",2904-06-26
"June 18, 9695",9695-06-18
"February 24, 6904",6904-02-24
"December 19, 2611",2611-12-19
"March 23, 6124",6124-03-23
"June 13, 2828",2828-06-13
"March 27, 3057",3057-03-27
"October 31, 7503",7503-10-31
"July 28, 7497",7497-07-28
"June 12, 8572",8572-06-12
"November 23, 2678",2678-11-23
"January 8, 9451",9451-01-08
"January 22, 9406",9406-01-22
"May 14, 6552",6552-05-14
"April 9, 5120",5120-04-09
"March 2, 1464",1464-03-02
"November 1, 3512",3512-11-01
"June 15, 9744",9744-06-15
"November 23, 6599",6599-11-23
"April 29, 3661",3661-04-29
"November 15, 1721",1721-11-15
"October 11, 4035",4035-10-11
"June 14, 5242",5242-06-14
"May 19, 3687",3687-05-19
"August 6, 1491",1491-08-06
"October 12, 8677",8677-10-12
"July 7, 3374",3374-07-07
"March 13, 6947",6947-03-13
"June 22, 5148",5148-06-22
"September 17, 5456",5456-09-17
"July 23, 6393",6393-07-23
"December 13, 6220",6220-12-13
"April 9, 1533",1533-04-09
"April 2, 1458",1458-04-02
"May 29, 8447",8447-05-29
"July 5, 4721",4721-07-05
"May 25, 2185",2185-05-25
"June 8, 9081",9081-06-08
"March 31, 6987",6987-03-31
"August 22, 8275",8275-08-22
"September 18, 4140",4140-09-18
"October 22, 9519",9519-10-22
"October 27, 4023",4023-10-27
"October 12, 7644",7644-10-12
"February 8, 7251",7251-02-08
"July 3, 7547",7547-07-03
"June 3, 2996",2996-06-03
"May 31, 5325",5325-05-31
"July 22, 8506",8506-07-22
"October 5, 5346",5346-10-05
"December 5, 5194",5194-12-05
"September 4, 7748",7748-09-04
"September 1, 8502",8502-09-01
"November 9, 1893",1893-11-09
"February 27, 6933",6933-02-27
"February 13, 3889",3889-02-13
"August 13, 5321",5321-08-13
"September 10, 3559",3559-09-10
"October 25, 6929",6929-10-25
"July 14, 5660",5660-07-14
"July 18, 5052",5052-07-18
"March 21, 4962",4962-03-21
"December 6, 6590",6590-12-06
"May 14, 6536",6536-05-14
"July 12, 7938",7938-07-12
"October 7, 1075",1075-10-07
"November 26, 6762",6762-11-26
"November 10, 2595",2595-11-10
"August 17, 6051",6051-08-17
"October 3, 2901",2901-10-03
"February 15, 3641",3641-02-15
"April 2, 1885",1885-04-02
"October 17, 6908",6908-10-17
"June 11, 8389",8389-06-11
"September 16, 4224",4224-09-16
"December 25, 3428",3428-12-25
"April 21, 2725",2725-04-21
"May 10, 3146",3146-05-10
"January 12, 2807",2807-01-12
"August 19, 5159",5159-08-19
"May 16, 7913",7913-05-16
"March 24, 9237",9237-03-24
"November 10, 2358",2358-11-10
"December 5, 8591",8591-12-05
"March 17, 3645",3645-03-17
"April 6, 5761",5761-04-06
"March 5, 4792",4792-03-05
"February 20, 9271",9271-02-20
"July 16, 2301",2301-07-16
"July 21, 6529",6529-07-21
"January 28, 8754",8754-01-28
"July 10, 6498",6498-07-10
"November 23, 6500",6500-11-23
"August 24, 3419",3419-08-24
"May 31, 7784",7784-05-31
"September 9, 2851",2851-09-09
"November 15, 8432",8432-11-15
"August 11, 5718",5718-08-11
"October 5, 1257",1257-10-05
"March 20, 3798",3798-03-20
"June 15, 1495",1495-06-15
"August 1, 2468",2468-08-01
"September 12, 7585",7585-09-12
"April 18, 7802",7802-04-18
"May 6, 2850",2850-05-06
"February 13, 2547",2547-02-13
"May 26, 8229",8229-05-26
"December 28, 6886",6886-12-28
"January 20, 1450",1450-01-20
"September 21, 7571",7571-09-21
"July 17, 2686",2686-07-17
"January 26, 1642",1642-01-26
"March 15, 2910",2910-03-15
"October 3, 3965",3965-10-03
"June 26, 3067",3067-06-26
"November 26, 6932",6932-11-26
"February 8, 5656",5656-02-08
"October 16, 7882",7882-10-16
"March 21, 7472",7472-03-21
"March 20, 8322",8322-03-20
"October 29, 1213",1213-10-29
"January 2, 9263",9263-01-02
"October 11, 9359",9359-10-11
"March 23, 8599",8599-03-23
"January 31, 4255",4255-01-31
"September 14, 1984",1984-09-14
"April 11, 3487",3487-04-11
"June 24, 6158",6158-06-24
"February 9, 7965",7965-02-09
"July 13, 6413",6413-07-13
"April 18, 6531",6531-04-18
"September 21, 2958",2958-09-21
"February 3, 3519",3519-02-03
"February 2, 5717",5717-02-02
"October 20, 7899",7899-10-20
"November 8, 2638",2638-11-08
"November 19, 7690",7690-11-19
"July 24, 9813",9813-07-24
"September 8, 3088",3088-09-08
"September 21, 8156",8156-09-21
"February 25, 8575",8575-02-25
"November 20, 6865",6865-11-20
"August 27, 4037",4037-08-27
"January 19, 2926",2926-01-19
"April 13, 9316",9316-04-13
"January 23, 8873",8873-01-23
"February 8, 4935",4935-02-08
"June 24, 6207",6207-06-24
"May 12, 7850",7850-05-12
"March 6, 7782",7782-03-06
"July 26, 1790",1790-07-26
"February 3, 3639",3639-02-03
"March 27, 5343",5343-03-27
"July 1, 5426",5426-07-01
"April 15, 2518",2518-04-15
"October 12, 2246",2246-10-12
"March 14, 1190",1190-03-14
"September 11, 3323",3323-09-11
"August 14, 7002",7002-08-14
"November 15, 6791",6791-11-15
"January 6, 8859",8859-01-06
"October 6, 5820",5820-10-06
"July 4, 2717",2717-07-04
"June 16, 7953",7953-06-16
"November 9, 2105",2105-11-09
"June 13, 3037",3037-06-13
"September 12, 6464",6464-09-12
"July 13, 8059",8059-07-13
"January 12, 7888",7888-01-12
"April 13, 1448",1448-04-13
"September 27, 7102",7102-09-27
"January 15, 6780",6780-01-15
"January 29, 9640",9640-01-29
"July 7, 2349",2349-07-07
"February 27, 2070",2070-02-27
"November 14, 6537",6537-11-14
"March 18, 8572",8572-03-18
"August 23, 2496",2496-08-23
"January 27, 7930",7930-01-27
"December 14, 7192",7192-12-14
"October 14, 1013",1013-10-14
"April 25, 9898",9898-04-25
"April 25, 8792",8792-04-25
"July 12, 8455",8455-07-12
"February 22, 5955",5955-02-22
"December 15, 6994",6994-12-15
"December 22, 5830",5830-12-22
"April 9, 5253",5253-04-09
"October 30, 1498",1498-10-30
"June 19, 9011",9011-06-19
"March 17, 7084",7084-03-17
"December 20, 5925",5925-12-20
"May 2, 3635",3635-05-02
"July 9, 6536",6536-07-09
"February 17, 9827",9827-02-17
"December 21, 5377",5377-12-21
"March 19, 5025",5025-03-19
"May 26, 7764",7764-05-26
"November 19, 9513",9513-11-19
"March 23, 9745",9745-03-23
"September 21, 9000",9000-09-21
"December 13, 7615",7615-12-13
"February 22, 2122",2122-02-22
"February 26, 5886",5886-02-26
"June 18, 2537",2537-06-18
"October 15, 3922",3922-10-15
"April 22, 6479",6479-04-22
"October 30, 9794",9794-10-30
"February 1, 3670",3670-02-01
"July 13, 1962",1962-07-13
"December 4, 4252",4252-12-04
"July 23, 7870",7870-07-23
"December 31, 7243",7243-12-31
"September 27, 5692",5692-09-27
"July 14, 3960",3960-07-14
"August 24, 3170",3170-08-24
"October 23, 1062",1062-10-23
"August 5, 9143",9143-08-05
"September 29, 9539",9539-09-29
"September 11, 1081",1081-09-11
"May 19, 7637",7637-05-19
"August 28, 7000",7000-08-28
"February 5, 2353",2353-02-05
"September 29, 6968",6968-09-29
"August 13, 1082",1082-08-13
"September 13, 5306",5306-09-13
"July 22, 8516",8516-07-22
"December 13, 3358",3358-12-13
"January 17, 8898",8898-01-17
"September 11, 4627",4627-09-11
"January 7, 5695",5695-01-07
"March 2, 5160",5160-03-02
"December 18, 2223",2223-12-18
"June 2, 2777",2777-06-02
"November 3, 5892",5892-11-03
"June 12, 8482",8482-06-12
"March 2, 7722",7722-03-02
"August 15, 3912",3912-08-15
"September 13, 4000",4000-09-13
"June 3, 7156",7156-06-03
"January 7, 5864",5864-01-07
"June 15, 7484",7484-06-15
"December 1, 5198",5198-12-01
"August 8, 8026",8026-08-08
"June 6, 4164",4164-06-06
"October 25, 8815",8815-10-25
"March 18, 5564",5564-03-18
"October 21, 9669",9669-10-21
"February 21, 3339",3339-02-21
"May 9, 5745",5745-05-09
"February 28, 7340",7340-02-28
"November 2, 7402",7402-11-02
"June 22, 6540",6540-06-22
"May 7, 3052",3052-05-07
"May 20, 5251",5251-05-20
"June 2, 7420",7420-06-02
"May 21, 7372",7372-05-21
"April 26, 6555",6555-04-26
"April 15, 3914",3914-04-15
"June 27, 4521",4521-06-27
"July 10, 7633",7633-07-10
"June 16, 4954",4954-06-16
"July 21, 9890",9890-07-21
"August 18, 9101",9101-08-18
"December 21, 5571",5571-12-21
"June 11, 9449",9449-06-11
"July 11, 2585",2585-07-11
"December 13, 8570",8570-12-13
"July 15, 2367",2367-07-15
"August 12, 9587",9587-08-12
"August 9, 3638",3638-08-09
"July 10, 6128",6128-07-10
"December 4, 9992",9992-12-04
"August 16, 9030",9030-08-16
"December 28, 2857",2857-12-28
"July 25, 2151",2151-07-25
"October 3, 3462",3462-10-03
"August 15, 6837",6837-08-15
"November 21, 5599",5599-11-21
"June 28, 4886",4886-06-28
"August 10, 7322",7322-08-10
"March 26, 8051",8051-03-26
"September 27, 9004",9004-09-27
"April 10, 8861",8861-04-10
"July 3, 9116",9116-07-03
"October 3, 1597",1597-10-03
"November 8, 2845",2845-11-08
"April 26, 5468",5468-04-26
"March 1, 8302",8302-03-01
"October 3, 1060",1060-10-03
"January 10, 2046",2046-01-10
"November 23, 2668",2668-11-23
"June 17, 6416",6416-06-17
"December 26, 7892",7892-12-26
"September 16, 5999",5999-09-16
"March 4, 2012",2012-03-04
"November 16, 1735",1735-11-16
"March 31, 4021",4021-03-31
"September 22, 3546",3546-09-22
"July 12, 5258",5258-07-12
"February 23, 1919",1919-02-23
"November 8, 7993",7993-11-08
"July 27, 1433",1433-07-27
"October 27, 9319",9319-10-27
"June 15, 5413",5413-06-15
"November 7, 5600",5600-11-07
"July 18, 8050",8050-07-18
"April 7, 8535",8535-04-07
"January 10, 6983",6983-01-10
"September 14, 4289",4289-09-14
"October 23, 9171",9171-10-23
"February 22, 7861",7861-02-22
"November 19, 1659",1659-11-19
"October 28, 9883",9883-10-28
"September 30, 3012",3012-09-30
"November 10, 8352",8352-11-10
"February 19, 6677",6677-02-19
"December 26, 6040",6040-12-26
"December 30, 1122",1122-12-30
"April 30, 3316",3316-04-30
"May 29, 8543",8543-05-29
"April 10, 6950",6950-04-10
"May 22, 4284",4284-05-22
"May 24, 3236",3236-05-24
"December 15, 1385",1385-12-15
"August 6, 7884",7884-08-06
"December 7, 6862",6862-12-07
"May 29, 6923",6923-05-29
"September 23, 9020",9020-09-23
"June 2, 3660",3660-06-02
"August 8, 8064",8064-08-08
"April 11, 2946",2946-04-11
"March 28, 8740",8740-03-28
"February 11, 1414",1414-02-11
"February 12, 5131",5131-02-12
"July 14, 3747",3747-07-14
"December 27, 8521",8521-12-27
"April 20, 1003",1003-04-20
"January 14, 2808",2808-01-14
"April 9, 1997",1997-04-09
"October 2, 4168",4168-10-02
"June 19, 9953",9953-06-19
"December 11, 5586",5586-12-11
"March 8, 5055",5055-03-08
"February 21, 8690",8690-02-21
"September 3, 5537",5537-09-03
"January 16, 5656",5656-01-16
"April 27, 7730",7730-04-27
"April 15, 3300",3300-04-15
"July 23, 6945",6945-07-23
"June 18, 1176",1176-06-18
"July 27, 9462",9462-07-27
"February 15, 9080",9080-02-15
"December 22, 1787",1787-12-22
"June 7, 2035",2035-06-07
"April 24, 7311",7311-04-24
"January 7, 4267",4267-01-07
"September 12, 9338",9338-09-12
"August 25, 7420",7420-08-25
"March 3, 7694",7694-03-03
"May 23, 4997",4997-05-23
"April 9, 4990",4990-04-09
"April 23, 4175",4175-04-23
"September 10, 3598",3598-09-10
"March 31, 7963",7963-03-31
"November 7, 3233",3233-11-07
"April 12, 6222",6222-04-12
"November 18, 5638",5638-11-18
"January 3, 7602",7602-01-03
"June 1, 1053",1053-06-01
"June 17, 3998",3998-06-17
"January 13, 3010",3010-01-13
"May 18, 5675",5675-05-18
"June 11, 6813",6813-06-11
"August 9, 2222",2222-08-09
"February 7, 7415",7415-02-07
"April 3, 1831",1831-04-03
"March 15, 6778",6778-03-15
"January 28, 4379",4379-01-28
"January 15, 4904",4904-01-15
"September 9, 2343",2343-09-09
"May 21, 6894",6894-05-21
"April 3, 3959",3959-04-03
"January 28, 7177",7177-01-28
"November 10, 7601",7601-11-10
"July 12, 3872",3872-07-12
"October 31, 8971",8971-10-31
"August 1, 6084",6084-08-01
"March 31, 5330",5330-03-31
"March 19, 7467",7467-03-19
"October 26, 6553",6553-10-26
"January 3, 9842",9842-01-03
"August 27, 3793",3793-08-27
"July 13, 9698",9698-07-13
"July 14, 4900",4900-07-14
"September 6, 9906",9906-09-06
"March 28, 6269",6269-03-28
"March 4, 8827",8827-03-04
"September 26, 6290",6290-09-26
"November 21, 7738",7738-11-21
"February 1, 1314",1314-02-01
"October 5, 6534",6534-10-05
"March 8, 2335",2335-03-08
"September 14, 3960",3960-09-14
"October 8, 1775",1775-10-08
"June 21, 5394",5394-06-21
"September 23, 8276",8276-09-23
"October 15, 3530",3530-10-15
"May 29, 8773",8773-05-29
"January 14, 9052",9052-01-14
"June 5, 3640",3640-06-05
"September 24, 4625",4625-09-24
"February 21, 5736",5736-02-21
"October 28, 5054",5054-10-28
"May 3, 6931",6931-05-03
"March 22, 7151",7151-03-22
"August 30, 1111",1111-08-30
"December 7, 9047",9047-12-07
"March 16, 4024",4024-03-16
"November 23, 3850",3850-11-23
"February 14, 4299",4299-02-14
"January 31, 2068",2068-01-31
"March 2, 5581",5581-03-02
"June 27, 8736",8736-06-27
"October 18, 9598",9598-10-18
"April 26, 4927",4927-04-26
"January 31, 1873",1873-01-31
"April 3, 7368",7368-04-03
"August 30, 3049",3049-08-30
"July 30, 6472",6472-07-30
"May 24, 4604",4604-05-24
"November 23, 5059",5059-11-23
"December 6, 3509",3509-12-06
"April 18, 7588",7588-04-18
"December 17, 4089",4089-12-17
"January 10, 3099",3099-01-10
"July 28, 9568",9568-07-28
"July 16, 8844",8844-07-16
"October 24, 3183",3183-10-24
"April 26, 6730",6730-04-26
"September 17, 9464",9464-09-17
"November 22, 3292",3292-11-22
"January 20, 3697",3697-01-20
"May 21, 9445",9445-05-21
"September 7, 3779",3779-09-07
"October 24, 4047",4047-10-24
"July 26, 3374",3374-07-26
"February 18, 3632",3632-02-18
"June 29, 3328",3328-06-29
"May 29, 3867",3867-05-29
"September 24, 8103",8103-09-24
"June 25, 5088",5088-06-25
"May 24, 2791",2791-05-24
"January 11, 9945",9945-01-11
"March 7, 2225",2225-03-07
"August 21, 2376",2376-08-21
"April 28, 1901",1901-04-28
"October 7, 8760",8760-10-07
"July 5, 8618",8618-07-05
"July 29, 6657",6657-07-29
"December 13, 8048",8048-12-13
"January 24, 1076",1076-01-24
"April 14, 9776",9776-04-14
"January 29, 7218",7218-01-29
"May 2, 1485",1485-05-02
"June 16, 6538",6538-06-16
"September 5, 5262",5262-09-05
"July 5, 8127",8127-07-05
"February 16, 4622",4622-02-16
"November 6, 6653",6653-11-06
"July 23, 7597",7597-07-23
"December 5, 4154",4154-12-05
"March 21, 6636",6636-03-21
"January 12, 3100",3100-01-12
"June 29, 9776",9776-06-29
"August 29, 6869",6869-08-29
"June 23, 4218",4218-06-23
"February 4, 5569",5569-02-04
"June 6, 3550",3550-06-06
"August 28, 9614",9614-08-28
"March 15, 7622",7622-03-15
"September 22, 2472",2472-09-22
"October 25, 1621",1621-10-25
"May 6, 7037",7037-05-06
"August 4, 5859",5859-08-04
"November 3, 6492",6492-11-03
"December 21, 7209",7209-12-21
"December 8, 1373",1373-12-08
"March 26, 6770",6770-03-26
"February 18, 4988",4988-02-18
"April 18, 5521",5521-04-18
"August 24, 8881",8881-08-24
"March 9, 9910",9910-03-09
"May 5, 3007",3007-05-05
"April 7, 6250",6250-04-07
"April 6, 2382",2382-04-06
"May 16, 9018",9018-05-16
"November 13, 6950",6950-11-13
"April 10, 6283",6283-04-10
"October 26, 4624",4624-10-26
"August 18, 8914",8914-08-18
"September 4, 1096",1096-09-04
"September 27, 1135",1135-09-27
"February 21, 8741",8741-02-21
"March 14, 3420",3420-03-14
"March 16, 5357",5357-03-16
"January 28, 7672",7672-01-28
"December 13, 2156",2156-12-13
"March 9, 4737",4737-03-09
"July 3, 5152",5152-07-03
"November 27, 8036",8036-11-27
"April 21, 3982",3982-04-21
"March 10, 3149",3149-03-10
"June 28, 7299",7299-06-28
"June 16, 4018",4018-06-16
"March 20, 3723",3723-03-20
"October 12, 4093",4093-10-12
"September 30, 6412",6412-09-30
"June 2, 8040",8040-06-02
"December 27, 4939",4939-12-27
"February 18, 5202",5202-02-18
"December 30, 3111",3111-12-30
"September 8, 6727",6727-09-08
"May 25, 5868",5868-05-25
"September 4, 3417",3417-09-04
"September 14, 5812",5812-09-14
"September 18, 9046",9046-09-18
"December 4, 9637",9637-12-04
"June 17, 5275",5275-06-17
"June 1, 5192",5192-06-01
"April 2, 5600",5600-04-02
"February 28, 4211",4211-02-28
"December 31, 6175",6175-12-31
"October 12, 3065",3065-10-12
"November 7, 7561",7561-11-07
"December 14, 2505",2505-12-14
"May 1, 7613",7613-05-01
"November 23, 8877",8877-11-23
"October 9, 3624",3624-10-09
"November 13, 2146",2146-11-13
"July 26, 9277",9277-07-26
"December 28, 4099",4099-12-28
"November 24, 3707",3707-11-24
"April 23, 7377",7377-04-23
"June 8, 5963",5963-06-08
"December 1, 5373",5373-12-01
"July 7, 3251",3251-07-07
"October 24, 2674",2674-10-24
"February 17, 9481",9481-02-17
"May 10, 2717",2717-05-10
"August 8, 6431",6431-08-08
"November 18, 1111",1111-11-18
"February 3, 3028",3028-02-03
"July 31, 5840",5840-07-31
"March 11, 6737",6737-03-11
"March 22, 2544",2544-03-22
"March 2, 8242",8242-03-02
"February 9, 6937",6937-02-09
"January 20, 7132",7132-01-20
"August 21, 9274",9274-08-21
"September 10, 4625",4625-09-10
"February 28, 6588",6588-02-28
"June 23, 4445",4445-06-23
"February 2, 3882",3882-02-02
"May 20, 7455",7455-05-20
"October 17, 7520",7520-10-17
"November 17, 1547",1547-11-17
"February 4, 5575",5575-02-04
"August 3, 2136",2136-08-03
"December 7, 8929",8929-12-07
"October 3, 2875",2875-10-03
"June 7, 1689",1689-06-07
"May 6, 3474",3474-05-06
"March 2, 3920",3920-03-02
"May 24, 6472",6472-05-24
"February 4, 8233",8233-02-04
"November 23, 2105",2105-11-23
"December 16, 6165",6165-12-16
"August 16, 9550",9550-08-16
"January 25, 4843",4843-01-25
"February 2, 3983",3983-02-02
"February 24, 5145",5145-02-24
"August 16, 5137",5137-08-16
"November 5, 7434",7434-11-05
"January 7, 7402",7402-01-07
"July 2, 3959",3959-07-02
"December 22, 4951",4951-12-22
"October 13, 1227",1227-10-13
"July 3, 5728",5728-07-03
"March 30, 2392",2392-03-30
"October 16, 5031",5031-10-16
"February 7, 8804",8804-02-07
"March 15, 7954",7954-03-15
"October 3, 3284",3284-10-03
"May 14, 7624",7624-05-14
"May 8, 7613",7613-05-08
"October 21, 8462",8462-10-21
"May 15, 8454",8454-05-15
"March 21, 7183",7183-03-21
"May 3, 3004",3004-05-03
"October 8, 9960",9960-10-08
"May 3, 4268",4268-05-03
"December 8, 5077",5077-12-08
"March 19, 4733",4733-03-19
"September 9, 8730",8730-09-09
"September 30, 6861",6861-09-30
"March 10, 6598",6598-03-10
"November 12, 9896",9896-11-12
"December 25, 9457",9457-12-25
"May 16, 6132",6132-05-16
"May 27, 1900",1900-05-27
"January 27, 5376",5376-01-27
"January 29, 8047",8047-01-29
"April 29, 4290",4290-04-29
"July 21, 6325",6325-07-21
"May 4, 8254",8254-05-04
"May 20, 2663",2663-05-20
"May 16, 2924",2924-05-16
"March 7, 8356",8356-03-07
"June 9, 4874",4874-06-09
"December 24, 5843",5843-12-24
"April 20, 8249",8249-04-20
"July 14, 8031",8031-07-14
"June 19, 7564",7564-06-19
"April 2, 5648",5648-04-02
"April 16, 1819",1819-04-16
"June 29, 1908",1908-06-29
"May 4, 2860",2860-05-04
"January 23, 4946",4946-01-23
"October 7, 3620",3620-10-07
"November 28, 4599",4599-11-28
"November 28, 4638",4638-11-28
"December 13, 8498",8498-12-13
"October 29, 4345",4345-10-29
"May 7, 9158",9158-05-07
"July 20, 4071",4071-07-20
"January 4, 7952",7952-01-04
"November 6, 8402",8402-11-06
"April 4, 5541",5541-04-04
"November 28, 4114",4114-11-28
"January 16, 6109",6109-01-16
"May 28, 9968",9968-05-28
"June 12, 5170",5170-06-12
"July 18, 9588",9588-07-18
"December 17, 7739",7739-12-17
"March 23, 6982",6982-03-23
"December 10, 6170",6170-12-10
"February 2, 5754",5754-02-02
"June 2, 2921",2921-06-02
"September 6, 3111",3111-09-06
"April 14, 1265",1265-04-14
"November 29, 2435",2435-11-29
"June 16, 9357",9357-06-16
"May 14, 3694",3694-05-14
"May 31, 8602",8602-05-31
"October 26, 3889",3889-10-26
"May 19, 9542",9542-05-19
"July 14, 9046",9046-07-14
"September 21, 9609",9609-09-21
"June 8, 1919",1919-06-08
"February 14, 3418",3418-02-14
"September 26, 2916",2916-09-26
"July 9, 5559",5559-07-09
"December 2, 2182",2182-12-02
"April 20, 2097",2097-04-20
"July 26, 1732",1732-07-26
"November 19, 6433",6433-11-19
"December 31, 7297",7297-12-31
"February 10, 1618",1618-02-10
"October 7, 1302",1302-10-07
"February 8, 9853",9853-02-08
"February 21, 5559",5559-02-21
"March 21, 7017",7017-03-21
"December 3, 9784",9784-12-03
"January 10, 1956",1956-01-10
"June 22, 2193",2193-06-22
"November 25, 4013",4013-11-25
"January 17, 8098",8098-01-17
"February 10, 2783",2783-02-10
"March 14, 1968",1968-03-14
"November 6, 8519",8519-11-06
"November 4, 5476",5476-11-04
"September 10, 4552",4552-09-10
"November 1, 3633",3633-11-01
"January 3, 3841",3841-01-03
"March 28, 9470",9470-03-28
"May 12, 4263",4263-05-12
"January 30, 6089",6089-01-30
"April 6, 8194",8194-04-06
"August 31, 2451",2451-08-31
"July 16, 2507",2507-07-16
"November 27, 7048",7048-11-27
"March 13, 2959",2959-03-13
"February 7, 1328",1328-02-07
"September 16, 1403",1403-09-16
"December 11, 8619",8619-12-11
"October 29, 5097",5097-10-29
"June 28, 4734",4734-06-28
"December 23, 6467",6467-12-23
"January 26, 6365",6365-01-26
"November 11, 7207",7207-11-11
"April 20, 4128",4128-04-20
"April 13, 7299",7299-04-13
"June 5, 6108",6108-06-05
"August 10, 2551",2551-08-10
"March 27, 9011",9011-03-27
"December 21, 7192",7192-12-21
"January 8, 3033",3033-01-08
"November 15, 7784",7784-11-15
"June 5, 7862",7862-06-05
"October 8, 6242",6242-10-08
"September 16, 8246",8246-09-16
"March 18, 9600",9600-03-18
"November 14, 8301",8301-11-14
"July 31, 7476",7476-07-31
"February 11, 5995",5995-02-11
"March 19, 7011",7011-03-19
"January 24, 8347",8347-01-24
"February 5, 8344",8344-02-05
"October 9, 7129",7129-10-09
"January 12, 4556",4556-01-12
"September 30, 4986",4986-09-30
"February 7, 6531",6531-02-07
"May 5, 7197",7197-05-05
"April 3, 3608",3608-04-03
"May 27, 2028",2028-05-27
"February 25, 6074",6074-02-25
"June 10, 4535",4535-06-10
"July 7, 5200",5200-07-07
"August 4, 5733",5733-08-04
"July 11, 3983",3983-07-11
"March 14, 2788",2788-03-14
"February 11, 4486",4486-02-11
"March 22, 1121",1121-03-22
"January 23, 1001",1001-01-23
"July 25, 7009",7009-07-25
"December 14, 9707",9707-12-14
"March 22, 2565",2565-03-22
"January 15, 4949",4949-01-15
"January 25, 4293",4293-01-25
"February 2, 6388",6388-02-02
"November 14, 7144",7144-11-14
"July 6, 1095",1095-07-06
"January 31, 8898",8898-01-31
"February 25, 6649",6649-02-25
"July 23, 9675",9675-07-23
"June 15, 6478",6478-06-15
"August 11, 4440",4440-08-11
"November 16, 1104",1104-11-16
"December 12, 9794",9794-12-12
"December 15, 5942",5942-12-15
"October 24, 4363",4363-10-24
"October 6, 7855",7855-10-06
"March 10, 3655",3655-03-10
"November 21, 1082",1082-11-21
"June 16, 7295",7295-06-16
"October 13, 5290",5290-10-13
"June 24, 3165",3165-06-24
"March 20, 5728",5728-03-20
"March 11, 7437",7437-03-11
"July 24, 6019",6019-07-24
"March 8, 5533",5533-03-08
"September 17, 3869",3869-09-17
"December 3, 2874",2874-12-03
"January 27, 9210",9210-01-27
"October 11, 9464",9464-10-11
"April 23, 8418",8418-04-23
"June 7, 5475",5475-06-07
"December 1, 5344",5344-12-01
"March 14, 3533",3533-03-14
"December 19, 4019",4019-12-19
"August 13, 1909",1909-08-13
"November 1, 5848",5848-11-01
"December 19, 8180",8180-12-19
"January 14, 3751",3751-01-14
"July 20, 6932",6932-07-20
"August 31, 9779",9779-08-31
"December 9, 8041",8041-12-09
"October 5, 8968",8968-10-05
"February 22, 8862",8862-02-22
"December 29, 4121",4121-12-29
"February 13, 4269",4269-02-13
"August 18, 8446",8446-08-18
"June 28, 9531",9531-06-28
"August 23, 7108",7108-08-23
"January 18, 4087",4087-01-18
"August 18, 5741",5741-08-18
"December 5, 3158",3158-12-05
"March 19, 1786",1786-03-19
"September 11, 3094",3094-09-11
"December 8, 2568",2568-12-08
"August 8, 4325",4325-08-08
"April 17, 2267",2267-04-17
"October 31, 8313",8313-10-31
"December 26, 6228",6228-12-26
"October 6, 8093",8093-10-06
"May 28, 6199",6199-05-28
"January 31, 4125",4125-01-31
"December 17, 9043",9043-12-17
"June 19, 8151",8151-06-19
"November 22, 6649",6649-11-22
"July 3, 3156",3156-07-03
"February 24, 4682",4682-02-24
"September 24, 1222",1222-09-24
"March 24, 2747",2747-03-24
"December 15, 1569",1569-12-15
"May 26, 7143",7143-05-26
"February 21, 1254",1254-02-21
"March 28, 3135",3135-03-28
"June 21, 2174",2174-06-21
"September 12, 4239",4239-09-12
"May 2, 4091",4091-05-02
"November 26, 2435",2435-11-26
"January 13, 9213",9213-01-13
"August 10, 6034",6034-08-10
"October 26, 9349",9349-10-26
"March 19, 1094",1094-03-19
"July 4, 3673",3673-07-04
"October 15, 2035",2035-10-15
"May 25, 2730",2730-05-25
"February 4, 1169",1169-02-04
"January 29, 6668",6668-01-29
"February 7, 3494",3494-02-07
"May 25, 4926",4926-05-25
"November 29, 5825",5825-11-29
"January 10, 4578",4578-01-10
"May 22, 6723",6723-05-22
"December 24, 5264",5264-12-24
"October 10, 6324",6324-10-10
"May 2, 9003",9003-05-02
"June 16, 1364",1364-06-16
"June 13, 4792",4792-06-13
"April 3, 1921",1921-04-03
"April 2, 9619",9619-04-02
"August 13, 2677",2677-08-13
"July 10, 1643",1643-07-10
"June 4, 4060",4060-06-04
"April 21, 9907",9907-04-21
"June 4, 5506",5506-06-04
"October 4, 1819",1819-10-04
"October 22, 7237",7237-10-22
"December 26, 6398",6398-12-26
"June 20, 3085",3085-06-20
"January 23, 3207",3207-01-23
"October 26, 3871",3871-10-26
"November 20, 5381",5381-11-20
"November 15, 1144",1144-11-15
"July 23, 2400",2400-07-23
"February 2, 9821",9821-02-02
"February 20, 9207",9207-02-20
"December 27, 3858",3858-12-27
"November 15, 5418",5418-11-15
"June 15, 9856",9856-06-15
"October 16, 6086",6086-10-16
"April 26, 3838",3838-04-26
"July 14, 9470",9470-07-14
"October 26, 1384",1384-10-26
"April 21, 3287",3287-04-21
"January 18, 6292",6292-01-18
"March 1, 9444",9444-03-01
"October 27, 9853",9853-10-27
"January 2, 2079",2079-01-02
"July 23, 6984",6984-07-23
"March 6, 8648",8648-03-06
"September 22, 3393",3393-09-22
"September 30, 6429",6429-09-30
"July 15, 5468",5468-07-15
"June 3, 8825",8825-06-03
"February 22, 4584",4584-02-22
"December 8, 4709",4709-12-08
"June 7, 2821",2821-06-07
"January 30, 8225",8225-01-30
"October 17, 9362",9362-10-17
"June 12, 1484",1484-06-12
"February 18, 9552",9552-02-18
"March 2, 7311",7311-03-02
"February 12, 6982",6982-02-12
"August 17, 2402",2402-08-17
"December 12, 3908",3908-12-12
"April 4, 6526",6526-04-04
"July 9, 8332",8332-07-09
"June 15, 4431",4431-06-15
"January 24, 3282",3282-01-24
"January 1, 5139",5139-01-01
"February 25, 1598",1598-02-25
"January 25, 8656",8656-01-25
"December 31, 3500",3500-12-31
"October 29, 2296",2296-10-29
"September 28, 3709",3709-09-28
"January 31, 8268",8268-01-31
"September 29, 5985",5985-09-29
"August 4, 4726",4726-08-04
"January 12, 1173",1173-01-12
"November 26, 2921",2921-11-26
"August 17, 4170",4170-08-17
"June 8, 7714",7714-06-08
"January 4, 2374",2374-01-04
"April 24, 5545",5545-04-24
"July 18, 3791",3791-07-18
"July 20, 1102",1102-07-20
"March 27, 1482",1482-03-27
"November 11, 7672",7672-11-11
"February 16, 9997",9997-02-16
"April 28, 8932",8932-04-28
"October 28, 6457",6457-10-28
"May 25, 8905",8905-05-25
"September 3, 7846",7846-09-03
"November 14, 2779",2779-11-14
"December 30, 5264",5264-12-30
"July 15, 9851",9851-07-15
"July 21, 2027",2027-07-21
"March 25, 3856",3856-03-25
"December 13, 2810",2810-12-13
"November 18, 6740",6740-11-18
"August 14, 2049",2049-08-14
"February 14, 8877",8877-02-14
"April 12, 8104",8104-04-12
"April 23, 4886",4886-04-23
"July 1, 9722",9722-07-01
"October 12, 8178",8178-10-12
"August 13, 1689",1689-08-13
"June 8, 1686",1686-06-08
"August 18, 5082",5082-08-18
"January 19, 8402",8402-01-19
"July 17, 2767",2767-07-17
"October 13, 9053",9053-10-13
"April 11, 7159",7159-04-11
"March 31, 2233",2233-03-31
"December 14, 2444",2444-12-14
"March 15, 6602",6602-03-15
"December 12, 3671",3671-12-12
"April 25, 4637",4637-04-25
"November 19, 7411",7411-11-19
"November 13, 8402",8402-11-13
"August 15, 9689",9689-08-15
"June 18, 4988",4988-06-18
"January 29, 6038",6038-01-29
"August 29, 9419",9419-08-29
"December 10, 3215",3215-12-10
"March 17, 1245",1245-03-17
"January 30, 8915",8915-01-30
"February 25, 5338",5338-02-25
"January 22, 5113",5113-01-22
"September 21, 9318",9318-09-21
"March 19, 2547",2547-03-19
"November 25, 3878",3878-11-25
"June 21, 1453",1453-06-21
"January 8, 6573",6573-01-08
"August 16, 9114",9114-08-16
"January 31, 6024",6024-01-31
"August 17, 7419",7419-08-17
"May 22, 4384",4384-05-22
"July 19, 7232",7232-07-19
"July 7, 9004",9004-07-07
"January 11, 6628",6628-01-11
"April 25, 3179",3179-04-25
"October 15, 7507",7507-10-15
"February 25, 3143",3143-02-25
"September 23, 7242",7242-09-23
"June 12, 4992",4992-06-12
"January 10, 4717",4717-01-10
"August 18, 9410",9410-08-18
"November 12, 6378",6378-11-12
"September 20, 4161",4161-09-20
"January 4, 7875",7875-01-04
"November 24, 7367",7367-11-24
"April 28, 2841",2841-04-28
"December 14, 1790",1790-12-14
"May 18, 7099",7099-05-18
"April 2, 2780",2780-04-02
"July 21, 6160",6160-07-21
"May 24, 4395",4395-05-24
"March 14, 4024",4024-03-14
"August 6, 7219",7219-08-06
"October 13, 5215",5215-10-13
"June 21, 6214",6214-06-21
"April 8, 1008",1008-04-08
"May 6, 9910",9910-05-06
"November 6, 8326",8326-11-06
"March 23, 6810",6810-03-23
"October 15, 5352",5352-10-15
"January 16, 9425",9425-01-16
"August 10, 3130",3130-08-10
"December 21, 1214",1214-12-21
"October 17, 8116",8116-10-17
"November 25, 5180",5180-11-25
"June 24, 9911",9911-06-24
"February 9, 8122",8122-02-09
"February 18, 3742",3742-02-18
"September 23, 4682",4682-09-23
"September 23, 9279",9279-09-23
"May 24, 1727",1727-05-24
"July 17, 8559",8559-07-17
"March 3, 7189",7189-03-03
"October 18, 5449",5449-10-18
"May 22, 3180",3180-05-22
"March 20, 7018",7018-03-20
"November 18, 8845",8845-11-18
"August 31, 6713",6713-08-31
"May 24, 9793",9793-05-24
"November 4, 7332",7332-11-04
"December 27, 2769",2769-12-27
"November 27, 8039",8039-11-27
"May 7, 4251",4251-05-07
"August 13, 4704",4704-08-13
"January 14, 5706",5706-01-14
"November 23, 8359",8359-11-23
"December 31, 4697",4697-12-31
"July 12, 2268",2268-07-12
"May 16, 2105",2105-05-16
"March 27, 7008",7008-03-27
"June 14, 8566",8566-06-14
"September 22, 1765",1765-09-22
"September 22, 1502",1502-09-22
"April 11, 2490",2490-04-11
"June 3, 3051",3051-06-03
"February 19, 1359",1359-02-19
"August 6, 3320",3320-08-06
"May 19, 2229",2229-05-19
"October 21, 6573",6573-10-21
"June 14, 3200",3200-06-14
"January 18, 2134",2134-01-18
"May 17, 1365",1365-05-17
"April 14, 7557",7557-04-14
"August 18, 8369",8369-08-18
"July 9, 5462",5462-07-09
"April 25, 8555",8555-04-25
"December 7, 6625",6625-12-07
"May 1, 7038",7038-05-01
"June 8, 8165",8165-06-08
"August 15, 9053",9053-08-15
"October 15, 7778",7778-10-15
"February 7, 3939",3939-02-07
"September 7, 1563",1563-09-07
"January 26, 5207",5207-01-26
"September 12, 3534",3534-09-12
"July 16, 7958",7958-07-16
"June 16, 9243",9243-06-16
"November 21, 1813",1813-11-21
"April 12, 1150",1150-04-12
"January 25, 3397",3397-01-25
"May 17, 8530",8530-05-17
"February 11, 6643",6643-02-11
"March 13, 1918",1918-03-13
"January 5, 6375",6375-01-05
"January 27, 8337",8337-01-27
"January 21, 1697",1697-01-21
"September 26, 5144",5144-09-26
"February 2, 7408",7408-02-02
"October 23, 9537",9537-10-23
"August 24, 5776",5776-08-24
"March 30, 5238",5238-03-30
"May 20, 9135",9135-05-20
"June 30, 1669",1669-06-30
"August 15, 8084",8084-08-15
"July 10, 4052",4052-07-10
"January 27, 7075",7075-01-27
"November 5, 1466",1466-11-05
"June 3, 9432",9432-06-03
"April 24, 1808",1808-04-24
"December 3, 4489",4489-12-03
"December 24, 1894",1894-12-24
"April 25, 3479",3479-04-25
"July 27, 6965",6965-07-27
"April 13, 2115",2115-04-13
"June 6, 2162",2162-06-06
"August 6, 9327",9327-08-06
"December 2, 3652",3652-12-02
"May 24, 7105",7105-05-24
"December 29, 5424",5424-12-29
"September 10, 3175",3175-09-10
"September 16, 3217",3217-09-16
"August 3, 7042",7042-08-03
"April 26, 8543",8543-04-26
"September 12, 3856",3856-09-12
"December 24, 7545",7545-12-24
"December 28, 8180",8180-12-28
"May 25, 3054",3054-05-25
"September 20, 7412",7412-09-20
"June 17, 9603",9603-06-17
"June 26, 7409",7409-06-26
"October 27, 5767",5767-10-27
"January 9, 9568",9568-01-09
"September 8, 2211",2211-09-08
"September 14, 9799",9799-09-14
"September 19, 8333",8333-09-19
"January 13, 7621",7621-01-13
"September 19, 5110",5110-09-19
"August 12, 8745",8745-08-12
"October 9, 6267",6267-10-09
"October 27, 9067",9067-10-27
"May 22, 8639",8639-05-22
"May 14, 5904",5904-05-14
"June 22, 2195",2195-06-22
"July 29, 2915",2915-07-29
"August 9, 3071",3071-08-09
"August 5, 7315",7315-08-05
"April 30, 5611",5611-04-30
"September 12, 6795",6795-09-12
"November 13, 4875",4875-11-13
"November 4, 8550",8550-11-04
"June 9, 2816",2816-06-09
"February 9, 7131",7131-02-09
"March 14, 7889",7889-03-14
"May 19, 6087",6087-05-19
"December 15, 5045",5045-12-15
"February 13, 4619",4619-02-13
"December 3, 7316",7316-12-03
"March 16, 4728",4728-03-16
"September 6, 5268",5268-09-06
"March 12, 5735",5735-03-12
"August 7, 9775",9775-08-07
"November 23, 8271",8271-11-23
"September 16, 5944",5944-09-16
"August 2, 9335",9335-08-02
"May 22, 4714",4714-05-22
"October 14, 7986",7986-10-14
"May 13, 3764",3764-05-13
"December 9, 7466",7466-12-09
"October 5, 7265",7265-10-05
"September 1, 3456",3456-09-01
"January 30, 5307",5307-01-30
"February 5, 9793",9793-02-05
"September 24, 7318",7318-09-24
"June 14, 9550",9550-06-14
"November 12, 3917",3917-11-12
"March 15, 5134",5134-03-15
"March 24, 6195",6195-03-24
"December 1, 6138",6138-12-01
"January 14, 5560",5560-01-14
"April 1, 1002",1002-04-01
"September 13, 9340",9340-09-13
"January 20, 1398",1398-01-20
"November 19, 4266",4266-11-19
"July 6, 7841",7841-07-06
"March 19, 1187",1187-03-19
"January 11, 6944",6944-01-11
"April 10, 2551",2551-04-10
"March 26, 4466",4466-03-26
"June 8, 1075",1075-06-08
"December 1, 4448",4448-12-01
"January 24, 3548",3548-01-24
"December 11, 3466",3466-12-11
"March 30, 4616",4616-03-30
"March 18, 1249",1249-03-18
"November 16, 9859",9859-11-16
"June 20, 8920",8920-06-20
"December 26, 4168",4168-12-26
"January 20, 7358",7358-01-20
"March 31, 6871",6871-03-31
"August 7, 7388",7388-08-07
"May 2, 7553",7553-05-02
"March 3, 7564",7564-03-03
"September 7, 2776",2776-09-07
"October 3, 2082",2082-10-03
"May 8, 1433",1433-05-08
"September 16, 6286",6286-09-16
"March 19, 5084",5084-03-19
"September 3, 2792",2792-09-03
"June 5, 2589",2589-06-05
"January 8, 4043",4043-01-08
"June 10, 5215",5215-06-10
"April 2, 7685",7685-04-02
"April 5, 3869",3869-04-05
"August 13, 3675",3675-08-13
"August 10, 3942",3942-08-10
"July 22, 4448",4448-07-22
"May 28, 2055",2055-05-28
"April 4, 7551",7551-04-04
"February 17, 5591",5591-02-17
"December 4, 7534",7534-12-04
"December 19, 3496",3496-12-19
"January 11, 9432",9432-01-11
"July 21, 1886",1886-07-21
"April 27, 9309",9309-04-27
"August 22, 4728",4728-08-22
"March 23, 6541",6541-03-23
"July 18, 2985",2985-07-18
"March 7, 6607",6607-03-07
"January 17, 8919",8919-01-17
"March 27, 9071",9071-03-27
"March 26, 7617",7617-03-26
"February 14, 2095",2095-02-14
"May 29, 7835",7835-05-29
"May 29, 8375",8375-05-29
"August 7, 4449",4449-08-07
"February 28, 1429",1429-02-28
"February 7, 9392",9392-02-07
"October 27, 7617",7617-10-27
"July 12, 5381",5381-07-12
"March 17, 1901",1901-03-17
"August 15, 9958",9958-08-15
"March 12, 1642",1642-03-12
"September 26, 9852",9852-09-26
"January 1, 4840",4840-01-01
"July 1, 4995",4995-07-01
"May 21, 5987",5987-05-21
"March 5, 5783",5783-03-05
"March 29, 2384",2384-03-29
"November 12, 9846",9846-11-12
"July 16, 3603",3603-07-16
"January 20, 9586",9586-01-20
"April 6, 8496",8496-04-06
"August 8, 7916",7916-08-08
"April 24, 1131",1131-04-24
"April 26, 8279",8279-04-26
"July 31, 9927",9927-07-31
"November 14, 8259",8259-11-14
"May 1, 5392",5392-05-01
"August 2, 1621",1621-08-02
"January 6, 4500",4500-01-06
"October 26, 7021",7021-10-26
"December 2, 1472",1472-12-02
"November 28, 4666",4666-11-28
"May 6, 7200",7200-05-06
"March 30, 7487",7487-03-30
"September 21, 2717",2717-09-21
"March 18, 4753",4753-03-18
"May 22, 6769",6769-05-22
"November 27, 9012",9012-11-27
"July 21, 3535",3535-07-21
"April 6, 2759",2759-04-06
"February 25, 1580",1580-02-25
"October 8, 8735",8735-10-08
"March 2, 9401",9401-03-02
"September 19, 5511",5511-09-19
"April 14, 6117",6117-04-14
"April 29, 9645",9645-04-29
"April 9, 7834",7834-04-09
"January 2, 7606",7606-01-02
"February 13, 6796",6796-02-13
"June 24, 2034",2034-06-24
"May 7, 3550",3550-05-07
"March 8, 5960",5960-03-08
"October 5, 4327",4327-10-05
"April 1, 5528",5528-04-01
"September 20, 2699",2699-09-20
"January 4, 2518",2518-01-04
"June 4, 4860",4860-06-04
"December 2, 1947",1947-12-02
"July 13, 6464",6464-07-13
"March 16, 7562",7562-03-16
"November 29, 9558",9558-11-29
"April 9, 1566",1566-04-09
"October 8, 7294",7294-10-08
"February 28, 5584",5584-02-28
"February 11, 4015",4015-02-11
"January 6, 1977",1977-01-06
"July 13, 5576",5576-07-13
"September 29, 6762",6762-09-29
"July 12, 5989",5989-07-12
"April 23, 9886",9886-04-23
"January 29, 9014",9014-01-29
"March 6, 2497",2497-03-06
"November 22, 9750",9750-11-22
"October 20, 2548",2548-10-20
"September 24, 6522",6522-09-24
"September 29, 7422",7422-09-29
"January 1, 3275",3275-01-01
"May 30, 6602",6602-05-30
"September 10, 5539",5539-09-10
"March 3, 8490",8490-03-03
"December 10, 7560",7560-12-10
"December 6, 3251",3251-12-06
"March 26, 7444",7444-03-26
"November 13, 8073",8073-11-13
"February 16, 9448",9448-02-16
"April 5, 7020",7020-04-05
"October 17, 3827",3827-10-17
"August 27, 3782",3782-08-27
"September 25, 1822",1822-09-25
"August 5, 4057",4057-08-05
"February 25, 9920",9920-02-25
"September 17, 5938",5938-09-17
"December 8, 4713",4713-12-08
"April 8, 8863",8863-04-08
"October 9, 7614",7614-10-09
"November 14, 2028",2028-11-14
"April 1, 2292",2292-04-01
"February 3, 8714",8714-02-03
"June 1, 5749",5749-06-01
"October 12, 5863",5863-10-12
"August 5, 5194",5194-08-05
"November 1, 4999",4999-11-01
"July 6, 3187",3187-07-06
"March 28, 4683",4683-03-28
"May 23, 4956",4956-05-23
"November 10, 7819",7819-11-10
"June 23, 8526",8526-06-23
"December 24, 1277",1277-12-24
"September 22, 9838",9838-09-22
"June 3, 4500",4500-06-03
"August 31, 2943",2943-08-31
"January 4, 5016",5016-01-04
"June 11, 8076",8076-06-11
"March 3, 6078",6078-03-03
"May 20, 8156",8156-05-20
"July 11, 2674",2674-07-11
"February 10, 6058",6058-02-10
"May 12, 1515",1515-05-12
"April 21, 3681",3681-04-21
"February 8, 3293",3293-02-08
"May 26, 8870",8870-05-26
"October 24, 5292",5292-10-24
"May 6, 2791",2791-05-06
"July 10, 9701",9701-07-10
"August 29, 9365",9365-08-29
"June 17, 1985",1985-06-17
"June 8, 2290",2290-06-08
"January 26, 9493",9493-01-26
"April 18, 1626",1626-04-18
"January 27, 3791",3791-01-27
"May 10, 8131",8131-05-10
"November 13, 2695",2695-11-13
"September 1, 4303",4303-09-01
"September 16, 1157",1157-09-16
"December 30, 4941",4941-12-30
"April 12, 8967",8967-04-12
"November 15, 2277",2277-11-15
"November 10, 4503",4503-11-10
"May 2, 6168",6168-05-02
"December 20, 6410",6410-12-20
"March 25, 1261",1261-03-25
"February 22, 4811",4811-02-22
"March 9, 3400",3400-03-09
"January 9, 9498",9498-01-09
"April 1, 7178",7178-04-01
"February 4, 3433",3433-02-04
"May 17, 3340",3340-05-17
"December 4, 7274",7274-12-04
"December 26, 7008",7008-12-26
"October 15, 9616",9616-10-15
"May 1, 3970",3970-05-01
"March 18, 7302",7302-03-18
"November 21, 6546",6546-11-21
"October 10, 8154",8154-10-10
"February 28, 9382",9382-02-28
"March 8, 2623",2623-03-08
"December 5, 8981",8981-12-05
"March 27, 9024",9024-03-27
"January 18, 8674",8674-01-18
"March 3, 1211",1211-03-03
"October 21, 5324",5324-10-21
"January 1, 7695",7695-01-01
"September 15, 8619",8619-09-15
"July 23, 7049",7049-07-23
"May 1, 1499",1499-05-01
"July 25, 3933",3933-07-25
"November 20, 2955",2955-11-20
"April 12, 1690",1690-04-12
"July 3, 4261",4261-07-03
"September 19, 3304",3304-09-19
"August 23, 8998",8998-08-23
"June 20, 8096",8096-06-20
"April 17, 4115",4115-04-17
"August 11, 1609",1609-08-11
"June 8, 6339",6339-06-08
"December 27, 8518",8518-12-27
"September 16, 1095",1095-09-16
"October 13, 1764",1764-10-13
"January 19, 5463",5463-01-19
"June 20, 8583",8583-06-20
"August 17, 4115",4115-08-17
"June 5, 8613",8613-06-05
"May 3, 8580",8580-05-03
"August 14, 5136",5136-08-14
"December 26, 2238",2238-12-26
"February 2, 1219",1219-02-02
"November 28, 4358",4358-11-28
"August 2, 8457",8457-08-02
"September 7, 5438",5438-09-07
"August 26, 3654",3654-08-26
"October 29, 5371",5371-10-29
"November 18, 6839",6839-11-18
"October 17, 9149",9149-10-17
"October 24, 2143",2143-10-24
"July 30, 4622",4622-07-30
"September 3, 6565",6565-09-03
"December 9, 7856",7856-12-09
"March 28, 7104",7104-03-28
"October 18, 2010",2010-10-18
"September 30, 3140",3140-09-30
"October 22, 3283",3283-10-22
"April 13, 6749",6749-04-13
"May 4, 6259",6259-05-04
"September 20, 7438",7438-09-20
"September 21, 9181",9181-09-21
"October 7, 1246",1246-10-07
"July 2, 1456",1456-07-02
"December 15, 3840",3840-12-15
"August 8, 7079",7079-08-08
"September 2, 4501",4501-09-02
"August 2, 4830",4830-08-02
"March 15, 6626",6626-03-15
"August 27, 5517",5517-08-27
"April 18, 9548",9548-04-18
"December 27, 2802",2802-12-27
"December 24, 1210",1210-12-24
"April 15, 4982",4982-04-15
"May 14, 8858",8858-05-14
"March 27, 5041",5041-03-27
"January 9, 5081",5081-01-09
"November 29, 8179",8179-11-29
"October 19, 4471",4471-10-19
"June 26, 3712",3712-06-26
"March 7, 6756",6756-03-07
"January 30, 4168",4168-01-30
"February 5, 1712",1712-02-05
"May 11, 8186",8186-05-11
"February 3, 3959",3959-02-03
"February 13, 5446",5446-02-13
"May 17, 1338",1338-05-17
"September 16, 7372",7372-09-16
"August 22, 4217",4217-08-22
"July 4, 3590",3590-07-04
"February 28, 2742",2742-02-28
"December 10, 4924",4924-12-10
"April 21, 5511",5511-04-21
"December 14, 8543",8543-12-14
"April 1, 2576",2576-04-01
"March 15, 2008",2008-03-15
"October 9, 9381",9381-10-09
"February 12, 5389",5389-02-12
"September 21, 6979",6979-09-21
"October 31, 8785",8785-10-31
"February 13, 8033",8033-02-13
"April 14, 8183",8183-04-14
"October 8, 8883",8883-10-08
"September 12, 3611",3611-09-12
"June 29, 5792",5792-06-29
"March 18, 3760",3760-03-18
"December 12, 7578",7578-12-12
"February 11, 2754",2754-02-11
"May 11, 5897",5897-05-11
"April 14, 4587",4587-04-14
"October 29, 7951",7951-10-29
"May 19, 4781",4781-05-19
"February 1, 6158",6158-02-01
"October 21, 7226",7226-10-21
"March 22, 2513",2513-03-22
"April 27, 3374",3374-04-27
"September 28, 8492",8492-09-28
"May 12, 2591",2591-05-12
"May 1, 7672",7672-05-01
"September 12, 7216",7216-09-12
"May 8, 8855",8855-05-08
"April 3, 3323",3323-04-03
"December 30, 2585",2585-12-30
"June 2, 4548",4548-06-02
"November 2, 8906",8906-11-02
"July 7, 9097",9097-07-07
"March 8, 7015",7015-03-08
"March 10, 2553",2553-03-10
"September 11, 5938",5938-09-11
"December 16, 9842",9842-12-16
"November 16, 2666",2666-11-16
"November 30, 8535",8535-11-30
"June 15, 7486",7486-06-15
"December 18, 2814",2814-12-18
"January 2, 4646",4646-01-02
"October 1, 1778",1778-10-01
"April 13, 7400",7400-04-13
"April 29, 7120",7120-04-29
"October 11, 9261",9261-10-11
"July 8, 2359",2359-07-08
"July 17, 3114",3114-07-17
"March 3, 4647",4647-03-03
"February 16, 2671",2671-02-16
"July 2, 9349",9349-07-02
"July 30, 1338",1338-07-30
"December 17, 9789",9789-12-17
"September 8, 4659",4659-09-08
"September 5, 5754",5754-09-05
"August 28, 5722",5722-08-28
"July 14, 4483",4483-07-14
"April 17, 6087",6087-04-17
"April 18, 9562",9562-04-18
"April 24, 8313",8313-04-24
"October 22, 9478",9478-10-22
"March 3, 4144",4144-03-03
"January 7, 2745",2745-01-07
"December 23, 9946",9946-12-23
"February 27, 3158",3158-02-27
"February 14, 2226",2226-02-14
"August 16, 2510",2510-08-16
"July 23, 3121",3121-07-23
"November 7, 1300",1300-11-07
"August 27, 9755",9755-08-27
"October 5, 8027",8027-10-05
"October 10, 8084",8084-10-10
"July 18, 4064",4064-07-18
"July 13, 7954",7954-07-13
"September 16, 7511",7511-09-16
"February 17, 8032",8032-02-17
"September 12, 3651",3651-09-12
"May 18, 7848",7848-05-18
"April 18, 3666",3666-04-18
"September 16, 3651",3651-09-16
"July 31, 8893",8893-07-31
"July 18, 1299",1299-07-18
"August 15, 5125",5125-08-15
"September 1, 1912",1912-09-01
"May 8, 8902",8902-05-08
"March 24, 9955",9955-03-24
"February 11, 6473",6473-02-11
"October 20, 2539",2539-10-20
"July 3, 6768",6768-07-03
"April 11, 7944",7944-04-11
"February 6, 6383",6383-02-06
"July 21, 9176",9176-07-21
"May 24, 8459",8459-05-24
"May 28, 5294",5294-05-28
"September 19, 3112",3112-09-19
"June 12, 5449",5449-06-12
"July 29, 6643",6643-07-29
"June 23, 6441",6441-06-23
"February 22, 2579",2579-02-22
"November 9, 2880",2880-11-09
"April 28, 3219",3219-04-28
"June 8, 3598",3598-06-08
"February 10, 1370",1370-02-10
"January 30, 5692",5692-01-30
"September 2, 9779",9779-09-02
"June 2, 1172",1172-06-02
"December 14, 4098",4098-12-14
"March 29, 5743",5743-03-29
"September 24, 3555",3555-09-24
"January 20, 9525",9525-01-20
"May 27, 8709",8709-05-27
"April 6, 3329",3329-04-06
"January 6, 9702",9702-01-06
"February 10, 3349",3349-02-10
"June 26, 1759",1759-06-26
"July 1, 3033",3033-07-01
"July 31, 6044",6044-07-31
"January 26, 8086",8086-01-26
"April 26, 6626",6626-04-26
"February 24, 8899",8899-02-24
"December 24, 4730",4730-12-24
"April 9, 6254",6254-04-09
"December 21, 3833",3833-12-21
"November 20, 5909",5909-11-20
"May 2, 5649",5649-05-02
"October 2, 9913",9913-10-02
"April 26, 1480",1480-04-26
"March 27, 7981",7981-03-27
"April 8, 9444",9444-04-08
"January 26, 5368",5368-01-26
"July 5, 9270",9270-07-05
"March 12, 4593",4593-03-12
"April 11, 5526",5526-04-11
"April 15, 8022",8022-04-15
"March 20, 9526",9526-03-20
"November 16, 7567",7567-11-16
"January 15, 7819",7819-01-15
"January 18, 7157",7157-01-18
"July 19, 7031",7031-07-19
"July 9, 8365",8365-07-09
"October 4, 9085",9085-10-04
"April 4, 1442",1442-04-04
"December 7, 6978",6978-12-07
"May 7, 2255",2255-05-07
"February 9, 6186",6186-02-09
"November 14, 6246",6246-11-14
"February 2, 1487",1487-02-02
"October 10, 3821",3821-10-10
"July 31, 6956",6956-07-31
"September 6, 7176",7176-09-06
"January 18, 5543",5543-01-18
"May 30, 9442",9442-05-30
"October 2, 1450",1450-10-02
"June 4, 7404",7404-06-04
"September 23, 5448",5448-09-23
"January 1, 6927",6927-01-01
"October 20, 9786",9786-10-20
"February 15, 8242",8242-02-15
"February 3, 1566",1566-02-03
"March 3, 3180",3180-03-03
"October 17, 4343",4343-10-17
"September 1, 6047",6047-09-01
"December 9, 5570",5570-12-09
"May 19, 4497",4497-05-19
"August 10, 9884",9884-08-10
"May 2, 4283",4283-05-02
"December 7, 6297",6297-12-07
"November 14, 2911",2911-11-14
"May 24, 5851",5851-05-24
"January 1, 4381",4381-01-01
"December 30, 8040",8040-12-30
"May 24, 1626",1626-05-24
"February 26, 8923",8923-02-26
"September 5, 6936",6936-09-05
"June 5, 2633",2633-06-05
"July 26, 6323",6323-07-26
"August 1, 8419",8419-08-01
"February 16, 6187",6187-02-16
"August 3, 2038",2038-08-03
"August 6, 9298",9298-08-06
"May 12, 6749",6749-05-12
"August 15, 2299",2299-08-15
"June 4, 3064",3064-06-04
"August 26, 9942",9942-08-26
"January 21, 7723",7723-01-21
"November 27, 8993",8993-11-27
"September 23, 7274",7274-09-23
"October 23, 2553",2553-10-23
"October 30, 5513",5513-10-30
"February 26, 5749",5749-02-26
"July 3, 4714",4714-07-03
"October 19, 6177",6177-10-19
"January 29, 1286",1286-01-29
"March 5, 3054",3054-03-05
"November 23, 6209",6209-11-23
"December 15, 7778",7778-12-15
"August 15, 9183",9183-08-15
"November 29, 3318",3318-11-29
"May 29, 6221",6221-05-29
"August 3, 2035",2035-08-03
"November 7, 3871",3871-11-07
"July 21, 4721",4721-07-21
"June 2, 8943",8943-06-02
"January 1, 8448",8448-01-01
"March 31, 9170",9170-03-31
"March 30, 2883",2883-03-30
"July 15, 9249",9249-07-15
"July 3, 9420",9420-07-03
"September 26, 2418",2418-09-26
"March 16, 2047",2047-03-16
"January 11, 2311",2311-01-11
"January 14, 9110",9110-01-14
"September 19, 6160",6160-09-19
"June 11, 8281",8281-06-11
"November 26, 5167",5167-11-26
"August 18, 1979",1979-08-18
"April 27, 7015",7015-04-27
"February 14, 9122",9122-02-14
"September 18, 5410",5410-09-18
"February 20, 9347",9347-02-20
"October 12, 6875",6875-10-12
"October 21, 8028",8028-10-21
"March 23, 2836",2836-03-23
"August 7, 5348",5348-08-07
"December 17, 7319",7319-12-17
"September 29, 5370",5370-09-29
"March 15, 1504",1504-03-15
"May 29, 9822",9822-05-29
"May 18, 2962",2962-05-18
"March 24, 4849",4849-03-24
"November 20, 7493",7493-11-20
"October 16, 8573",8573-10-16
"July 29, 2723",2723-07-29
"October 8, 2861",2861-10-08
"August 13, 2660",2660-08-13
"January 14, 3054",3054-01-14
"September 13, 9832",9832-09-13
"November 17, 9176",9176-11-17
"March 25, 1589",1589-03-25
"April 26, 5818",5818-04-26
"September 1, 4537",4537-09-01
"May 22, 4554",4554-05-22
"November 23, 9384",9384-11-23
"August 28, 9826",9826-08-28
"August 28, 6124",6124-08-28
"March 31, 4316",4316-03-31
"December 10, 8193",8193-12-10
"January 17, 3075",3075-01-17
"December 12, 2349",2349-12-12
"November 29, 2510",2510-11-29
"June 21, 3329",3329-06-21
"July 28, 1040",1040-07-28
"March 30, 8149",8149-03-30
"July 5, 9789",9789-07-05
"August 19, 3906",3906-08-19
"March 11, 1140",1140-03-11
"November 16, 6266",6266-11-16
"July 26, 6714",6714-07-26
"March 21, 6726",6726-03-21
"May 11, 7241",7241-05-11
"January 14, 1066",1066-01-14
"November 8, 7981",7981-11-08
"October 13, 6666",6666-10-13
"September 15, 3731",3731-09-15
"June 30, 3490",3490-06-30
"April 8, 7762",7762-04-08
"February 8, 8573",8573-02-08
"November 22, 6462",6462-11-22
"July 24, 6210",6210-07-24
"January 8, 5710",5710-01-08
"April 29, 6074",6074-04-29
"November 10, 1911",1911-11-10
"February 22, 7904",7904-02-22
"May 5, 7891",7891-05-05
"June 26, 1075",1075-06-26
"March 12, 3810",3810-03-12
"June 17, 7285",7285-06-17
"September 28, 4193",4193-09-28
"February 26, 8117",8117-02-26
"January 4, 8219",8219-01-04
"September 4, 7402",7402-09-04
"June 6, 3384",3384-06-06
"October 7, 1561",1561-10-07
"August 20, 3122",3122-08-20
"July 9, 2702",2702-07-09
"May 1, 1632",1632-05-01
"December 24, 8501",8501-12-24
"January 5, 5008",5008-01-05
"September 10, 1421",1421-09-10
"June 4, 2669",2669-06-04
"June 9, 1372",1372-06-09
"July 14, 8659",8659-07-14
"August 5, 7638",7638-08-05
"November 25, 7927",7927-11-25
"March 10, 4427",4427-03-10
"May 9, 4802",4802-05-09
"February 22, 2007",2007-02-22
"January 22, 1563",1563-01-22
"June 4, 2250",2250-06-04
"March 4, 5788",5788-03-04
"December 8, 3046",3046-12-08
"September 16, 2852",2852-09-16
"January 11, 8718",8718-01-11
"September 19, 4265",4265-09-19
"July 9, 8017",8017-07-09
"October 20, 8589",8589-10-20
"January 28, 8941",8941-01-28
"October 9, 9036",9036-10-09
"May 24, 7832",7832-05-24
"November 16, 7571",7571-11-16
"October 30, 7455",7455-10-30
"June 1, 3037",3037-06-01
"December 4, 6228",6228-12-04
"January 26, 9605",9605-01-26
"August 16, 7648",7648-08-16
"April 8, 5136",5136-04-08
"July 30, 1411",1411-07-30
"June 4, 2069",2069-06-04
"April 18, 9825",9825-04-18
"December 25, 4436",4436-12-25
"March 1, 4707",4707-03-01
"July 5, 5232",5232-07-05
"August 5, 5351",5351-08-05
"January 21, 1777",1777-01-21
"August 28, 9709",9709-08-28
"March 24, 5907",5907-03-24
"May 26, 7321",7321-05-26
"August 1, 1745",1745-08-01
"October 12, 4362",4362-10-12
"September 5, 6406",6406-09-05
"January 26, 2545",2545-01-26
"April 8, 2401",2401-04-08
"September 28, 8976",8976-09-28
"April 26, 4151",4151-04-26
"July 3, 4780",4780-07-03
"June 21, 7052",7052-06-21
"June 9, 5751",5751-06-09
"November 1, 7024",7024-11-01
"October 14, 3409",3409-10-14
"August 21, 8990",8990-08-21
"August 30, 3400",3400-08-30
"August 3, 8028",8028-08-03
"March 2, 1668",1668-03-02
"March 9, 2255",2255-03-09
"May 12, 7561",7561-05-12
"December 3, 9379",9379-12-03
"December 13, 8222",8222-12-13
"March 21, 7074",7074-03-21
"October 7, 2006",2006-10-07
"March 14, 6554",6554-03-14
"December 28, 9314",9314-12-28
"March 29, 8908",8908-03-29
"January 14, 7945",7945-01-14
"September 7, 9116",9116-09-07
"December 12, 4297",4297-12-12
"February 14, 5904",5904-02-14
"September 27, 7991",7991-09-27
"June 8, 4634",4634-06-08
"November 2, 3981",3981-11-02
"May 23, 7033",7033-05-23
"September 19, 7604",7604-09-19
"February 4, 8157",8157-02-04
"July 8, 5063",5063-07-08
"July 29, 2489",2489-07-29
"April 8, 8054",8054-04-08
"January 28, 7461",7461-01-28
"June 7, 6700",6700-06-07
"February 7, 6968",6968-02-07
"September 4, 9373",9373-09-04
"January 4, 8256",8256-01-04
"November 14, 6715",6715-11-14
"September 25, 6655",6655-09-25
"December 26, 3065",3065-12-26
"March 8, 7998",7998-03-08
"June 26, 3672",3672-06-26
"February 21, 9137",9137-02-21
"November 9, 4335",4335-11-09
"September 19, 3222",3222-09-19
"February 26, 1018",1018-02-26
"June 12, 2357",2357-06-12
"June 15, 1275",1275-06-15
"July 27, 6338",6338-07-27
"July 20, 8182",8182-07-20
"March 20, 2354",2354-03-20
"October 20, 9468",9468-10-20
"November 27, 3380",3380-11-27
"December 16, 8065",8065-12-16
"June 23, 5761",5761-06-23
"September 9, 5754",5754-09-09
"June 2, 1522",1522-06-02
"February 21, 4833",4833-02-21
"April 1, 5015",5015-04-01
"August 6, 7435",7435-08-06
"November 5, 8320",8320-11-05
"May 29, 3438",3438-05-29
"September 26, 1129",1129-09-26
"August 12, 8356",8356-08-12
"May 11, 3310",3310-05-11
"November 22, 8923",8923-11-22
"February 4, 4234",4234-02-04
"August 20, 3921",3921-08-20
"January 2, 1779",1779-01-02
"May 5, 4534",4534-05-05
"May 6, 4448",4448-05-06
"August 18, 6818",6818-08-18
"December 1, 7315",7315-12-01
"October 27, 4719",4719-10-27
"April 22, 9808",9808-04-22
"May 30, 1070",1070-05-30
"April 5, 2307",2307-04-05
"November 15, 8875",8875-11-15
"April 17, 4827",4827-04-17
"January 25, 4920",4920-01-25
"January 30, 5548",5548-01-30
"September 10, 9318",9318-09-10
"April 11, 7533",7533-04-11
"October 30, 8073",8073-10-30
"May 17, 1334",1334-05-17
"November 9, 3016",3016-11-09
"January 1, 3228",3228-01-01
"July 4, 4795",4795-07-04
"September 25, 4880",4880-09-25
"June 4, 8722",8722-06-04
"November 23, 6501",6501-11-23
"December 24, 6448",6448-12-24
"May 4, 1408",1408-05-04
"June 3, 8414",8414-06-03
"December 12, 2558",2558-12-12
"April 23, 6529",6529-04-23
"May 25, 2784",2784-05-25
"July 13, 8202",8202-07-13
"July 23, 6289",6289-07-23
"May 1, 7166",7166-05-01
"April 8, 4848",4848-04-08
"October 31, 6310",6310-10-31
"September 4, 5753",5753-09-04
"July 23, 9527",9527-07-23
"May 4, 1643",1643-05-04
"October 21, 6983",6983-10-21
"July 19, 4437",4437-07-19
"August 2, 7487",7487-08-02
"March 18, 9325",9325-03-18
"February 29, 8788",8788-02-29
"February 11, 4623",4623-02-11
"June 10, 7375",7375-06-10
"November 26, 7153",7153-11-26
"December 15, 1214",1214-12-15
"August 10, 3391",3391-08-10
"August 12, 7630",7630-08-12
"December 10, 8871",8871-12-10
"May 3, 4809",4809-05-03
"July 22, 5060",5060-07-22
"May 13, 1760",1760-05-13
"July 25, 2714",2714-07-25
"September 11, 4220",4220-09-11
"December 24, 1357",1357-12-24
"September 11, 4894",4894-09-11
"February 13, 5309",5309-02-13
"August 10, 8194",8194-08-10
"May 23, 7135",7135-05-23
"December 6, 2905",2905-12-06
"December 7, 7556",7556-12-07
"July 3, 7955",7955-07-03
"August 18, 5473",5473-08-18
"October 16, 3151",3151-10-16
"December 15, 7834",7834-12-15
"October 19, 2341",2341-10-19
"February 20, 9984",9984-02-20
"May 26, 9630",9630-05-26
"March 8, 4540",4540-03-08
"January 2, 9099",9099-01-02
"August 5, 4611",4611-08-05
"July 13, 9151",9151-07-13
"March 17, 1363",1363-03-17
"October 9, 4117",4117-10-09
"September 19, 5752",5752-09-19
"October 2, 1996",1996-10-02
"December 26, 6707",6707-12-26
"December 28, 3728",3728-12-28
"February 14, 5267",5267-02-14
"July 8, 6189",6189-07-08
"April 9, 4475",4475-04-09
"January 25, 3482",3482-01-25
"January 19, 7030",7030-01-19
"September 15, 4471",4471-09-15
"October 12, 3009",3009-10-12
"October 27, 2288",2288-10-27
"May 7, 5297",5297-05-07
"June 7, 1429",1429-06-07
"November 6, 9931",9931-11-06
"October 27, 3320",3320-10-27
"June 6, 2063",2063-06-06
"February 17, 6096",6096-02-17
"August 25, 6810",6810-08-25
"May 5, 1286",1286-05-05
"September 20, 6542",6542-09-20
"June 7, 6742",6742-06-07
"May 16, 2769",2769-05-16
"April 26, 3184",3184-04-26
"October 5, 4905",4905-10-05
"January 3, 6552",6552-01-03
"January 27, 9411",9411-01-27
"February 21, 7013",7013-02-21
"January 15, 4564",4564-01-15
"December 5, 9905",9905-12-05
"January 9, 4759",4759-01-09
"July 18, 2645",2645-07-18
"June 5, 9836",9836-06-05
"April 13, 2128",2128-04-13
"March 25, 6927",6927-03-25
"March 1, 8771",8771-03-01
"January 28, 2524",2524-01-28
"April 16, 3356",3356-04-16
"September 9, 9320",9320-09-09
"October 4, 1419",1419-10-04
"March 18, 6275",6275-03-18
"November 30, 5450",5450-11-30
"August 6, 9195",9195-08-06
"May 29, 6998",6998-05-29
"March 21, 2330",2330-03-21
"March 14, 1047",1047-03-14
"March 11, 4571",4571-03-11
"August 17, 1505",1505-08-17
"November 4, 8889",8889-11-04
"July 27, 7824",7824-07-27
"December 12, 1999",1999-12-12
"May 16, 4827",4827-05-16
"June 4, 6361",6361-06-04
"November 8, 1529",1529-11-08
"December 29, 2183",2183-12-29
"February 11, 6978",6978-02-11
"July 8, 9798",9798-07-08
"July 10, 8567",8567-07-10
"August 31, 9561",9561-08-31
"May 29, 4588",4588-05-29
"February 26, 1258",1258-02-26
"June 22, 7632",7632-06-22
"April 2, 9710",9710-04-02
"July 12, 4584",4584-07-12
"April 26, 8336",8336-04-26
"October 15, 3409",3409-10-15
"November 12, 4684",4684-11-12
"February 7, 3303",3303-02-07
"February 13, 3211",3211-02-13
"October 30, 4290",4290-10-30
"December 8, 4176",4176-12-08
"June 14, 7112",7112-06-14
"December 29, 4664",4664-12-29
"May 23, 9874",9874-05-23
"August 8, 6065",6065-08-08
"December 7, 8706",8706-12-07
"January 22, 2351",2351-01-22
"January 21, 4131",4131-01-21
"September 29, 2714",2714-09-29
"August 16, 2808",2808-08-16
"May 5, 4142",4142-05-05
"June 3, 2314",2314-06-03
"March 16, 1175",1175-03-16
"August 29, 8153",8153-08-29
"July 12, 7426",7426-07-12
"April 11, 6903",6903-04-11
"August 22, 2175",2175-08-22
"April 3, 3372",3372-04-03
"March 11, 7230",7230-03-11
"December 2, 5022",5022-12-02
"September 14, 7308",7308-09-14
"May 11, 4657",4657-05-11
"August 28, 4112",4112-08-28
"August 2, 2625",2625-08-02
"July 11, 9088",9088-07-11
"December 8, 4252",4252-12-08
"July 19, 7592",7592-07-19
"June 24, 3811",3811-06-24
"November 9, 2966",2966-11-09
"February 16, 1818",1818-02-16
"September 28, 4575",4575-09-28
"June 22, 8042",8042-06-22
"December 11, 4889",4889-12-11
"October 12, 7207",7207-10-12
"September 5, 6094",6094-09-05
"July 10, 1582",1582-07-10
"September 19, 2493",2493-09-19
"December 10, 1332",1332-12-10
"September 30, 6405",6405-09-30
"February 19, 8757",8757-02-19
"June 2, 1579",1579-06-02
"June 4, 2216",2216-06-04
"February 10, 5405",5405-02-10
"October 26, 1617",1617-10-26
"December 18, 1988",1988-12-18
"May 14, 5897",5897-05-14
"August 16, 5500",5500-08-16
"May 17, 3055",3055-05-17
"March 31, 9092",9092-03-31
"August 18, 7845",7845-08-18
"December 26, 7806",7806-12-26
"August 7, 8228",8228-08-07
"February 16, 8925",8925-02-16
"March 31, 9031",9031-03-31
"October 24, 6119",6119-10-24
"July 11, 8077",8077-07-11
"November 8, 5083",5083-11-08
"December 13, 4587",4587-12-13
"May 16, 4816",4816-05-16
"June 12, 3275",3275-06-12
"August 27, 9186",9186-08-27
"March 15, 9709",9709-03-15
"January 7, 8704",8704-01-07
"May 3, 7126",7126-05-03
"December 28, 1901",1901-12-28
"August 29, 9678",9678-08-29
"May 26, 9778",9778-05-26
"November 13, 6347",6347-11-13
"April 10, 7520",7520-04-10
"June 27, 2513",2513-06-27
"January 5, 2067",2067-01-05
"June 13, 9022",9022-06-13
"July 2, 6377",6377-07-02
"December 6, 2116",2116-12-06
"October 3, 6231",6231-10-03
"June 2, 4564",4564-06-02
"April 12, 8860",8860-04-12
"April 3, 8400",8400-04-03
"November 6, 9155",9155-11-06
"February 12, 9802",9802-02-12
"June 8, 6344",6344-06-08
"July 27, 6403",6403-07-27
"September 7, 3660",3660-09-07
"December 20, 3569",3569-12-20
"June 12, 2650",2650-06-12
"September 21, 8084",8084-09-21
"May 19, 3963",3963-05-19
"September 18, 5173",5173-09-18
"June 18, 5502",5502-06-18
"July 23, 3105",3105-07-23
"February 8, 9034",9034-02-08
"September 5, 8638",8638-09-05
"May 11, 4793",4793-05-11
"June 7, 4729",4729-06-07
"April 30, 6205",6205-04-30
"May 4, 6598",6598-05-04
"July 17, 1347",1347-07-17
"August 18, 1750",1750-08-18
"July 22, 6458",6458-07-22
"May 8, 2296",2296-05-08
"October 24, 5035",5035-10-24
"August 27, 6496",6496-08-27
"September 20, 6296",6296-09-20
"June 2, 2961",2961-06-02
"May 3, 4241",4241-05-03
"September 30, 9818",9818-09-30
"May 15, 5003",5003-05-15
"February 28, 7941",7941-02-28
"May 21, 7599",7599-05-21
"December 11, 2462",2462-12-11
"February 5, 6833",6833-02-05
"January 12, 2182",2182-01-12
"September 28, 5658",5658-09-28
"June 9, 9202",9202-06-09
"July 14, 2228",2228-07-14
"March 1, 4742",4742-03-01
"August 11, 7386",7386-08-11
"January 18, 8458",8458-01-18
"June 19, 1814",1814-06-19
"May 29, 4469",4469-05-29
"November 5, 7117",7117-11-05
"August 28, 6293",6293-08-28
"October 28, 5602",5602-10-28
"June 27, 7781",7781-06-27
"October 23, 5747",5747-10-23
"September 16, 3739",3739-09-16
"November 20, 8129",8129-11-20
"June 15, 3798",3798-06-15
"June 7, 7292",7292-06-07
"February 16, 2826",2826-02-16
"May 28, 6539",6539-05-28
"August 8, 5407",5407-08-08
"August 10, 1758",1758-08-10
"August 18, 4912",4912-08-18
"April 30, 3391",3391-04-30
"April 26, 8970",8970-04-26
"June 22, 7786",7786-06-22
"February 22, 5951",5951-02-22
"June 8, 5999",5999-06-08
"August 21, 7513",7513-08-21
"September 14, 4929",4929-09-14
"February 19, 7253",7253-02-19
"February 27, 8971",8971-02-27
"November 28, 3711",3711-11-28
"August 25, 2987",2987-08-25
"March 9, 8609",8609-03-09
"June 27, 8689",8689-06-27
"July 5, 1894",1894-07-05
"August 10, 9490",9490-08-10
"April 16, 9175",9175-04-16
"October 4, 7593",7593-10-04
"April 10, 6588",6588-04-10
"November 3, 2312",2312-11-03
"March 5, 7800",7800-03-05
"February 6, 7845",7845-02-06
"November 12, 6315",6315-11-12
"July 8, 4736",4736-07-08
"May 31, 7374",7374-05-31
"June 3, 2121",2121-06-03
"September 10, 6112",6112-09-10
"February 12, 3023",3023-02-12
"May 13, 4537",4537-05-13
"December 24, 5659",5659-12-24
"May 7, 1799",1799-05-07
"March 6, 7870",7870-03-06
"October 13, 2248",2248-10-13
"February 12, 8872",8872-02-12
"November 21, 7848",7848-11-21
"October 23, 9857",9857-10-23
"April 8, 5351",5351-04-08
"October 31, 4759",4759-10-31
"April 18, 6676",6676-04-18
"October 22, 8406",8406-10-22
"January 28, 8581",8581-01-28
"January 15, 1706",1706-01-15
"August 24, 2039",2039-08-24
"December 20, 3498",3498-12-20
"April 8, 2595",2595-04-08
"April 25, 7669",7669-04-25
"December 30, 9669",9669-12-30
"February 8, 8305",8305-02-08
"February 13, 1002",1002-02-13
"December 27, 9693",9693-12-27
"December 8, 2684",2684-12-08
"April 22, 8589",8589-04-22
"July 19, 2713",2713-07-19
"October 14, 6201",6201-10-14
"September 27, 7100",7100-09-27
"July 7, 4347",4347-07-07
"May 30, 5478",5478-05-30
"December 28, 8068",8068-12-28
"September 28, 7636",7636-09-28
"January 5, 6135",6135-01-05
"December 17, 3246",3246-12-17
"September 27, 3361",3361-09-27
"April 11, 8826",8826-04-11
"September 9, 4635",4635-09-09
"January 17, 4442",4442-01-17
"November 1, 7548",7548-11-01
"October 17, 8803",8803-10-17
"May 2, 4497",4497-05-02
"March 28, 5992",5992-03-28
"November 2, 9242",9242-11-02
"May 27, 4953",4953-05-27
"May 5, 2025",2025-05-05
"October 24, 7691",7691-10-24
"March 28, 1093",1093-03-28
"February 15, 8022",8022-02-15
"July 5, 6861",6861-07-05
"August 24, 5641",5641-08-24
"October 19, 2464",2464-10-19
"April 21, 4378",4378-04-21
"September 12, 1716",1716-09-12
"January 6, 5240",5240-01-06
"March 10, 7303",7303-03-10
"February 4, 1610",1610-02-04
"September 8, 1009",1009-09-08
"January 18, 9077",9077-01-18
"March 5, 7431",7431-03-05
"June 6, 5125",5125-06-06
"September 26, 2259",2259-09-26
"October 13, 4240",4240-10-13
"February 11, 1358",1358-02-11
"June 2, 3701",3701-06-02
"August 28, 5957",5957-08-28
"January 18, 9064",9064-01-18
"March 19, 7777",7777-03-19
"August 18, 5527",5527-08-18
"September 20, 8179",8179-09-20
"April 2, 4653",4653-04-02
"September 26, 9173",9173-09-26
"October 23, 5395",5395-10-23
"September 21, 5662",5662-09-21
"September 29, 5381",5381-09-29
"July 22, 5997",5997-07-22
"December 7, 7259",7259-12-07
"July 11, 3425",3425-07-11
"October 3, 8607",8607-10-03
"May 17, 2991",2991-05-17
"March 29, 6453",6453-03-29
"January 5, 2597",2597-01-05
"July 11, 3161",3161-07-11
"March 31, 7378",7378-03-31
"July 17, 5416",5416-07-17
"May 29, 5137",5137-05-29
"May 16, 5791",5791-05-16
"July 19, 2771",2771-07-19
"September 9, 4312",4312-09-09
"October 12, 8694",8694-10-12
"October 4, 2441",2441-10-04
"December 28, 2541",2541-12-28
"March 30, 1133",1133-03-30
"November 27, 1823",1823-11-27
"November 7, 8445",8445-11-07
"May 20, 1180",1180-05-20
"August 5, 2653",2653-08-05
"August 1, 9283",9283-08-01
"February 2, 6589",6589-02-02
"May 18, 8555",8555-05-18
"April 19, 6015",6015-04-19
"March 13, 2559",2559-03-13
"March 30, 1972",1972-03-30
"October 14, 2575",2575-10-14
"April 9, 8375",8375-04-09
"July 11, 5775",5775-07-11
"November 9, 6236",6236-11-09
"August 6, 8985",8985-08-06
"January 14, 7941",7941-01-14
"August 15, 5888",5888-08-15
"February 22, 8157",8157-02-22
"September 21, 3064",3064-09-21
"February 3, 6218",6218-02-03
"December 4, 6849",6849-12-04
"June 26, 5870",5870-06-26
"July 13, 7339",7339-07-13
"February 25, 6168",6168-02-25
"December 1, 5417",5417-12-01
"March 18, 5080",5080-03-18
"April 28, 3592",3592-04-28
"July 22, 3133",3133-07-22
"December 1, 5877",5877-12-01
"September 9, 7942",7942-09-09
"April 28, 1085",1085-04-28
"October 27, 7636",7636-10-27
"August 23, 6720",6720-08-23
"July 11, 9393",9393-07-11
"September 30, 3718",3718-09-30
"October 29, 9177",9177-10-29
"August 30, 6761",6761-08-30
"December 20, 4091",4091-12-20
"November 26, 5717",5717-11-26
"December 18, 7271",7271-12-18
"August 10, 7618",7618-08-10
"February 21, 5214",5214-02-21
"April 6, 1384",1384-04-06
"October 30, 1434",1434-10-30
"May 31, 7524",7524-05-31
"August 31, 6549",6549-08-31
"August 7, 9094",9094-08-07
"August 12, 5232",5232-08-12
"July 15, 2299",2299-07-15
"August 1, 7663",7663-08-01
"September 27, 6529",6529-09-27
"May 28, 8929",8929-05-28
"June 2, 1919",1919-06-02
"September 6, 2631",2631-09-06
"March 2, 9385",9385-03-02
"November 20, 9397",9397-11-20
"January 25, 7045",7045-01-25
"May 25, 9619",9619-05-25
"March 29, 9944",9944-03-29
"October 3, 4208",4208-10-03
"February 25, 6339",6339-02-25
"June 13, 6936",6936-06-13
"June 1, 1898",1898-06-01
"January 11, 7010",7010-01-11
"October 25, 8005",8005-10-25
"September 7, 2015",2015-09-07
"February 22, 3816",3816-02-22
"June 14, 6425",6425-06-14
"April 16, 8242",8242-04-16
"March 29, 9517",9517-03-29
"February 6, 8622",8622-02-06
"April 16, 8679",8679-04-16
"August 30, 1896",1896-08-30
"August 23, 8855",8855-08-23
"January 9, 8277",8277-01-09
"December 8, 7191",7191-12-08
"March 24, 7656",7656-03-24
"August 16, 4588",4588-08-16
"November 27, 8039",8039-11-27
"January 15, 1606",1606-01-15
"February 25, 4945",4945-02-25
"February 13, 7144",7144-02-13
"April 22, 9940",9940-04-22
"November 1, 1123",1123-11-01
"April 23, 6384",6384-04-23
"December 17, 6213",6213-12-17
"March 23, 6887",6887-03-23
"June 26, 6388",6388-06-26
"March 13, 7591",7591-03-13
"November 5, 9426",9426-11-05
"December 24, 4806",4806-12-24
"October 15, 5834",5834-10-15
"September 25, 5052",5052-09-25
"April 13, 4383",4383-04-13
"February 28, 4321",4321-02-28
"August 8, 2923",2923-08-08
"September 3, 1405",1405-09-03
"September 12, 8981",8981-09-12
"January 11, 7863",7863-01-11
"February 10, 9606",9606-02-10
"October 31, 4491",4491-10-31
"April 6, 9348",9348-04-06
"May 21, 7473",7473-05-21
"October 30, 3990",3990-10-30
"April 19, 1705",1705-04-19
"August 22, 8226",8226-08-22
"August 5, 6433",6433-08-05
"February 24, 7639",7639-02-24
"August 22, 2941",2941-08-22
"July 3, 7578",7578-07-03
"October 13, 1592",1592-10-13
"December 4, 8536",8536-12-04
"May 20, 4350",4350-05-20
"October 16, 9467",9467-10-16
"June 1, 8169",8169-06-01
"June 25, 1313",1313-06-25
"September 6, 4293",4293-09-06
"October 19, 6566",6566-10-19
"July 8, 1947",1947-07-08
"May 14, 2456",2456-05-14
"January 26, 6806",6806-01-26
"August 28, 1882",1882-08-28
"September 16, 4190",4190-09-16
"June 16, 3894",3894-06-16
"January 9, 2522",2522-01-09
"August 2, 8071",8071-08-02
"July 29, 4226",4226-07-29
"June 27, 4160",4160-06-27
"October 13, 3950",3950-10-13
"February 7, 1163",1163-02-07
"April 16, 9514",9514-04-16
"December 28, 2280",2280-12-28
"January 21, 7934",7934-01-21
"March 14, 3005",3005-03-14
"August 29, 7795",7795-08-29
"January 6, 9486",9486-01-06
"August 2, 2735",2735-08-02
"June 28, 8569",8569-06-28
"March 12, 6129",6129-03-12
"April 5, 5246",5246-04-05
"March 22, 3014",3014-03-22
"February 15, 4000",4000-02-15
"April 1, 9986",9986-04-01
"June 6, 9047",9047-06-06
"May 20, 3712",3712-05-20
"August 13, 6568",6568-08-13
"May 5, 3076",3076-05-05
"May 1, 7056",7056-05-01
"December 31, 1379",1379-12-31
"February 18, 4937",4937-02-18
"March 27, 1969",1969-03-27
"December 6, 2665",2665-12-06
"December 31, 7838",7838-12-31
"March 16, 2770",2770-03-16
"April 12, 6695",6695-04-12
"June 2, 9644",9644-06-02
"February 18, 5742",5742-02-18
"August 10, 9846",9846-08-10
"February 21, 5400",5400-02-21
"June 30, 3732",3732-06-30
"November 6, 8586",8586-11-06
"November 30, 6054",6054-11-30
"February 3, 9337",9337-02-03
"August 30, 8321",8321-08-30
"January 6, 2921",2921-01-06
"May 26, 3421",3421-05-26
"September 29, 7634",7634-09-29
"February 13, 9433",9433-02-13
"September 19, 4962",4962-09-19
"November 9, 1623",1623-11-09
"June 25, 8375",8375-06-25
"March 20, 4036",4036-03-20
"September 8, 9675",9675-09-08
"January 14, 2332",2332-01-14
"February 27, 1603",1603-02-27
"August 29, 2924",2924-08-29
"July 27, 6328",6328-07-27
"January 12, 5579",5579-01-12
"November 11, 6468",6468-11-11
"October 13, 4460",4460-10-13
"April 4, 6469",6469-04-04
"July 4, 9568",9568-07-04
"August 4, 9640",9640-08-04
"April 8, 7115",7115-04-08
"April 11, 3683",3683-04-11
"June 26, 5361",5361-06-26
"March 1, 8849",8849-03-01
"December 6, 9102",9102-12-06
"June 3, 5479",5479-06-03
"January 1, 6450",6450-01-01
"November 20, 4015",4015-11-20
"November 5, 2666",2666-11-05
"May 24, 7091",7091-05-24
"April 27, 5992",5992-04-27
"March 26, 1136",1136-03-26
"May 19, 4316",4316-05-19
"January 31, 6154",6154-01-31
"October 15, 5386",5386-10-15
"July 23, 8791",8791-07-23
"April 1, 4625",4625-04-01
"March 24, 7089",7089-03-24
"November 20, 8841",8841-11-20
"January 12, 1471",1471-01-12
"February 4, 2118",2118-02-04
"March 3, 7101",7101-03-03
"December 8, 8319",8319-12-08
"March 24, 5063",5063-03-24
"June 19, 5958",5958-06-19
"August 1, 8010",8010-08-01
"January 27, 8488",8488-01-27
"April 29, 4130",4130-04-29
"August 21, 4846",4846-08-21
"April 27, 4104",4104-04-27
"February 18, 4067",4067-02-18
"July 28, 2128",2128-07-28
"April 10, 3932",3932-04-10
"March 24, 8514",8514-03-24
"June 18, 7708",7708-06-18
"November 10, 5491",5491-11-10
"March 12, 6295",6295-03-12
"July 27, 9878",9878-07-27
"October 14, 8754",8754-10-14
"April 10, 9602",9602-04-10
"September 13, 3776",3776-09-13
"July 28, 9432",9432-07-28
"September 23, 8715",8715-09-23
"September 6, 7760",7760-09-06
"February 4, 9848",9848-02-04
"June 14, 3238",3238-06-14
"December 7, 6970",6970-12-07
"August 24, 4874",4874-08-24
"August 27, 8782",8782-08-27
"November 22, 8926",8926-11-22
"February 4, 3066",3066-02-04
"June 20, 4597",4597-06-20
"July 27, 7288",7288-07-27
"June 23, 1121",1121-06-23
"March 14, 8726",8726-03-14
"May 3, 1097",1097-05-03
"May 2, 1780",1780-05-02
"May 12, 1137",1137-05-12
"August 16, 5722",5722-08-16
"December 8, 2121",2121-12-08
"December 8, 7031",7031-12-08
"March 25, 2193",2193-03-25
"January 5, 8872",8872-01-05
"January 11, 6121",6121-01-11
"September 5, 5036",5036-09-05
"September 11, 3519",3519-09-11
"July 1, 9328",9328-07-01
"April 10, 4253",4253-04-10
"September 4, 3892",3892-09-04
"April 2, 3217",3217-04-02
"December 3, 1390",1390-12-03
"March 1, 1272",1272-03-01
"December 2, 8112",8112-12-02
"October 26, 2055",2055-10-26
"March 18, 1653",1653-03-18
"November 10, 7822",7822-11-10
"March 16, 8540",8540-03-16
"December 6, 3489",3489-12-06
"February 8, 7883",7883-02-08
"July 2, 8327",8327-07-02
"August 4, 2398",2398-08-04
"April 7, 9131",9131-04-07
"October 9, 2377",2377-10-09
"January 11, 1992",1992-01-11
"December 25, 7943",7943-12-25
"October 21, 2491",2491-10-21
"May 12, 5317",5317-05-12
"October 13, 8537",8537-10-13
"November 6, 9771",9771-11-06
"April 20, 8440",8440-04-20
"July 8, 7500",7500-07-08
"October 24, 3121",3121-10-24
"November 25, 2272",2272-11-25
"August 13, 8988",8988-08-13
"January 4, 3116",3116-01-04
"March 19, 3909",3909-03-19
"September 18, 4382",4382-09-18
"May 4, 6362",6362-05-04
"September 2, 8584",8584-09-02
"June 22, 1869",1869-06-22
"July 6, 8335",8335-07-06
"March 5, 6207",6207-03-05
"November 18, 4173",4173-11-18
"January 10, 9835",9835-01-10
"April 26, 5903",5903-04-26
"March 16, 8949",8949-03-16
"March 23, 8666",8666-03-23
"January 4, 9841",9841-01-04
"October 4, 9843",9843-10-04
"November 7, 4713",4713-11-07
"February 26, 3955",3955-02-26
"December 15, 2859",2859-12-15
"August 14, 9965",9965-08-14
"October 3, 1849",1849-10-03
"April 5, 4184",4184-04-05
"December 27, 9923",9923-12-27
"June 7, 1716",1716-06-07
"December 1, 5395",5395-12-01
"June 4, 5462",5462-06-04
"January 30, 4820",4820-01-30
"September 9, 1689",1689-09-09
"July 7, 3965",3965-07-07
"April 23, 4039",4039-04-23
"April 11, 3043",3043-04-11
"May 23, 6059",6059-05-23
"December 11, 1796",1796-12-11
"September 29, 6646",6646-09-29
"May 29, 3304",3304-05-29
"June 21, 8008",8008-06-21
"November 12, 5508",5508-11-12
"February 28, 3049",3049-02-28
"June 24, 8412",8412-06-24
"August 6, 6650",6650-08-06
"March 5, 2245",2245-03-05
"March 6, 2652",2652-03-06
"May 30, 7208",7208-05-30
"July 17, 9827",9827-07-17
"May 8, 5952",5952-05-08
"November 14, 3507",3507-11-14
"July 21, 8050",8050-07-21
"November 6, 8387",8387-11-06
"February 18, 2220",2220-02-18
"December 14, 6070",6070-12-14
"May 20, 9215",9215-05-20
"March 20, 3974",3974-03-20
"February 9, 2186",2186-02-09
"May 1, 1400",1400-05-01
"May 19, 1837",1837-05-19
"August 3, 1808",1808-08-03
"February 6, 7561",7561-02-06
"November 6, 9354",9354-11-06
"October 2, 3877",3877-10-02
"June 29, 9925",9925-06-29
"May 3, 6120",6120-05-03
"June 28, 1215",1215-06-28
"May 31, 6715",6715-05-31
"May 22, 2709",2709-05-22
"April 2, 8497",8497-04-02
"May 13, 8353",8353-05-13
"December 19, 1009",1009-12-19
"June 29, 1434",1434-06-29
"January 29, 8632",8632-01-29
"March 1, 5484",5484-03-01
"August 27, 4059",4059-08-27
"January 1, 2741",2741-01-01
"March 2, 9039",9039-03-02
"August 26, 4787",4787-08-26
"November 20, 5493",5493-11-20
"December 12, 7598",7598-12-12
"July 14, 1042",1042-07-14
"June 17, 6918",6918-06-17
"November 15, 9125",9125-11-15
"October 5, 9853",9853-10-05
"October 10, 6634",6634-10-10
"October 8, 6490",6490-10-08
"July 9, 6007",6007-07-09
"May 18, 5638",5638-05-18
"May 26, 9357",9357-05-26
"December 25, 9967",9967-12-25
"December 31, 1804",1804-12-31
"August 19, 7202",7202-08-19
"July 16, 3593",3593-07-16
"December 25, 1037",1037-12-25
"July 30, 5414",5414-07-30
"March 19, 8915",8915-03-19
"April 8, 9955",9955-04-08
"November 12, 6535",6535-11-12
"November 9, 2391",2391-11-09
"January 5, 7514",7514-01-05
"March 25, 7147",7147-03-25
"September 6, 5121",5121-09-06
"February 3, 4829",4829-02-03
"December 9, 8829",8829-12-09
"July 24, 4477",4477-07-24
"July 4, 5600",5600-07-04
"November 1, 1633",1633-11-01
"October 10, 8260",8260-10-10
"October 2, 8430",8430-10-02
"March 8, 2041",2041-03-08
"August 8, 5195",5195-08-08
"June 12, 7139",7139-06-12
"February 24, 4905",4905-02-24
"December 9, 1923",1923-12-09
"April 28, 6278",6278-04-28
"October 1, 9732",9732-10-01
"April 14, 9802",9802-04-14
"October 10, 4329",4329-10-10
"December 31, 8438",8438-12-31
"July 23, 3332",3332-07-23
"March 20, 3028",3028-03-20
"May 20, 7367",7367-05-20
"August 31, 1451",1451-08-31
"August 4, 5411",5411-08-04
"August 13, 8587",8587-08-13
"May 29, 3193",3193-05-29
"February 11, 4432",4432-02-11
"March 30, 8991",8991-03-30
"October 24, 5479",5479-10-24
"January 31, 2226",2226-01-31
"October 6, 8241",8241-10-06
"May 28, 8910",8910-05-28
"August 14, 5125",5125-08-14
"October 26, 6586",6586-10-26
"July 13, 1974",1974-07-13
"September 24, 8266",8266-09-24
"August 20, 6029",6029-08-20
"March 7, 9444",9444-03-07
"September 27, 3175",3175-09-27
"January 20, 2607",2607-01-20
"December 12, 1409",1409-12-12
"May 27, 3217",3217-05-27
"April 11, 1291",1291-04-11
"March 16, 9265",9265-03-16
"February 27, 7809",7809-02-27
"September 3, 3738",3738-09-03
"February 28, 6618",6618-02-28
"June 16, 5464",5464-06-16
"May 21, 1723",1723-05-21
"June 29, 7207",7207-06-29
"August 24, 8388",8388-08-24
"November 11, 4533",4533-11-11
"March 8, 6738",6738-03-08
"July 25, 7131",7131-07-25
"September 3, 6159",6159-09-03
"July 17, 1188",1188-07-17
"May 21, 1425",1425-05-21
"March 20, 4896",4896-03-20
"September 16, 1643",1643-09-16
"March 25, 4878",4878-03-25
"October 28, 9279",9279-10-28
"September 1, 1491",1491-09-01
"September 11, 5656",5656-09-11
"March 20, 2357",2357-03-20
"October 31, 3430",3430-10-31
"July 24, 8508",8508-07-24
"March 16, 8663",8663-03-16
"April 22, 7007",7007-04-22
"October 1, 6263",6263-10-01
"October 14, 8786",8786-10-14
"August 31, 7161",7161-08-31
"July 12, 2710",2710-07-12
"December 14, 9509",9509-12-14
"December 25, 7652",7652-12-25
"July 8, 3675",3675-07-08
"March 17, 1827",1827-03-17
"June 29, 1423",1423-06-29
"September 26, 9445",9445-09-26
"December 21, 2625",2625-12-21
"April 13, 6614",6614-04-13
"May 8, 8508",8508-05-08
"November 30, 1218",1218-11-30
"April 22, 6411",6411-04-22
"February 23, 8101",8101-02-23
"December 21, 1525",1525-12-21
"November 15, 3786",3786-11-15
"June 4, 9053",9053-06-04
"May 31, 8450",8450-05-31
"January 16, 2499",2499-01-16
"December 19, 1164",1164-12-19
"January 15, 2978",2978-01-15
"March 29, 8265",8265-03-29
"September 13, 1573",1573-09-13
"May 6, 4529",4529-05-06
"April 8, 2117",2117-04-08
"August 25, 6238",6238-08-25
"January 31, 8019",8019-01-31
"February 18, 2960",2960-02-18
"April 21, 7787",7787-04-21
"June 19, 1734",1734-06-19
"January 25, 2221",2221-01-25
"March 14, 2311",2311-03-14
"January 2, 6709",6709-01-02
"June 29, 7832",7832-06-29
"August 22, 8069",8069-08-22
"December 21, 3532",3532-12-21
"September 24, 1724",1724-09-24
"January 20, 3327",3327-01-20
"June 13, 5894",5894-06-13
"December 1, 4873",4873-12-01
"February 1, 9474",9474-02-01
"June 17, 8790",8790-06-17
"July 6, 5616",5616-07-06
"May 23, 4723",4723-05-23
"April 2, 2387",2387-04-02
"October 22, 8855",8855-10-22
"March 8, 7614",7614-03-08
"September 23, 7268",7268-09-23
"January 14, 2577",2577-01-14
"January 5, 4693",4693-01-05
"September 3, 3448",3448-09-03
"February 6, 9776",9776-02-06
"July 2, 1523",1523-07-02
"October 6, 7810",7810-10-06
"October 22, 2991",2991-10-22
"October 17, 4852",4852-10-17
"January 6, 1726",1726-01-06
"August 6, 2386",2386-08-06
"April 15, 4145",4145-04-15
"November 29, 2621",2621-11-29
"May 31, 9699",9699-05-31
"June 22, 5767",5767-06-22
"October 31, 2929",2929-10-31
"December 29, 8995",8995-12-29
"February 7, 5248",5248-02-07
"February 14, 7355",7355-02-14
"November 12, 2894",2894-11-12
"June 1, 6037",6037-06-01
"December 2, 3797",3797-12-02
"April 20, 7683",7683-04-20
"May 16, 1467",1467-05-16
"August 1, 2531",2531-08-01
"December 29, 2147",2147-12-29
"November 18, 8259",8259-11-18
"January 15, 8033",8033-01-15
"May 6, 5319",5319-05-06
"May 15, 9930",9930-05-15
"August 1, 2811",2811-08-01
"June 30, 1179",1179-06-30
"February 23, 6592",6592-02-23
"December 28, 1926",1926-12-28
"December 1, 1072",1072-12-01
"December 16, 1082",1082-12-16
"April 23, 3060",3060-04-23
"August 31, 2023",2023-08-31
"December 12, 9115",9115-12-12
"July 5, 8484",8484-07-05
"March 5, 7818",7818-03-05
"April 7, 4258",4258-04-07
"September 26, 5779",5779-09-26
"December 5, 8963",8963-12-05
"October 24, 9871",9871-10-24
"May 6, 6466",6466-05-06
"October 11, 8950",8950-10-11
"March 8, 2457",2457-03-08
"June 19, 3367",3367-06-19
"March 2, 2643",2643-03-02
"July 7, 8347",8347-07-07
"June 26, 4111",4111-06-26
"December 6, 7006",7006-12-06
"June 9, 6172",6172-06-09
"August 11, 5731",5731-08-11
"July 1, 3747",3747-07-01
"June 15, 3004",3004-06-15
"March 8, 8011",8011-03-08
"November 30, 8942",8942-11-30
"January 11, 1432",1432-01-11
"May 11, 7847",7847-05-11
"January 21, 3067",3067-01-21
"January 13, 9236",9236-01-13
"July 8, 6740",6740-07-08
"July 17, 8028",8028-07-17
"October 20, 2010",2010-10-20
"June 6, 8202",8202-06-06
"November 19, 9986",9986-11-19
"November 11, 4458",4458-11-11
"August 13, 4994",4994-08-13
"March 6, 5809",5809-03-06
"June 25, 1052",1052-06-25
"July 13, 7404",7404-07-13
"December 27, 3705",3705-12-27
"September 27, 3203",3203-09-27
"June 1, 2349",2349-06-01
"August 7, 7088",7088-08-07
"October 18, 2098",2098-10-18
"June 14, 8107",8107-06-14
"December 9, 5155",5155-12-09
"July 3, 9740",9740-07-03
"December 20, 7197",7197-12-20
"May 27, 6828",6828-05-27
"January 31, 3518",3518-01-31
"November 18, 6330",6330-11-18
"March 10, 9846",9846-03-10
"January 27, 8194",8194-01-27
"June 17, 8571",8571-06-17
"November 3, 3389",3389-11-03
"May 18, 4174",4174-05-18
"June 4, 1609",1609-06-04
"August 5, 3224",3224-08-05
"December 18, 2293",2293-12-18
"July 23, 2713",2713-07-23
"January 27, 8869",8869-01-27
"December 22, 6447",6447-12-22
"April 9, 6713",6713-04-09
"November 1, 3024",3024-11-01
"August 14, 2834",2834-08-14
"August 29, 8695",8695-08-29
"February 14, 1495",1495-02-14
"June 7, 1620",1620-06-07
"May 2, 8405",8405-05-02
"April 3, 5182",5182-04-03
"July 28, 4273",4273-07-28
"November 7, 3406",3406-11-07
"August 9, 5991",5991-08-09
"October 9, 3886",3886-10-09
"November 29, 4838",4838-11-29
"April 25, 8083",8083-04-25
"April 7, 9709",9709-04-07
"October 10, 6203",6203-10-10
"June 10, 1497",1497-06-10
"February 17, 2199",2199-02-17
"August 31, 9502",9502-08-31
"May 23, 1602",1602-05-23
"November 4, 7170",7170-11-04
"October 30, 3019",3019-10-30
"December 8, 2814",2814-12-08
"October 10, 1333",1333-10-10
"April 4, 6570",6570-04-04
"December 15, 6912",6912-12-15
"November 6, 2332",2332-11-06
"September 22, 1813",1813-09-22
"February 4, 3702",3702-02-04
"April 24, 9284",9284-04-24
"February 26, 6108",6108-02-26
"June 1, 7806",7806-06-01
"October 5, 7657",7657-10-05
"May 5, 4743",4743-05-05
"May 25, 5812",5812-05-25
"May 20, 3282",3282-05-20
"April 4, 9579",9579-04-04
"September 18, 8772",8772-09-18
"January 16, 4740",4740-01-16
"December 16, 3641",3641-12-16
"June 15, 9945",9945-06-15
"September 21, 2264",2264-09-21
"March 6, 4745",4745-03-06
"October 6, 3615",3615-10-06
"February 17, 2126",2126-02-17
"December 23, 3722",3722-12-23
"January 5, 9472",9472-01-05
"February 1, 5738",5738-02-01
"March 19, 3296",3296-03-19
"June 20, 5312",5312-06-20
"January 3, 3534",3534-01-03
"May 21, 1844",1844-05-21
"September 2, 6408",6408-09-02
"December 22, 7718",7718-12-22
"October 2, 6562",6562-10-02
"January 5, 1624",1624-01-05
"April 22, 6005",6005-04-22
"June 13, 2664",2664-06-13
"May 11, 3482",3482-05-11
"July 2, 7998",7998-07-02
"December 10, 6224",6224-12-10
"October 12, 3044",3044-10-12
"December 15, 5447",5447-12-15
"December 15, 5288",5288-12-15
"June 2, 2566",2566-06-02
"July 6, 6256",6256-07-06
"February 24, 9266",9266-02-24
"August 7, 3229",3229-08-07
"November 20, 8257",8257-11-20
"November 30, 5117",5117-11-30
"January 24, 4097",4097-01-24
"February 10, 3322",3322-02-10
"March 31, 4857",4857-03-31
"November 6, 2460",2460-11-06
"July 24, 1368",1368-07-24
"January 29, 8949",8949-01-29
"May 5, 7530",7530-05-05
"January 6, 1685",1685-01-06
"May 9, 4222",4222-05-09
"July 13, 2567",2567-07-13
"December 9, 2275",2275-12-09
"January 7, 6346",6346-01-07
"February 22, 6266",6266-02-22
"September 21, 5802",5802-09-21
"January 4, 2966",2966-01-04
"June 13, 9731",9731-06-13
"June 30, 4945",4945-06-30
"September 18, 3524",3524-09-18
"July 10, 4389",4389-07-10
"December 4, 7931",7931-12-04
"June 30, 2800",2800-06-30
"July 16, 8326",8326-07-16
"July 21, 8022",8022-07-21
"June 23, 2951",2951-06-23
"December 4, 7638",7638-12-04
"August 20, 7347",7347-08-20
"October 24, 3637",3637-10-24
"January 14, 1993",1993-01-14
"October 5, 5727",5727-10-05
"October 16, 6991",6991-10-16
"December 9, 6617",6617-12-09
"July 18, 3485",3485-07-18
"June 27, 7793",7793-06-27
"May 13, 6437",6437-05-13
"March 12, 6314",6314-03-12
"November 22, 4205",4205-11-22
"July 23, 1166",1166-07-23
"March 30, 9383",9383-03-30
"April 4, 5916",5916-04-04
"December 29, 9453",9453-12-29
"June 25, 3832",3832-06-25
"January 1, 3846",3846-01-01
"July 17, 4758",4758-07-17
"September 30, 5986",5986-09-30
"May 17, 7654",7654-05-17
"January 12, 3554",3554-01-12
"September 5, 7795",7795-09-05
"September 18, 2710",2710-09-18
"February 28, 7588",7588-02-28
"April 23, 1058",1058-04-23
"July 13, 5797",5797-07-13
"November 9, 1507",1507-11-09
"January 8, 1460",1460-01-08
"October 17, 6404",6404-10-17
"December 17, 9422",9422-12-17
"May 19, 9826",9826-05-19
"March 24, 6790",6790-03-24
"January 31, 1386",1386-01-31
"July 19, 5888",5888-07-19
"March 13, 7099",7099-03-13
"March 22, 5528",5528-03-22
"September 30, 6503",6503-09-30
"February 6, 9000",9000-02-06
"May 21, 2125",2125-05-21
"August 30, 6195",6195-08-30
"August 31, 6687",6687-08-31
"December 10, 3761",3761-12-10
"March 12, 1954",1954-03-12
"June 14, 7413",7413-06-14
"January 24, 9648",9648-01-24
"August 30, 1142",1142-08-30
"December 25, 8959",8959-12-25
"July 22, 9403",9403-07-22
"June 11, 5669",5669-06-11
"July 4, 3503",3503-07-04
"January 6, 2524",2524-01-06
"October 18, 5115",5115-10-18
"September 28, 4396",4396-09-28
"April 20, 3745",3745-04-20
"April 1, 8437",8437-04-01
"November 26, 2041",2041-11-26
"December 8, 1182",1182-12-08
"August 23, 6509",6509-08-23
"December 12, 8682",8682-12-12
"August 17, 4500",4500-08-17
"January 30, 2858",2858-01-30
"June 23, 9076",9076-06-23
"March 24, 6274",6274-03-24
"January 13, 7550",7550-01-13
"July 21, 9581",9581-07-21
"July 12, 7702",7702-07-12
"May 9, 1280",1280-05-09
"March 21, 6223",6223-03-21
"August 26, 6325",6325-08-26
"June 16, 9863",9863-06-16
"November 26, 2591",2591-11-26
"July 13, 9074",9074-07-13
"January 1, 5655",5655-01-01
"November 6, 3123",3123-11-06
"October 7, 5253",5253-10-07
"January 20, 8198",8198-01-20
"October 18, 6331",6331-10-18
"May 5, 9083",9083-05-05
"September 30, 8273",8273-09-30
"August 30, 1015",1015-08-30
"September 24, 8203",8203-09-24
"November 17, 1811",1811-11-17
"October 22, 5419",5419-10-22
"April 25, 8932",8932-04-25
"December 19, 4822",4822-12-19
"November 19, 7096",7096-11-19
"September 5, 1375",1375-09-05
"December 4, 4405",4405-12-04
"November 24, 5890",5890-11-24
"November 16, 9645",9645-11-16
"February 26, 4098",4098-02-26
"March 12, 9016",9016-03-12
"September 23, 8033",8033-09-23
"February 11, 7229",7229-02-11
"September 17, 7605",7605-09-17
"October 16, 3378",3378-10-16
"June 6, 8862",8862-06-06
"September 14, 1929",1929-09-14
"January 25, 8125",8125-01-25
"December 27, 4854",4854-12-27
"March 12, 9449",9449-03-12
"June 8, 1629",1629-06-08
"January 14, 6911",6911-01-14
"June 16, 8747",8747-06-16
"December 5, 5179",5179-12-05
"February 16, 1592",1592-02-16
"April 19, 2274",2274-04-19
"September 15, 5397",5397-09-15
"April 22, 5198",5198-04-22
"December 8, 6343",6343-12-08
"November 21, 8109",8109-11-21
"May 21, 1469",1469-05-21
"January 29, 5198",5198-01-29
"December 23, 5207",5207-12-23
"September 14, 3012",3012-09-14
"May 14, 8443",8443-05-14
"December 8, 7416",7416-12-08
"July 1, 9094",9094-07-01
"June 21, 1769",1769-06-21
"July 14, 7439",7439-07-14
"October 3, 9145",9145-10-03
"June 11, 9883",9883-06-11
"November 3, 3350",3350-11-03
"May 26, 2589",2589-05-26
"March 15, 4846",4846-03-15
"May 14, 3740",3740-05-14
"December 12, 7196",7196-12-12
"January 21, 2304",2304-01-21
"April 22, 8453",8453-04-22
"November 1, 6494",6494-11-01
"October 16, 9467",9467-10-16
"November 11, 9638",9638-11-11
"November 13, 7661",7661-11-13
"March 9, 9071",9071-03-09
"March 12, 3409",3409-03-12
"February 25, 9649",9649-02-25
"June 27, 9555",9555-06-27
"September 20, 9737",9737-09-20
"November 1, 3588",3588-11-01
"January 31, 4680",4680-01-31
"May 28, 5050",5050-05-28
"March 27, 4070",4070-03-27
"October 4, 6782",6782-10-04
"June 18, 8811",8811-06-18
"October 3, 5856",5856-10-03
"August 18, 4182",4182-08-18
"May 25, 1625",1625-05-25
"September 16, 1727",1727-09-16
"April 1, 5281",5281-04-01
"June 13, 4964",4964-06-13
"April 23, 6195",6195-04-23
"August 23, 6583",6583-08-23
"June 18, 6758",6758-06-18
"March 21, 7048",7048-03-21
"February 23, 2409",2409-02-23
"March 8, 6399",6399-03-08
"May 13, 9151",9151-05-13
"March 10, 7108",7108-03-10
"June 7, 8789",8789-06-07
"February 9, 7119",7119-02-09
"April 2, 4356",4356-04-02
"May 6, 6190",6190-05-06
"October 7, 8130",8130-10-07
"August 24, 5227",5227-08-24
"December 30, 8731",8731-12-30
"September 15, 8960",8960-09-15
"August 23, 1753",1753-08-23
"December 25, 3162",3162-12-25
"January 19, 6258",6258-01-19
"August 15, 2002",2002-08-15
"August 25, 1920",1920-08-25
"June 13, 5486",5486-06-13
"May 29, 3053",3053-05-29
"July 25, 4311",4311-07-25
"August 20, 1883",1883-08-20
"November 27, 2255",2255-11-27
"February 10, 2892",2892-02-10
"October 26, 4168",4168-10-26
"June 13, 2286",2286-06-13
"January 9, 9005",9005-01-09
"January 18, 2699",2699-01-18
"August 25, 6699",6699-08-25
"April 6, 2728",2728-04-06
"August 7, 3345",3345-08-07
"May 18, 6979",6979-05-18
"May 27, 8203",8203-05-27
"July 25, 1260",1260-07-25
"August 24, 4366",4366-08-24
"May 7, 5783",5783-05-07
"June 16, 8836",8836-06-16
"August 18, 7217",7217-08-18
"February 25, 2516",2516-02-25
"February 21, 6442",6442-02-21
"May 16, 4981",4981-05-16
"August 11, 5824",5824-08-11
"February 11, 6097",6097-02-11
"July 27, 9471",9471-07-27
"April 23, 8403",8403-04-23
"September 11, 1246",1246-09-11
"September 2, 4347",4347-09-02
"February 6, 3171",3171-02-06
"November 21, 1722",1722-11-21
"January 22, 1253",1253-01-22
"December 19, 3667",3667-12-19
"February 14, 6967",6967-02-14
"March 2, 8403",8403-03-02
"January 31, 4857",4857-01-31
"September 17, 5727",5727-09-17
"August 15, 7645",7645-08-15
"June 30, 4936",4936-06-30
"July 2, 8530",8530-07-02
"January 2, 8419",8419-01-02
"March 7, 4747",4747-03-07
"September 28, 6582",6582-09-28
"November 20, 7813",7813-11-20
"June 5, 8646",8646-06-05
"July 7, 9002",9002-07-07
"March 23, 7088",7088-03-23
"May 27, 7298",7298-05-27
"February 25, 6113",6113-02-25
"July 30, 6259",6259-07-30
"December 18, 4491",4491-12-18
"February 6, 7514",7514-02-06
"April 25, 2515",2515-04-25
"September 3, 4519",4519-09-03
"February 29, 2972",2972-02-29
"October 29, 3985",3985-10-29
"April 11, 3604",3604-04-11
"November 10, 6560",6560-11-10
"October 13, 5270",5270-10-13
"December 18, 4308",4308-12-18
"July 6, 9839",9839-07-06
"May 25, 1543",1543-05-25
"June 19, 2703",2703-06-19
"February 8, 5055",5055-02-08
"September 25, 4265",4265-09-25
"September 8, 6235",6235-09-08
"June 14, 2910",2910-06-14
"February 11, 8104",8104-02-11
"June 13, 2846",2846-06-13
"March 6, 9174",9174-03-06
"May 16, 7147",7147-05-16
"August 30, 4275",4275-08-30
"March 28, 3093",3093-03-28
"October 5, 3013",3013-10-05
"September 5, 9131",9131-09-05
"July 12, 8956",8956-07-12
"March 5, 8652",8652-03-05
"July 24, 2762",2762-07-24
"October 15, 2851",2851-10-15
"January 6, 3732",3732-01-06
"August 20, 2342",2342-08-20
"July 26, 1472",1472-07-26
"January 5, 4636",4636-01-05
"August 17, 7597",7597-08-17
"May 16, 2452",2452-05-16
"December 29, 6062",6062-12-29
"June 1, 3990",3990-06-01
"March 4, 5245",5245-03-04
"September 9, 3118",3118-09-09
"December 4, 3355",3355-12-04
"May 22, 7459",7459-05-22
"June 17, 9120",9120-06-17
"May 10, 1398",1398-05-10
"December 16, 8642",8642-12-16
"August 30, 4639",4639-08-30
"August 9, 4948",4948-08-09
"December 8, 2698",2698-12-08
"May 30, 5282",5282-05-30
"August 2, 6149",6149-08-02
"August 15, 7199",7199-08-15
"March 17, 2867",2867-03-17
"February 25, 7128",7128-02-25
"December 30, 4462",4462-12-30
"February 23, 2395",2395-02-23
"March 25, 1286",1286-03-25
"November 2, 5645",5645-11-02
"February 11, 6735",6735-02-11
"May 14, 9825",9825-05-14
"July 14, 2669",2669-07-14
"December 19, 6259",6259-12-19
"April 5, 4677",4677-04-05
"January 21, 2792",2792-01-21
"April 25, 1049",1049-04-25
"August 4, 9480",9480-08-04
"September 22, 7271",7271-09-22
"November 21, 6826",6826-11-21
"April 19, 4804",4804-04-19
"September 12, 8432",8432-09-12
"February 18, 9101",9101-02-18
"January 23, 4394",4394-01-23
"March 17, 6442",6442-03-17
"April 7, 4328",4328-04-07
"July 2, 9660",9660-07-02
"June 19, 7588",7588-06-19
"April 13, 8658",8658-04-13
"January 18, 2689",2689-01-18
"November 25, 7490",7490-11-25
"April 26, 9366",9366-04-26
"December 20, 6076",6076-12-20
"April 27, 4889",4889-04-27
"November 24, 8913",8913-11-24
"October 15, 2289",2289-10-15
"November 17, 9401",9401-11-17
"June 8, 6500",6500-06-08
"April 10, 1460",1460-04-10
"January 31, 2601",2601-01-31
"December 27, 8785",8785-12-27
"January 5, 7327",7327-01-05
"February 28, 2342",2342-02-28
"November 24, 4537",4537-11-24
"September 28, 1284",1284-09-28
"February 29, 5612",5612-02-29
"May 20, 8091",8091-05-20
"August 2, 3530",3530-08-02
"May 19, 6121",6121-05-19
"March 4, 5104",5104-03-04
"January 6, 2062",2062-01-06
"November 14, 4747",4747-11-14
"December 26, 1631",1631-12-26
"October 11, 7983",7983-10-11
"August 3, 8364",8364-08-03
"January 9, 3241",3241-01-09
"November 25, 7699",7699-11-25
"May 13, 7045",7045-05-13
"January 6, 3551",3551-01-06
"December 16, 9971",9971-12-16
"January 10, 9809",9809-01-10
"August 11, 4191",4191-08-11
"July 11, 3247",3247-07-11
"December 9, 1258",1258-12-09
"November 29, 1959",1959-11-29
"December 2, 7182",7182-12-02
"June 21, 6115",6115-06-21
"February 19, 8775",8775-02-19
"November 30, 8711",8711-11-30
"May 28, 2003",2003-05-28
"March 3, 6877",6877-03-03
"May 30, 5529",5529-05-30
"December 27, 3232",3232-12-27
"April 25, 6632",6632-04-25
"January 3, 4649",4649-01-03
"August 6, 7926",7926-08-06
"June 25, 7948",7948-06-25
"July 5, 6874",6874-07-05
"August 18, 1643",1643-08-18
"November 20, 8656",8656-11-20
"May 1, 5146",5146-05-01
"May 28, 5565",5565-05-28
"December 15, 2698",2698-12-15
"November 7, 9221",9221-11-07
"November 11, 5910",5910-11-11
"September 8, 5244",5244-09-08
"December 20, 5433",5433-12-20
"June 13, 5281",5281-06-13
"December 30, 1139",1139-12-30
"October 25, 4268",4268-10-25
"December 6, 4960",4960-12-06
"October 29, 5034",5034-10-29
"December 7, 4537",4537-12-07
"October 28, 6116",6116-10-28
"September 9, 7442",7442-09-09
"December 13, 2005",2005-12-13
"December 17, 3476",3476-12-17
"May 22, 9358",9358-05-22
"April 4, 6101",6101-04-04
"June 3, 9515",9515-06-03
"September 13, 5772",5772-09-13
"July 19, 6081",6081-07-19
"July 25, 4314",4314-07-25
"November 26, 2880",2880-11-26
"January 30, 9360",9360-01-30
"February 16, 5867",5867-02-16
"January 10, 9367",9367-01-10
"June 10, 5756",5756-06-10
"September 29, 2602",2602-09-29
"December 13, 7742",7742-12-13
"June 19, 7866",7866-06-19
"June 27, 1988",1988-06-27
"July 1, 2649",2649-07-01
"February 9, 3386",3386-02-09
"March 10, 4482",4482-03-10
"April 10, 6450",6450-04-10
"May 10, 7032",7032-05-10
"October 18, 4851",4851-10-18
"April 1, 1759",1759-04-01
"February 16, 7783",7783-02-16
"December 3, 9682",9682-12-03
"March 24, 5315",5315-03-24
"September 15, 2015",2015-09-15
"January 4, 1076",1076-01-04
"February 2, 5702",5702-02-02
"October 21, 8335",8335-10-21
"October 21, 4138",4138-10-21
"February 13, 5760",5760-02-13
"May 28, 3008",3008-05-28
"October 2, 7382",7382-10-02
"October 23, 6306",6306-10-23
"March 15, 9156",9156-03-15
"September 25, 7521",7521-09-25
"December 4, 9672",9672-12-04
"June 1, 2572",2572-06-01
"March 12, 3288",3288-03-12
"January 11, 3136",3136-01-11
"February 4, 5384",5384-02-04
"February 1, 4324",4324-02-01
"May 24, 7360",7360-05-24
"September 12, 6633",6633-09-12
"December 26, 1484",1484-12-26
"December 21, 4467",4467-12-21
"April 22, 7720",7720-04-22
"January 13, 4490",4490-01-13
"January 22, 6674",6674-01-22
"July 27, 7422",7422-07-27
"March 22, 9496",9496-03-22
"February 7, 6322",6322-02-07
"April 22, 3578",3578-04-22
"March 22, 1308",1308-03-22
"February 6, 1028",1028-02-06
"October 2, 2768",2768-10-02
"June 25, 4016",4016-06-25
"January 11, 4447",4447-01-11
"November 22, 8355",8355-11-22
"January 8, 8310",8310-01-08
"June 25, 6426",6426-06-25
"December 31, 2425",2425-12-31
"February 20, 8508",8508-02-20
"February 4, 8647",8647-02-04
"September 18, 4303",4303-09-18
"June 20, 5790",5790-06-20
"November 4, 3059",3059-11-04
"August 20, 6648",6648-08-20
"December 4, 8898",8898-12-04
"June 21, 8404",8404-06-21
"August 15, 3810",3810-08-15
"August 16, 1326",1326-08-16
"August 16, 2370",2370-08-16
"September 24, 9781",9781-09-24
"June 15, 4183",4183-06-15
"December 31, 6661",6661-12-31
"March 30, 1766",1766-03-30
"June 9, 7877",7877-06-09
"October 15, 9561",9561-10-15
"April 23, 5154",5154-04-23
"September 25, 7672",7672-09-25
"September 18, 6517",6517-09-18
"November 3, 7494",7494-11-03
"August 23, 6007",6007-08-23
"October 4, 3961",3961-10-04
"September 1, 8211",8211-09-01
"October 3, 8876",8876-10-03
"September 1, 6466",6466-09-01
"June 10, 8972",8972-06-10
"April 3, 2373",2373-04-03
"September 16, 5285",5285-09-16
"August 25, 6885",6885-08-25
"December 31, 9416",9416-12-31
"February 8, 7606",7606-02-08
"June 25, 1201",1201-06-25
"June 4, 3980",3980-06-04
"January 27, 2870",2870-01-27
"June 30, 7679",7679-06-30
"November 29, 1671",1671-11-29
"March 8, 2678",2678-03-08
"February 4, 4671",4671-02-04
"June 14, 6294",6294-06-14
"May 24, 8961",8961-05-24
"January 1, 2556",2556-01-01
"January 30, 5104",5104-01-30
"May 17, 2875",2875-05-17
"May 8, 1607",1607-05-08
"March 30, 4131",4131-03-30
"June 19, 5147",5147-06-19
"July 16, 5817",5817-07-16
"June 2, 8306",8306-06-02
"December 27, 5087",5087-12-27
"June 5, 1559",1559-06-05
"August 7, 4328",4328-08-07
"May 11, 4349",4349-05-11
"November 12, 7081",7081-11-12
"June 1, 8337",8337-06-01
"April 1, 1882",1882-04-01
"January 17, 6901",6901-01-17
"September 11, 3225",3225-09-11
"July 13, 9801",9801-07-13
"January 21, 8212",8212-01-21
"May 6, 3104",3104-05-06
"May 25, 9781",9781-05-25
"April 20, 2085",2085-04-20
"December 16, 7875",7875-12-16
"November 23, 9642",9642-11-23
"April 29, 2919",2919-04-29
"October 13, 7243",7243-10-13
"September 11, 4704",4704-09-11
"March 29, 4631",4631-03-29
"November 24, 8865",8865-11-24
"May 25, 4457",4457-05-25
"May 1, 4117",4117-05-01
"May 16, 8871",8871-05-16
"March 11, 9015",9015-03-11
"September 16, 8904",8904-09-16
"January 27, 5163",5163-01-27
"July 7, 2100",2100-07-07
"January 29, 7137",7137-01-29
"January 11, 7661",7661-01-11
"December 23, 5037",5037-12-23
"May 25, 2650",2650-05-25
"February 11, 1148",1148-02-11
"September 3, 2572",2572-09-03
"June 22, 6950",6950-06-22
"September 11, 4231",4231-09-11
"July 20, 5283",5283-07-20
"July 13, 9943",9943-07-13
"May 23, 6568",6568-05-23
"March 10, 5731",5731-03-10
"January 10, 4908",4908-01-10
"February 29, 2872",2872-02-29
"February 16, 2176",2176-02-16
"January 4, 3502",3502-01-04
"November 7, 2774",2774-11-07
"August 27, 6780",6780-08-27
"March 9, 3539",3539-03-09
"September 16, 3163",3163-09-16
"May 20, 7415",7415-05-20
"May 17, 8044",8044-05-17
"September 16, 8919",8919-09-16
"May 24, 7036",7036-05-24
"May 20, 7110",7110-05-20
"August 14, 9182",9182-08-14
"October 7, 7328",7328-10-07
"July 16, 9064",9064-07-16
"February 18, 9685",9685-02-18
"October 2, 2308",2308-10-02
"August 23, 5792",5792-08-23
"February 8, 6288",6288-02-08
"May 9, 1877",1877-05-09
"August 6, 2338",2338-08-06
"January 8, 2507",2507-01-08
"July 31, 1199",1199-07-31
"August 9, 6506",6506-08-09
"September 16, 4998",4998-09-16
"December 27, 4577",4577-12-27
"October 5, 8935",8935-10-05
"August 7, 5163",5163-08-07
"May 19, 2596",2596-05-19
"January 16, 6075",6075-01-16
"March 3, 7863",7863-03-03
"April 28, 7007",7007-04-28
"October 7, 9768",9768-10-07
"December 1, 4927",4927-12-01
"July 24, 2977",2977-07-24
"February 28, 9152",9152-02-28
"November 16, 4498",4498-11-16
"April 7, 1330",1330-04-07
"February 4, 9549",9549-02-04
"December 3, 2361",2361-12-03
"June 22, 3553",3553-06-22
"February 8, 2478",2478-02-08
"June 7, 8972",8972-06-07
"October 20, 2634",2634-10-20
"April 8, 8901",8901-04-08
"November 23, 3601",3601-11-23
"May 22, 4530",4530-05-22
"May 28, 2439",2439-05-28
"September 25, 3409",3409-09-25
"May 17, 2495",2495-05-17
"September 3, 1902",1902-09-03
"April 19, 5878",5878-04-19
"February 2, 8933",8933-02-02
"April 9, 9762",9762-04-09
"December 22, 2282",2282-12-22
"September 6, 1892",1892-09-06
"December 19, 1215",1215-12-19
"April 8, 9896",9896-04-08
"December 30, 6560",6560-12-30
"December 6, 9696",9696-12-06
"April 13, 5952",5952-04-13
"March 31, 1488",1488-03-31
"October 26, 3254",3254-10-26
"February 18, 2238",2238-02-18
"July 30, 1376",1376-07-30
"October 4, 8576",8576-10-04
"August 5, 6896",6896-08-05
"October 23, 7811",7811-10-23
"July 30, 1680",1680-07-30
"October 5, 6386",6386-10-05
"August 28, 2365",2365-08-28
"July 2, 3905",3905-07-02
"January 10, 1497",1497-01-10
"October 4, 1760",1760-10-04
"December 26, 4463",4463-12-26
"April 22, 8666",8666-04-22
"December 19, 1117",1117-12-19
"December 18, 9664",9664-12-18
"March 18, 2108",2108-03-18
"June 12, 9984",9984-06-12
"August 6, 2421",2421-08-06
"October 1, 7910",7910-10-01
"October 1, 3358",3358-10-01
"October 22, 7747",7747-10-22
"January 1, 3297",3297-01-01
"December 19, 3121",3121-12-19
"December 2, 8700",8700-12-02
"November 17, 5036",5036-11-17
"January 1, 1336",1336-01-01
"June 23, 2042",2042-06-23
"July 10, 2671",2671-07-10
"January 19, 9569",9569-01-19
"April 10, 4185",4185-04-10
"August 22, 7657",7657-08-22
"June 3, 4994",4994-06-03
"July 26, 5044",5044-07-26
"October 12, 2843",2843-10-12
"February 3, 6749",6749-02-03
"June 7, 9966",9966-06-07
"June 8, 9366",9366-06-08
"December 15, 8038",8038-12-15
"December 30, 3776",3776-12-30
"March 8, 6798",6798-03-08
"May 13, 7548",7548-05-13
"October 3, 1784",1784-10-03
"February 3, 2138",2138-02-03
"January 24, 7639",7639-01-24
"October 19, 9764",9764-10-19
"August 4, 1160",1160-08-04
"December 24, 7072",7072-12-24
"December 3, 3491",3491-12-03
"February 8, 9220",9220-02-08
"August 29, 3199",3199-08-29
"September 26, 4236",4236-09-26
"July 31, 2972",2972-07-31
"November 7, 9658",9658-11-07
"February 26, 7168",7168-02-26
"September 17, 1049",1049-09-17
"August 19, 9329",9329-08-19
"April 8, 2133",2133-04-08
"September 2, 3457",3457-09-02
"December 26, 6789",6789-12-26
"August 8, 9127",9127-08-08
"June 14, 6451",6451-06-14
"April 27, 5208",5208-04-27
"February 2, 9017",9017-02-02
"March 21, 7768",7768-03-21
"November 30, 3125",3125-11-30
"December 14, 6048",6048-12-14
"July 6, 8734",8734-07-06
"June 22, 2232",2232-06-22
"October 17, 3076",3076-10-17
"August 23, 5074",5074-08-23
"May 9, 5359",5359-05-09
"February 9, 5870",5870-02-09
"August 22, 3460",3460-08-22
"June 18, 6905",6905-06-18
"February 22, 3613",3613-02-22
"June 19, 5680",5680-06-19
"November 16, 2295",2295-11-16
"September 25, 9743",9743-09-25
"January 28, 4609",4609-01-28
"July 21, 2419",2419-07-21
"March 28, 6350",6350-03-28
"October 30, 2266",2266-10-30
"May 8, 6968",6968-05-08
"October 6, 2560",2560-10-06
"October 5, 6693",6693-10-05
"August 28, 9753",9753-08-28
"June 18, 5148",5148-06-18
"November 9, 9092",9092-11-09
"May 26, 4310",4310-05-26
"November 21, 7397",7397-11-21
"September 26, 9292",9292-09-26
"May 2, 1466",1466-05-02
"July 3, 1944",1944-07-03
"December 14, 4767",4767-12-14
"August 10, 6669",6669-08-10
"November 30, 2328",2328-11-30
"September 5, 5418",5418-09-05
"November 19, 4256",4256-11-19
"May 23, 6247",6247-05-23
"August 23, 7894",7894-08-23
"December 11, 9453",9453-12-11
"December 19, 4582",4582-12-19
"October 11, 8889",8889-10-11
"March 20, 6098",6098-03-20
"November 4, 3593",3593-11-04
"December 15, 7360",7360-12-15
"January 26, 5677",5677-01-26
"January 6, 4337",4337-01-06
"July 20, 5914",5914-07-20
"December 8, 3167",3167-12-08
"May 13, 1799",1799-05-13
"June 28, 6462",6462-06-28
"November 18, 8798",8798-11-18
"July 22, 5219",5219-07-22
"December 25, 3058",3058-12-25
"October 30, 1146",1146-10-30
"October 13, 8741",8741-10-13
"November 25, 6645",6645-11-25
"February 1, 8718",8718-02-01
"October 3, 2207",2207-10-03
"October 5, 5551",5551-10-05
"June 29, 6030",6030-06-29
"January 20, 7002",7002-01-20
"July 7, 8562",8562-07-07
"November 17, 8768",8768-11-17
"March 5, 1976",1976-03-05
"January 19, 2369",2369-01-19
"May 19, 2646",2646-05-19
"November 12, 5533",5533-11-12
"August 13, 5600",5600-08-13
"July 15, 8981",8981-07-15
"September 24, 7781",7781-09-24
"February 20, 2168",2168-02-20
"April 28, 9514",9514-04-28
"July 21, 2937",2937-07-21
"February 10, 1743",1743-02-10
"September 15, 5176",5176-09-15
"March 25, 3286",3286-03-25
"September 18, 4888",4888-09-18
"September 30, 3299",3299-09-30
"April 20, 7832",7832-04-20
"September 13, 5642",5642-09-13
"October 2, 2409",2409-10-02
"March 9, 3674",3674-03-09
"February 20, 5877",5877-02-20
"December 4, 9327",9327-12-04
"August 4, 6731",6731-08-04
"May 25, 4198",4198-05-25
"November 12, 9782",9782-11-12
"June 27, 9193",9193-06-27
"February 17, 9796",9796-02-17
"July 12, 7682",7682-07-12
"April 1, 7817",7817-04-01
"September 18, 4134",4134-09-18
"February 2, 9685",9685-02-02
"July 5, 8393",8393-07-05
"February 25, 5596",5596-02-25
"April 14, 5089",5089-04-14
"March 16, 6464",6464-03-16
"November 12, 8655",8655-11-12
"July 10, 7926",7926-07-10
"June 22, 5644",5644-06-22
"March 10, 6564",6564-03-10
"November 19, 6872",6872-11-19
"September 4, 4202",4202-09-04
"May 21, 2692",2692-05-21
"May 31, 9819",9819-05-31
"November 7, 6220",6220-11-07
"August 26, 2240",2240-08-26
"March 9, 2403",2403-03-09
"October 29, 3878",3878-10-29
"May 30, 6619",6619-05-30
"July 3, 6710",6710-07-03
"September 1, 3650",3650-09-01
"December 22, 8215",8215-12-22
"October 16, 2545",2545-10-16
"May 2, 1341",1341-05-02
"October 22, 2143",2143-10-22
"August 4, 9472",9472-08-04
"December 9, 1606",1606-12-09
"July 6, 1783",1783-07-06
"May 23, 6720",6720-05-23
"February 15, 8787",8787-02-15
"March 5, 1307",1307-03-05
"August 31, 3056",3056-08-31
"January 4, 5394",5394-01-04
"October 23, 7942",7942-10-23
"September 21, 8799",8799-09-21
"August 21, 4754",4754-08-21
"December 20, 2753",2753-12-20
"September 10, 4476",4476-09-10
"June 5, 8142",8142-06-05
"December 18, 8156",8156-12-18
"April 5, 2106",2106-04-05
"July 8, 9729",9729-07-08
"September 11, 1878",1878-09-11
"August 6, 8591",8591-08-06
"March 13, 9631",9631-03-13
"November 22, 6970",6970-11-22
"July 3, 9814",9814-07-03
"February 4, 6652",6652-02-04
"August 14, 6351",6351-08-14
"November 28, 3318",3318-11-28
"March 2, 4371",4371-03-02
"March 24, 8603",8603-03-24
"September 6, 6717",6717-09-06
"November 6, 6629",6629-11-06
"November 13, 6796",6796-11-13
"November 11, 4004",4004-11-11
"February 24, 7229",7229-02-24
"December 13, 4945",4945-12-13
"March 24, 7207",7207-03-24
"March 4, 7277",7277-03-04
"December 2, 1202",1202-12-02
"January 29, 9773",9773-01-29
"November 12, 1362",1362-11-12
"August 16, 5942",5942-08-16
"February 3, 2368",2368-02-03
"June 17, 5405",5405-06-17
"December 14, 6168",6168-12-14
"April 11, 4612",4612-04-11
"September 14, 5321",5321-09-14
"February 22, 6082",6082-02-22
"July 8, 6278",6278-07-08
"March 12, 1413",1413-03-12
"May 7, 1377",1377-05-07
"February 6, 3031",3031-02-06
"July 17, 7392",7392-07-17
"June 3, 8572",8572-06-03
"February 17, 9950",9950-02-17
"January 18, 4480",4480-01-18
"February 11, 9108",9108-02-11
"December 19, 2884",2884-12-19
"December 18, 6643",6643-12-18
"October 11, 5945",5945-10-11
"May 30, 2544",2544-05-30
"March 1, 4588",4588-03-01
"February 2, 9219",9219-02-02
"January 19, 5468",5468-01-19
"September 29, 6597",6597-09-29
"August 10, 9773",9773-08-10
"February 7, 2256",2256-02-07
"July 7, 7532",7532-07-07
"September 22, 8751",8751-09-22
"May 1, 6633",6633-05-01
"February 2, 8580",8580-02-02
"June 11, 7359",7359-06-11
"July 28, 8870",8870-07-28
"March 5, 7194",7194-03-05
"January 16, 7571",7571-01-16
"March 20, 6395",6395-03-20
"March 6, 6465",6465-03-06
"September 22, 7456",7456-09-22
"January 6, 2795",2795-01-06
"July 30, 6818",6818-07-30
"January 24, 1640",1640-01-24
"July 6, 5494",5494-07-06
"September 5, 4024",4024-09-05
"November 3, 6680",6680-11-03
"May 2, 7787",7787-05-02
"June 26, 5338",5338-06-26
"September 11, 8084",8084-09-11
"July 11, 8768",8768-07-11
"January 2, 5051",5051-01-02
"November 9, 9801",9801-11-09
"May 16, 4266",4266-05-16
"April 20, 4680",4680-04-20
"May 15, 1705",1705-05-15
"March 26, 1323",1323-03-26
"August 27, 7780",7780-08-27
"February 15, 1518",1518-02-15
"March 5, 2472",2472-03-05
"September 18, 5207",5207-09-18
"May 15, 5006",5006-05-15
"July 2, 9521",9521-07-02
"January 20, 7706",7706-01-20
"November 28, 1308",1308-11-28
"March 12, 9787",9787-03-12
"January 6, 8179",8179-01-06
"November 10, 4918",4918-11-10
"May 11, 5370",5370-05-11
"December 6, 2117",2117-12-06
"September 9, 5916",5916-09-09
"June 28, 4963",4963-06-28
"November 9, 5103",5103-11-09
"June 10, 5730",5730-06-10
"November 4, 5033",5033-11-04
"March 29, 1648",1648-03-29
"June 4, 8593",8593-06-04
"August 19, 3804",3804-08-19
"July 4, 3843",3843-07-04
"April 23, 3694",3694-04-23
"May 2, 8442",8442-05-02
"January 12, 4584",4584-01-12
"May 28, 7804",7804-05-28
"June 10, 1975",1975-06-10
"August 17, 8900",8900-08-17
"March 6, 1752",1752-03-06
"July 1, 4501",4501-07-01
"July 19, 2314",2314-07-19
"October 19, 4876",4876-10-19
"September 5, 2949",2949-09-05
"May 14, 1226",1226-05-14
"December 21, 7182",7182-12-21
"January 1, 4745",4745-01-01
"March 26, 1429",1429-03-26
"November 27, 6292",6292-11-27
"July 21, 8553",8553-07-21
"July 9, 5851",5851-07-09
"April 6, 7523",7523-04-06
"April 22, 6911",6911-04-22
"August 2, 5836",5836-08-02
"September 30, 4061",4061-09-30
"April 17, 1234",1234-04-17
"February 13, 8992",8992-02-13
"November 8, 6393",6393-11-08
"March 29, 7752",7752-03-29
"May 10, 1255",1255-05-10
"September 24, 4634",4634-09-24
"October 17, 5337",5337-10-17
"September 21, 7549",7549-09-21
"January 24, 5482",5482-01-24
"July 26, 4702",4702-07-26
"October 25, 7574",7574-10-25
"March 31, 2122",2122-03-31
"February 15, 6608",6608-02-15
"January 5, 2149",2149-01-05
"August 13, 8933",8933-08-13
"September 20, 8752",8752-09-20
"July 28, 3364",3364-07-28
"February 13, 4858",4858-02-13
"April 10, 6704",6704-04-10
"August 8, 6773",6773-08-08
"November 11, 9783",9783-11-11
"January 9, 8664",8664-01-09
"February 20, 4899",4899-02-20
"June 26, 2913",2913-06-26
"June 12, 8060",8060-06-12
"August 1, 4439",4439-08-01
"May 23, 5172",5172-05-23
"October 3, 6006",6006-10-03
"December 2, 3316",3316-12-02
"October 21, 6706",6706-10-21
"March 13, 8297",8297-03-13
"December 16, 1864",1864-12-16
"April 24, 7153",7153-04-24
"June 1, 3458",3458-06-01
"November 18, 4299",4299-11-18
"December 9, 4044",4044-12-09
"October 31, 1545",1545-10-31
"April 24, 4414",4414-04-24
"February 3, 7586",7586-02-03
"September 22, 5616",5616-09-22
"December 27, 3593",3593-12-27
"May 7, 8172",8172-05-07
"January 16, 9531",9531-01-16
"January 4, 2056",2056-01-04
"November 13, 9241",9241-11-13
"October 1, 7639",7639-10-01
"November 19, 2087",2087-11-19
"September 29, 7796",7796-09-29
"February 13, 4868",4868-02-13
"March 21, 4139",4139-03-21
"July 1, 1772",1772-07-01
"August 24, 7504",7504-08-24
"July 13, 7098",7098-07-13
"October 19, 6457",6457-10-19
"September 20, 5904",5904-09-20
"July 25, 3408",3408-07-25
"June 12, 4988",4988-06-12
"May 9, 1880",1880-05-09
"December 30, 8481",8481-12-30
"April 18, 4466",4466-04-18
"February 1, 6795",6795-02-01
"January 15, 4444",4444-01-15
"May 19, 5971",5971-05-19
"November 19, 8618",8618-11-19
"July 20, 7200",7200-07-20
"June 4, 4598",4598-06-04
"August 9, 3297",3297-08-09
"October 28, 5757",5757-10-28
"November 14, 5619",5619-11-14
"June 5, 3885",3885-06-05
"November 4, 8176",8176-11-04
"April 21, 6918",6918-04-21
"September 14, 6204",6204-09-14
"December 10, 8711",8711-12-10
"January 28, 9767",9767-01-28
"December 30, 7287",7287-12-30
"December 13, 3073",3073-12-13
"August 19, 1213",1213-08-19
"December 2, 8209",8209-12-02
"October 15, 9076",9076-10-15
"February 13, 6928",6928-02-13
"February 22, 3142",3142-02-22
"March 31, 7624",7624-03-31
"August 30, 6732",6732-08-30
"June 20, 3445",3445-06-20
"June 11, 8588",8588-06-11
"March 27, 9523",9523-03-27
"March 29, 6366",6366-03-29
"November 14, 4076",4076-11-14
"September 14, 8325",8325-09-14
"July 18, 7117",7117-07-18
"October 15, 8055",8055-10-15
"April 8, 9832",9832-04-08
"September 22, 5980",5980-09-22
"January 24, 7501",7501-01-24
"March 2, 9344",9344-03-02
"June 14, 8197",8197-06-14
"August 28, 1687",1687-08-28
"July 17, 6997",6997-07-17
"March 1, 3304",3304-03-01
"March 11, 5183",5183-03-11
"January 8, 6311",6311-01-08
"August 18, 2696",2696-08-18
"May 12, 3760",3760-05-12
"December 22, 2727",2727-12-22
"October 4, 9571",9571-10-04
"October 18, 8869",8869-10-18
"January 19, 9791",9791-01-19
"April 1, 4448",4448-04-01
"November 2, 5999",5999-11-02
"April 10, 5711",5711-04-10
"April 17, 4659",4659-04-17
"November 11, 1739",1739-11-11
"October 12, 8279",8279-10-12
"August 1, 3337",3337-08-01
"April 13, 5736",5736-04-13
"May 17, 4065",4065-05-17
"April 23, 4296",4296-04-23
"November 27, 8418",8418-11-27
"February 2, 2844",2844-02-02
"December 8, 3944",3944-12-08
"July 30, 8887",8887-07-30
"April 27, 7904",7904-04-27
"August 17, 3711",3711-08-17
"October 22, 5660",5660-10-22
"August 26, 3738",3738-08-26
"January 25, 2304",2304-01-25
"February 10, 2722",2722-02-10
"November 22, 3203",3203-11-22
"February 22, 1318",1318-02-22
"March 22, 3820",3820-03-22
"February 16, 4566",4566-02-16
"March 26, 6330",6330-03-26
"December 11, 6573",6573-12-11
"October 25, 7428",7428-10-25
"May 20, 6008",6008-05-20
"April 22, 5846",5846-04-22
"January 1, 8429",8429-01-01
"December 8, 1424",1424-12-08
"August 1, 3319",3319-08-01
"January 4, 2830",2830-01-04
"September 20, 4131",4131-09-20
"September 19, 2566",2566-09-19
"August 27, 1334",1334-08-27
"May 1, 3967",3967-05-01
"October 29, 4189",4189-10-29
"December 3, 8563",8563-12-03
"February 5, 7324",7324-02-05
"December 12, 3020",3020-12-12
"October 28, 8398",8398-10-28
"December 24, 1484",1484-12-24
"August 11, 9296",9296-08-11
"March 22, 6579",6579-03-22
"November 15, 9982",9982-11-15
"August 16, 1228",1228-08-16
"May 11, 1635",1635-05-11
"October 26, 1963",1963-10-26
"October 6, 4604",4604-10-06
"July 17, 7908",7908-07-17
"November 17, 4421",4421-11-17
"February 23, 1730",1730-02-23
"November 28, 5673",5673-11-28
"July 16, 5173",5173-07-16
"March 23, 8713",8713-03-23
"September 5, 8549",8549-09-05
"January 16, 2037",2037-01-16
"October 16, 5557",5557-10-16
"October 30, 9316",9316-10-30
"February 21, 2614",2614-02-21
"August 10, 3710",3710-08-10
"May 22, 2285",2285-05-22
"November 2, 7556",7556-11-02
"June 29, 9434",9434-06-29
"August 30, 6744",6744-08-30
"May 31, 2385",2385-05-31
"December 16, 6993",6993-12-16
"August 13, 8627",8627-08-13
"April 25, 7665",7665-04-25
"February 18, 9901",9901-02-18
"November 20, 7031",7031-11-20
"September 1, 3891",3891-09-01
"January 20, 6701",6701-01-20
"May 19, 2036",2036-05-19
"December 25, 3733",3733-12-25
"February 12, 7888",7888-02-12
"March 7, 2404",2404-03-07
"January 10, 9879",9879-01-10
"January 31, 4599",4599-01-31
"May 24, 4781",4781-05-24
"March 6, 7710",7710-03-06
"February 20, 9466",9466-02-20
"January 16, 5478",5478-01-16
"January 16, 9594",9594-01-16
"May 5, 9543",9543-05-05
"June 4, 3709",3709-06-04
"January 25, 5856",5856-01-25
"July 12, 3503",3503-07-12
"October 31, 2656",2656-10-31
"August 12, 2226",2226-08-12
"May 29, 3011",3011-05-29
"September 28, 3458",3458-09-28
"October 17, 4152",4152-10-17
"October 7, 6046",6046-10-07
"August 17, 5689",5689-08-17
"May 9, 3920",3920-05-09
"May 16, 7769",7769-05-16
"March 24, 1642",1642-03-24
"February 2, 6631",6631-02-02
"March 2, 7126",7126-03-02
"December 20, 5302",5302-12-20
"February 21, 9034",9034-02-21
"March 16, 2297",2297-03-16
"June 14, 4634",4634-06-14
"February 15, 7267",7267-02-15
"July 17, 5866",5866-07-17
"January 15, 6453",6453-01-15
"April 21, 8840",8840-04-21
"December 13, 3828",3828-12-13
"May 21, 4189",4189-05-21
"February 10, 2664",2664-02-10
"July 13, 5168",5168-07-13
"April 6, 6457",6457-04-06
"June 29, 9218",9218-06-29
"December 23, 5222",5222-12-23
"December 3, 4538",4538-12-03
"January 3, 1242",1242-01-03
"July 1, 8411",8411-07-01
"December 11, 7956",7956-12-11
"September 27, 1399",1399-09-27
"July 22, 9491",9491-07-22
"September 20, 8604",8604-09-20
"November 2, 1627",1627-11-02
"July 14, 8931",8931-07-14
"May 19, 8712",8712-05-19
"May 6, 3752",3752-05-06
"February 28, 3905",3905-02-28
"April 25, 7347",7347-04-25
"August 20, 5417",5417-08-20
"July 10, 4551",4551-07-10
"June 12, 8337",8337-06-12
"August 12, 9045",9045-08-12
"November 21, 5166",5166-11-21
"February 15, 8869",8869-02-15
"August 14, 2401",2401-08-14
"September 17, 7142",7142-09-17
"July 9, 3714",3714-07-09
"May 19, 6080",6080-05-19
"January 19, 5461",5461-01-19
"May 1, 1090",1090-05-01
"October 12, 5512",5512-10-12
"June 14, 3934",3934-06-14
"April 14, 4455",4455-04-14
"May 26, 2036",2036-05-26
"April 13, 9689",9689-04-13
"December 9, 3703",3703-12-09
"June 29, 4415",4415-06-29
"December 31, 3415",3415-12-31
"December 27, 2839",2839-12-27
"July 15, 6039",6039-07-15
"March 19, 8250",8250-03-19
"June 4, 4642",4642-06-04
"December 16, 9804",9804-12-16
"May 19, 8400",8400-05-19
"August 30, 5665",5665-08-30
"January 31, 1389",1389-01-31
"December 6, 4146",4146-12-06
"October 11, 1919",1919-10-11
"December 25, 9950",9950-12-25
"May 27, 6646",6646-05-27
"October 31, 6409",6409-10-31
"October 4, 9462",9462-10-04
"April 16, 5742",5742-04-16
"November 8, 4820",4820-11-08
"March 9, 9238",9238-03-09
"April 16, 5850",5850-04-16
"November 26, 2152",2152-11-26
"April 27, 2841",2841-04-27
"February 6, 9021",9021-02-06
"November 17, 3996",3996-11-17
"July 20, 6814",6814-07-20
"February 19, 1762",1762-02-19
"August 1, 5040",5040-08-01
"February 11, 5833",5833-02-11
"June 21, 7914",7914-06-21
"March 19, 9374",9374-03-19
"November 22, 7289",7289-11-22
"June 11, 9472",9472-06-11
"June 25, 4752",4752-06-25
"January 31, 6205",6205-01-31
"July 11, 8983",8983-07-11
"February 1, 1314",1314-02-01
"March 26, 9750",9750-03-26
"April 14, 1598",1598-04-14
"April 12, 8365",8365-04-12
"October 21, 8367",8367-10-21
"December 30, 3109",3109-12-30
"June 22, 8236",8236-06-22
"November 22, 6091",6091-11-22
"February 18, 8362",8362-02-18
"October 31, 2562",2562-10-31
"April 28, 1035",1035-04-28
"January 17, 5601",5601-01-17
"August 2, 3297",3297-08-02
"February 11, 8215",8215-02-11
"October 16, 4508",4508-10-16
"August 30, 4602",4602-08-30
"May 16, 7612",7612-05-16
"April 28, 1944",1944-04-28
"September 16, 2272",2272-09-16
"May 16, 2812",2812-05-16
"May 9, 3866",3866-05-09
"September 30, 6929",6929-09-30
"April 18, 9194",9194-04-18
"November 28, 9814",9814-11-28
"December 9, 8454",8454-12-09
"November 13, 9763",9763-11-13
"December 8, 2493",2493-12-08
"June 15, 7821",7821-06-15
"December 5, 8874",8874-12-05
"November 30, 5711",5711-11-30
"November 10, 4667",4667-11-10
"September 25, 6184",6184-09-25
"May 13, 6493",6493-05-13
"June 8, 9442",9442-06-08
"March 5, 2533",2533-03-05
"July 19, 3993",3993-07-19
"March 1, 2992",2992-03-01
"August 9, 8894",8894-08-09
"January 7, 7810",7810-01-07
"October 22, 4761",4761-10-22
"January 20, 4236",4236-01-20
"May 18, 3281",3281-05-18
"March 16, 1969",1969-03-16
"December 2, 5759",5759-12-02
"May 16, 5221",5221-05-16
"September 29, 3088",3088-09-29
"September 27, 5518",5518-09-27
"December 30, 5332",5332-12-30
"February 23, 7550",7550-02-23
"December 4, 3577",3577-12-04
"February 9, 1238",1238-02-09
"October 12, 1263",1263-10-12
"December 11, 7413",7413-12-11
"February 15, 8431",8431-02-15
"January 4, 8028",8028-01-04
"December 12, 8195",8195-12-12
"May 21, 3626",3626-05-21
"October 9, 2021",2021-10-09
"April 24, 6310",6310-04-24
"October 23, 3276",3276-10-23
"March 21, 4006",4006-03-21
"January 5, 9053",9053-01-05
"December 5, 2937",2937-12-05
"September 9, 1571",1571-09-09
"May 1, 5605",5605-05-01
"December 1, 8096",8096-12-01
"May 13, 5925",5925-05-13
"September 5, 7894",7894-09-05
"July 21, 3987",3987-07-21
"December 11, 2713",2713-12-11
"September 30, 2022",2022-09-30
"January 19, 5225",5225-01-19
"August 17, 2953",2953-08-17
"January 1, 7514",7514-01-01
"August 11, 2347",2347-08-11
"February 3, 1162",1162-02-03
"December 8, 9251",9251-12-08
"July 9, 7038",7038-07-09
"March 13, 5997",5997-03-13
"December 17, 9880",9880-12-17
"March 17, 6210",6210-03-17
"June 25, 8735",8735-06-25
"August 14, 6674",6674-08-14
"December 13, 2360",2360-12-13
"November 20, 3577",3577-11-20
"April 17, 9194",9194-04-17
"November 4, 3332",3332-11-04
"February 20, 3188",3188-02-20
"August 3, 9981",9981-08-03
"December 20, 4056",4056-12-20
"November 6, 4306",4306-11-06
"November 12, 9571",9571-11-12
"November 2, 6674",6674-11-02
"August 2, 5387",5387-08-02
"February 27, 2495",2495-02-27
"December 25, 5952",5952-12-25
"August 1, 3372",3372-08-01
"February 13, 7891",7891-02-13
"June 26, 3475",3475-06-26
"June 27, 4249",4249-06-27
"March 27, 9345",9345-03-27
"July 29, 8776",8776-07-29
"July 29, 3174",3174-07-29
"December 15, 5803",5803-12-15
"April 20, 3071",3071-04-20
"May 2, 5691",5691-05-02
"December 14, 2675",2675-12-14
"June 3, 1330",1330-06-03
"June 19, 4332",4332-06-19
"May 28, 4006",4006-05-28
"March 24, 3704",3704-03-24
"March 14, 8093",8093-03-14
"November 4, 6178",6178-11-04
"August 4, 3851",3851-08-04
"October 11, 5244",5244-10-11
"October 31, 7693",7693-10-31
"November 10, 8857",8857-11-10
"August 8, 8432",8432-08-08
"May 19, 6261",6261-05-19
"August 4, 1984",1984-08-04
"July 8, 1118",1118-07-08
"June 16, 6384",6384-06-16
"September 3, 2529",2529-09-03
"January 13, 4712",4712-01-13
"June 1, 8958",8958-06-01
"May 14, 5565",5565-05-14
"July 19, 8887",8887-07-19
"January 10, 3437",3437-01-10
"September 4, 9191",9191-09-04
"December 1, 5403",5403-12-01
"August 9, 9135",9135-08-09
"November 28, 5860",5860-11-28
"February 19, 9453",9453-02-19
"December 20, 7857",7857-12-20
"May 26, 3942",3942-05-26
"December 11, 1838",1838-12-11
"February 24, 2094",2094-02-24
"May 16, 7396",7396-05-16
"September 9, 1674",1674-09-09
"June 11, 1598",1598-06-11
"June 19, 4822",4822-06-19
"October 29, 3696",3696-10-29
"January 3, 6408",6408-01-03
"August 30, 5068",5068-08-30
"May 16, 7963",7963-05-16
"February 11, 8703",8703-02-11
"November 13, 7869",7869-11-13
"May 20, 9148",9148-05-20
"July 9, 9592",9592-07-09
"August 23, 1522",1522-08-23
"July 25, 1061",1061-07-25
"November 25, 3912",3912-11-25
"December 19, 6793",6793-12-19
"November 30, 8115",8115-11-30
"July 17, 5374",5374-07-17
"November 16, 4473",4473-11-16
"July 19, 5532",5532-07-19
"July 7, 8708",8708-07-07
"April 15, 5259",5259-04-15
"July 29, 2518",2518-07-29
"October 11, 7425",7425-10-11
"April 6, 1472",1472-04-06
"February 1, 7666",7666-02-01
"November 4, 3059",3059-11-04
"February 2, 3989",3989-02-02
"September 6, 2950",2950-09-06
"October 31, 6784",6784-10-31
"August 2, 6659",6659-08-02
"December 22, 4894",4894-12-22
"April 23, 6375",6375-04-23
"November 30, 2514",2514-11-30
"June 25, 2029",2029-06-25
"December 14, 4643",4643-12-14
"April 20, 9156",9156-04-20
"March 8, 7091",7091-03-08
"August 7, 5971",5971-08-07
"April 30, 2628",2628-04-30
"May 27, 3990",3990-05-27
"October 9, 2341",2341-10-09
"June 19, 4597",4597-06-19
"February 22, 1507",1507-02-22
"June 4, 2468",2468-06-04
"September 29, 6732",6732-09-29
"November 27, 4226",4226-11-27
"September 19, 9587",9587-09-19
"November 26, 5140",5140-11-26
"December 11, 5938",5938-12-11
"January 3, 4249",4249-01-03
"September 4, 4022",4022-09-04
"September 2, 8038",8038-09-02
"July 4, 9745",9745-07-04
"November 22, 4028",4028-11-22
"September 18, 6936",6936-09-18
"June 28, 4594",4594-06-28
"April 11, 6004",6004-04-11
"August 11, 2894",2894-08-11
"July 29, 4623",4623-07-29
"December 3, 9461",9461-12-03
"August 11, 6641",6641-08-11
"October 2, 9769",9769-10-02
"January 25, 2737",2737-01-25
"February 25, 7381",7381-02-25
"July 21, 8549",8549-07-21
"January 26, 8311",8311-01-26
"September 2, 6052",6052-09-02
"March 9, 1611",1611-03-09
"June 26, 3169",3169-06-26
"September 15, 2706",2706-09-15
"August 18, 1626",1626-08-18
"August 19, 3639",3639-08-19
"February 16, 3103",3103-02-16
"October 31, 1411",1411-10-31
"February 22, 6400",6400-02-22
"April 24, 3988",3988-04-24
"March 15, 2878",2878-03-15
"January 3, 9107",9107-01-03
"May 17, 6364",6364-05-17
"October 17, 6011",6011-10-17
"May 18, 2332",2332-05-18
"May 14, 6683",6683-05-14
"June 8, 1468",1468-06-08
"March 29, 6070",6070-03-29
"February 20, 5094",5094-02-20
"March 21, 9142",9142-03-21
"August 21, 7440",7440-08-21
"November 5, 6571",6571-11-05
"September 26, 6256",6256-09-26
"April 16, 6661",6661-04-16
"October 20, 2291",2291-10-20
"June 28, 9265",9265-06-28
"March 12, 2700",2700-03-12
"December 31, 2419",2419-12-31
"September 21, 5014",5014-09-21
"August 12, 2074",2074-08-12
"August 8, 3339",3339-08-08
"September 7, 4262",4262-09-07
"July 28, 3074",3074-07-28
"August 20, 2932",2932-08-20
"December 26, 9611",9611-12-26
"February 23, 6842",6842-02-23
"August 19, 4132",4132-08-19
"February 12, 7468",7468-02-12
"March 22, 8615",8615-03-22
"September 11, 7725",7725-09-11
"January 29, 3439",3439-01-29
"March 27, 7701",7701-03-27
"May 19, 1047",1047-05-19
"July 23, 7040",7040-07-23
"March 9, 9806",9806-03-09
"September 16, 7554",7554-09-16
"August 1, 3073",3073-08-01
"December 29, 5781",5781-12-29
"May 8, 1882",1882-05-08
"October 12, 3826",3826-10-12
"April 30, 9822",9822-04-30
"February 12, 6720",6720-02-12
"May 11, 8773",8773-05-11
"December 18, 2082",2082-12-18
"March 7, 4774",4774-03-07
"February 20, 1298",1298-02-20
"July 29, 4264",4264-07-29
"December 6, 8823",8823-12-06
"March 14, 8816",8816-03-14
"November 24, 2400",2400-11-24
"June 30, 5526",5526-06-30
"October 19, 5289",5289-10-19
"March 22, 7779",7779-03-22
"January 25, 2218",2218-01-25
"May 24, 4715",4715-05-24
"November 25, 2765",2765-11-25
"August 2, 1331",1331-08-02
"November 25, 1930",1930-11-25
"February 20, 6285",6285-02-20
"January 12, 9127",9127-01-12
"November 23, 8573",8573-11-23
"June 22, 6510",6510-06-22
"March 14, 6214",6214-03-14
"October 23, 8215",8215-10-23
"September 30, 4092",4092-09-30
"August 13, 7823",7823-08-13
"April 16, 8556",8556-04-16
"September 1, 1066",1066-09-01
"January 5, 4783",4783-01-05
"July 11, 1503",1503-07-11
"March 28, 8535",8535-03-28
"December 31, 8146",8146-12-31
"April 2, 6203",6203-04-02
"March 17, 4731",4731-03-17
"October 14, 9400",9400-10-14
"August 23, 9432",9432-08-23
"December 31, 7535",7535-12-31
"January 23, 2485",2485-01-23
"April 4, 3427",3427-04-04
"January 19, 1559",1559-01-19
"May 12, 8391",8391-05-12
"May 3, 4249",4249-05-03
"March 4, 4711",4711-03-04
"September 28, 1637",1637-09-28
"July 7, 9541",9541-07-07
"March 3, 1812",1812-03-03
"May 1, 7283",7283-05-01
"June 26, 7916",7916-06-26
"September 30, 5379",5379-09-30
"October 27, 2062",2062-10-27
"May 3, 5580",5580-05-03
"March 16, 3930",3930-03-16
"March 17, 3044",3044-03-17
"December 27, 3756",3756-12-27
"June 17, 9852",9852-06-17
"January 5, 5581",5581-01-05
"March 15, 2024",2024-03-15
"July 21, 1235",1235-07-21
"February 24, 3391",3391-02-24
"February 23, 2871",2871-02-23
"June 2, 5461",5461-06-02
"May 24, 9951",9951-05-24
"December 18, 5620",5620-12-18
"February 4, 4272",4272-02-04
"October 30, 8431",8431-10-30
"February 3, 9642",9642-02-03
"January 9, 8511",8511-01-09
"January 9, 2770",2770-01-09
"December 12, 2384",2384-12-12
"May 24, 4428",4428-05-24
"September 4, 6636",6636-09-04
"January 14, 5965",5965-01-14
"September 2, 9450",9450-09-02
"January 31, 4561",4561-01-31
"November 2, 8865",8865-11-02
"July 9, 7930",7930-07-09
"August 25, 2507",2507-08-25
"February 16, 5123",5123-02-16
"July 31, 8642",8642-07-31
"September 16, 2103",2103-09-16
"September 25, 5219",5219-09-25
"February 10, 6887",6887-02-10
"March 30, 3295",3295-03-30
"August 23, 6622",6622-08-23
"April 16, 6115",6115-04-16
"September 2, 5456",5456-09-02
"April 1, 6471",6471-04-01
"February 11, 4083",4083-02-11
"December 6, 7465",7465-12-06
"January 30, 7894",7894-01-30
"May 19, 5858",5858-05-19
"January 29, 2036",2036-01-29
"March 31, 9687",9687-03-31
"March 30, 5852",5852-03-30
"September 5, 5228",5228-09-05
"June 3, 8049",8049-06-03
"January 16, 3140",3140-01-16
"February 8, 5985",5985-02-08
"July 23, 8242",8242-07-23
"March 20, 5892",5892-03-20
"May 16, 2067",2067-05-16
"May 17, 1464",1464-05-17
"January 6, 6895",6895-01-06
"June 19, 4924",4924-06-19
"December 11, 6322",6322-12-11
"December 24, 8767",8767-12-24
"December 22, 3574",3574-12-22
"November 28, 8436",8436-11-28
"June 22, 8880",8880-06-22
"February 12, 9195",9195-02-12
"October 5, 2780",2780-10-05
"February 3, 6688",6688-02-03
"January 25, 7055",7055-01-25
"August 15, 8229",8229-08-15
"June 27, 8432",8432-06-27
"March 14, 7025",7025-03-14
"April 13, 1964",1964-04-13
"April 28, 4338",4338-04-28
"November 6, 6376",6376-11-06
"June 4, 6022",6022-06-04
"April 24, 1909",1909-04-24
"September 14, 6484",6484-09-14
"August 7, 4449",4449-08-07
"July 17, 2706",2706-07-17
"June 28, 2467",2467-06-28
"May 25, 8858",8858-05-25
"October 11, 4449",4449-10-11
"June 11, 3855",3855-06-11
"December 28, 7006",7006-12-28
"November 29, 5911",5911-11-29
"March 13, 4393",4393-03-13
"November 5, 7528",7528-11-05
"February 4, 1548",1548-02-04
"May 29, 7327",7327-05-29
"November 14, 1878",1878-11-14
"November 8, 1517",1517-11-08
"November 8, 6895",6895-11-08
"January 4, 2236",2236-01-04
"February 15, 6864",6864-02-15
"July 18, 5879",5879-07-18
"December 15, 5742",5742-12-15
"January 8, 2085",2085-01-08
"December 9, 6335",6335-12-09
"January 2, 8589",8589-01-02
"October 6, 9271",9271-10-06
"March 9, 7528",7528-03-09
"September 22, 3909",3909-09-22
"December 9, 5081",5081-12-09
"September 20, 3926",3926-09-20
"June 8, 7724",7724-06-08
"January 5, 1939",1939-01-05
"November 5, 9826",9826-11-05
"May 13, 6781",6781-05-13
"October 28, 1186",1186-10-28
"May 24, 2308",2308-05-24
"October 21, 9503",9503-10-21
"April 23, 8597",8597-04-23
"July 12, 6315",6315-07-12
"November 28, 3061",3061-11-28
"May 29, 3092",3092-05-29
"July 28, 5512",5512-07-28
"September 26, 1519",1519-09-26
"June 23, 1956",1956-06-23
"January 27, 5780",5780-01-27
"October 23, 9088",9088-10-23
"January 26, 4418",4418-01-26
"March 29, 4605",4605-03-29
"April 11, 7743",7743-04-11
"March 24, 9315",9315-03-24
"January 9, 6225",6225-01-09
"March 1, 9697",9697-03-01
"January 2, 8697",8697-01-02
"January 11, 6167",6167-01-11
"August 7, 8163",8163-08-07
"January 5, 4044",4044-01-05
"October 3, 4919",4919-10-03
"August 22, 3149",3149-08-22
"October 30, 3423",3423-10-30
"June 22, 3125",3125-06-22
"April 3, 1898",1898-04-03
"August 7, 9578",9578-08-07
"September 17, 7936",7936-09-17
"November 27, 3977",3977-11-27
"March 3, 8733",8733-03-03
"January 23, 2221",2221-01-23
"July 31, 5981",5981-07-31
"July 27, 7136",7136-07-27
"September 24, 1205",1205-09-24
"February 23, 1067",1067-02-23
"April 9, 5535",5535-04-09
"November 22, 2339",2339-11-22
"October 14, 1152",1152-10-14
"February 22, 2972",2972-02-22
"December 19, 8530",8530-12-19
"January 22, 6479",6479-01-22
"May 2, 6284",6284-05-02
"June 8, 8944",8944-06-08
"December 1, 5651",5651-12-01
"December 20, 8552",8552-12-20
"August 24, 9546",9546-08-24
"November 5, 7911",7911-11-05
"February 2, 9336",9336-02-02
"May 2, 6589",6589-05-02
"March 28, 4477",4477-03-28
"August 11, 8102",8102-08-11
"June 17, 8082",8082-06-17
"June 22, 5142",5142-06-22
"April 20, 8931",8931-04-20
"September 12, 8737",8737-09-12
"January 24, 8927",8927-01-24
"August 13, 8752",8752-08-13
"December 31, 5535",5535-12-31
"August 5, 4475",4475-08-05
"May 15, 2006",2006-05-15
"June 24, 2436",2436-06-24
"August 6, 2551",2551-08-06
"May 7, 1159",1159-05-07
"February 5, 3191",3191-02-05
"February 28, 2285",2285-02-28
"June 3, 1182",1182-06-03
"December 19, 8992",8992-12-19
"June 17, 3161",3161-06-17
"December 9, 1307",1307-12-09
"September 18, 3402",3402-09-18
"December 18, 6524",6524-12-18
"July 15, 8448",8448-07-15
"November 23, 2666",2666-11-23
"May 12, 8461",8461-05-12
"July 5, 3776",3776-07-05
"June 5, 6004",6004-06-05
"June 3, 8189",8189-06-03
"November 15, 7184",7184-11-15
"May 22, 3192",3192-05-22
"August 31, 1988",1988-08-31
"August 17, 4455",4455-08-17
"March 8, 9839",9839-03-08
"October 20, 6321",6321-10-20
"June 24, 2701",2701-06-24
"February 9, 6443",6443-02-09
"September 12, 5844",5844-09-12
"July 15, 1250",1250-07-15
"May 15, 2337",2337-05-15
"June 29, 2907",2907-06-29
"May 12, 2750",2750-05-12
"November 17, 9483",9483-11-17
"May 14, 9068",9068-05-14
"April 6, 6113",6113-04-06
"February 2, 6570",6570-02-02
"May 27, 6414",6414-05-27
"May 25, 1225",1225-05-25
"January 26, 6162",6162-01-26
"July 6, 7720",7720-07-06
"April 7, 3786",3786-04-07
"February 4, 3312",3312-02-04
"September 24, 4385",4385-09-24
"February 14, 7539",7539-02-14
"July 7, 5498",5498-07-07
"October 9, 1584",1584-10-09
"October 21, 4833",4833-10-21
"June 5, 1090",1090-06-05
"December 13, 2178",2178-12-13
"May 21, 8239",8239-05-21
"November 19, 9188",9188-11-19
"June 27, 5958",5958-06-27
"July 30, 5773",5773-07-30
"June 18, 6692",6692-06-18
"April 28, 9464",9464-04-28
"February 14, 7645",7645-02-14
"May 24, 7842",7842-05-24
"June 4, 9395",9395-06-04
"June 2, 7365",7365-06-02
"February 22, 4339",4339-02-22
"February 3, 1425",1425-02-03
"March 22, 6598",6598-03-22
"October 10, 5589",5589-10-10
"March 13, 6582",6582-03-13
"March 6, 6895",6895-03-06
"April 8, 7787",7787-04-08
"March 11, 9321",9321-03-11
"March 6, 8022",8022-03-06
"July 24, 8793",8793-07-24
"November 16, 6602",6602-11-16
"February 12, 3663",3663-02-12
"August 20, 9202",9202-08-20
"February 8, 1697",1697-02-08
"November 23, 7066",7066-11-23
"June 1, 1218",1218-06-01
"February 20, 5846",5846-02-20
"March 12, 7619",7619-03-12
"February 7, 4627",4627-02-07
"May 17, 7353",7353-05-17
"May 1, 1729",1729-05-01
"November 15, 4075",4075-11-15
"October 30, 8444",8444-10-30
"March 31, 5790",5790-03-31
"August 19, 6435",6435-08-19
"November 27, 2342",2342-11-27
"December 18, 6681",6681-12-18
"October 23, 8150",8150-10-23
"June 24, 8420",8420-06-24
"February 8, 4982",4982-02-08
"May 24, 6148",6148-05-24
"December 27, 9009",9009-12-27
"July 1, 6009",6009-07-01
"December 9, 1238",1238-12-09
"September 9, 2852",2852-09-09
"May 29, 4307",4307-05-29
"July 4, 9339",9339-07-04
"March 2, 3207",3207-03-02
"July 30, 6388",6388-07-30
"August 11, 4948",4948-08-11
"February 4, 6031",6031-02-04
"May 20, 3665",3665-05-20
"June 30, 6829",6829-06-30
"December 24, 3522",3522-12-24
"June 12, 7748",7748-06-12
"December 23, 8865",8865-12-23
"September 13, 4894",4894-09-13
"April 15, 7914",7914-04-15
"January 26, 9213",9213-01-26
"April 3, 8544",8544-04-03
"September 13, 6379",6379-09-13
"March 5, 2506",2506-03-05
"March 23, 4369",4369-03-23
"August 6, 9302",9302-08-06
"April 10, 9169",9169-04-10
"November 15, 5482",5482-11-15
"January 27, 5787",5787-01-27
"September 15, 8729",8729-09-15
"January 22, 8493",8493-01-22
"September 9, 9435",9435-09-09
"January 14, 5137",5137-01-14
"December 30, 6423",6423-12-30
"August 22, 2860",2860-08-22
"December 30, 8140",8140-12-30
"July 3, 3379",3379-07-03
"August 19, 4243",4243-08-19
"September 15, 8931",8931-09-15
"February 24, 9604",9604-02-24
"October 18, 1989",1989-10-18
"March 21, 8660",8660-03-21
"April 27, 6545",6545-04-27
"June 30, 2482",2482-06-30
"January 3, 2990",2990-01-03
"October 19, 3290",3290-10-19
"January 19, 2795",2795-01-19
"March 10, 7956",7956-03-10
"January 27, 6652",6652-01-27
"September 27, 2158",2158-09-27
"January 1, 5777",5777-01-01
"October 1, 6669",6669-10-01
"January 8, 4487",4487-01-08
"June 3, 3695",3695-06-03
"January 18, 3405",3405-01-18
"June 5, 7394",7394-06-05
"April 19, 1540",1540-04-19
"March 16, 1208",1208-03-16
"March 3, 5120",5120-03-03
"January 8, 3995",3995-01-08
"February 26, 5100",5100-02-26
"July 31, 8773",8773-07-31
"May 13, 2821",2821-05-13
"May 11, 3006",3006-05-11
"October 4, 6781",6781-10-04
"February 17, 1367",1367-02-17
"February 10, 1731",1731-02-10
"June 1, 4878",4878-06-01
"January 30, 5945",5945-01-30
"October 12, 2308",2308-10-12
"November 8, 8091",8091-11-08
"March 23, 3603",3603-03-23
"December 8, 2385",2385-12-08
"July 31, 7453",7453-07-31
"June 6, 3573",3573-06-06
"March 25, 6585",6585-03-25
"September 24, 3960",3960-09-24
"February 26, 4908",4908-02-26
"June 14, 5079",5079-06-14
"March 13, 9835",9835-03-13
"January 6, 1536",1536-01-06
"June 23, 9843",9843-06-23
"August 18, 7396",7396-08-18
"October 7, 4071",4071-10-07
"January 29, 2736",2736-01-29
"April 2, 8925",8925-04-02
"July 6, 6918",6918-07-06
"June 6, 7939",7939-06-06
"February 13, 8688",8688-02-13
"December 5, 2195",2195-12-05
"January 31, 9112",9112-01-31
"January 11, 1579",1579-01-11
"November 1, 6027",6027-11-01
"July 27, 6249",6249-07-27
"November 27, 9678",9678-11-27
"November 20, 2273",2273-11-20
"January 9, 2216",2216-01-09
"March 12, 9976",9976-03-12
"July 31, 8011",8011-07-31
"January 19, 8001",8001-01-19
"December 25, 9981",9981-12-25
"October 24, 2169",2169-10-24
"March 23, 7459",7459-03-23
"December 17, 1481",1481-12-17
"September 14, 6825",6825-09-14
"July 3, 2210",2210-07-03
"April 18, 2918",2918-04-18
"October 30, 8233",8233-10-30
"October 1, 2355",2355-10-01
"July 30, 3358",3358-07-30
"December 1, 5152",5152-12-01
"April 21, 2803",2803-04-21
"January 31, 9364",9364-01-31
"August 18, 4354",4354-08-18
"April 11, 9132",9132-04-11
"March 22, 6070",6070-03-22
"February 9, 9750",9750-02-09
"July 10, 6809",6809-07-10
"May 2, 6723",6723-05-02
"May 6, 9412",9412-05-06
"April 4, 2140",2140-04-04
"November 16, 2771",2771-11-16
"December 19, 8430",8430-12-19
"January 6, 5177",5177-01-06
"July 3, 4842",4842-07-03
"February 15, 2582",2582-02-15
"April 18, 2412",2412-04-18
"June 7, 3318",3318-06-07
"July 21, 6042",6042-07-21
"April 24, 5774",5774-04-24
"June 2, 9833",9833-06-02
"April 13, 9831",9831-04-13
"August 26, 1075",1075-08-26
"February 12, 3817",3817-02-12
"May 15, 6439",6439-05-15
"August 4, 4919",4919-08-04
"January 8, 4293",4293-01-08
"June 27, 6799",6799-06-27
"September 15, 2966",2966-09-15
"October 17, 1978",1978-10-17
"October 27, 4054",4054-10-27
"November 30, 5276",5276-11-30
"January 29, 9213",9213-01-29
"May 8, 9668",9668-05-08
"October 19, 5765",5765-10-19
"June 29, 5141",5141-06-29
"April 2, 8228",8228-04-02
"July 20, 8636",8636-07-20
"September 2, 3818",3818-09-02
"January 17, 2741",2741-01-17
"July 13, 9649",9649-07-13
"December 26, 9652",9652-12-26
"April 20, 7082",7082-04-20
"November 24, 5842",5842-11-24
"May 9, 3620",3620-05-09
"September 3, 2584",2584-09-03
"June 9, 5924",5924-06-09
"June 8, 5747",5747-06-08
"May 8, 5700",5700-05-08
"February 22, 6268",6268-02-22
"May 1, 6927",6927-05-01
"February 8, 8834",8834-02-08
"June 24, 5154",5154-06-24
"October 14, 1341",1341-10-14
"May 27, 6082",6082-05-27
"November 1, 2671",2671-11-01
"February 17, 9844",9844-02-17
"April 1, 1114",1114-04-01
"December 8, 9240",9240-12-08
"January 12, 6941",6941-01-12
"January 16, 1799",1799-01-16
"July 24, 1973",1973-07-24
"December 12, 4884",4884-12-12
"February 5, 4615",4615-02-05
"May 27, 5612",5612-05-27
"August 18, 9869",9869-08-18
"January 15, 2887",2887-01-15
"September 20, 5984",5984-09-20
"November 17, 1705",1705-11-17
"February 14, 5516",5516-02-14
"April 10, 9718",9718-04-10
"December 21, 1425",1425-12-21
"March 17, 8581",8581-03-17
"May 7, 8366",8366-05-07
"June 23, 2733",2733-06-23
"December 29, 7597",7597-12-29
"November 12, 1663",1663-11-12
"February 20, 8253",8253-02-20
"January 23, 9192",9192-01-23
"May 4, 8583",8583-05-04
"December 7, 6968",6968-12-07
"December 27, 4395",4395-12-27
"February 21, 5815",5815-02-21
"June 12, 5616",5616-06-12
"November 9, 8818",8818-11-09
"August 10, 9047",9047-08-10
"June 13, 7357",7357-06-13
"September 23, 4494",4494-09-23
"January 5, 9286",9286-01-05
"November 8, 9528",9528-11-08
"May 11, 4602",4602-05-11
"March 3, 4952",4952-03-03
"September 30, 1090",1090-09-30
"November 23, 4212",4212-11-23
"December 15, 7060",7060-12-15
"August 11, 8009",8009-08-11
"July 4, 2686",2686-07-04
"December 2, 9041",9041-12-02
"September 2, 5638",5638-09-02
"November 12, 6123",6123-11-12
"January 23, 8394",8394-01-23
"September 4, 3355",3355-09-04
"December 21, 7251",7251-12-21
"November 27, 8169",8169-11-27
"January 10, 8099",8099-01-10
"September 28, 8487",8487-09-28
"May 29, 6077",6077-05-29
"June 28, 9009",9009-06-28
"September 22, 4964",4964-09-22
"March 4, 9975",9975-03-04
"January 28, 8450",8450-01-28
"March 9, 5645",5645-03-09
"May 26, 9904",9904-05-26
"September 1, 3265",3265-09-01
"September 2, 4462",4462-09-02
"November 7, 1967",1967-11-07
"July 21, 1424",1424-07-21
"September 6, 7171",7171-09-06
"March 10, 4841",4841-03-10
"July 15, 5478",5478-07-15
"October 3, 9326",9326-10-03
"May 7, 9255",9255-05-07
"June 22, 9498",9498-06-22
"December 31, 2446",2446-12-31
"November 15, 6976",6976-11-15
"March 24, 7210",7210-03-24
"July 8, 4260",4260-07-08
"June 12, 3454",3454-06-12
"November 26, 2065",2065-11-26
"November 3, 6875",6875-11-03
"June 30, 7336",7336-06-30
"October 14, 4585",4585-10-14
"October 27, 6986",6986-10-27
"July 27, 4912",4912-07-27
"August 17, 9693",9693-08-17
"December 20, 8299",8299-12-20
"September 10, 2837",2837-09-10
"December 18, 1268",1268-12-18
"April 17, 1320",1320-04-17
"May 18, 7200",7200-05-18
"February 1, 7804",7804-02-01
"September 13, 3970",3970-09-13
"June 15, 3771",3771-06-15
"February 17, 9890",9890-02-17
"May 9, 4490",4490-05-09
"December 14, 9342",9342-12-14
"August 26, 5854",5854-08-26
"May 19, 6802",6802-05-19
"April 9, 2268",2268-04-09
"November 6, 9405",9405-11-06
"May 23, 1688",1688-05-23
"February 22, 5283",5283-02-22
"December 11, 3982",3982-12-11
"February 8, 8200",8200-02-08
"December 5, 6827",6827-12-05
"August 20, 5070",5070-08-20
"October 27, 2421",2421-10-27
"February 24, 1548",1548-02-24
"January 16, 9688",9688-01-16
"May 27, 8475",8475-05-27
"July 30, 2432",2432-07-30
"February 13, 6153",6153-02-13
"September 2, 4421",4421-09-02
"August 17, 7573",7573-08-17
"October 20, 9461",9461-10-20
"November 14, 1059",1059-11-14
"October 8, 6203",6203-10-08
"September 19, 4892",4892-09-19
"April 2, 3711",3711-04-02
"January 1, 9564",9564-01-01
"October 19, 7678",7678-10-19
"February 6, 7495",7495-02-06
"September 25, 9206",9206-09-25
"October 10, 8208",8208-10-10
"August 1, 8642",8642-08-01
"January 31, 7124",7124-01-31
"January 21, 7839",7839-01-21
"April 21, 3685",3685-04-21
"February 20, 5023",5023-02-20
"December 1, 4435",4435-12-01
"July 1, 4267",4267-07-01
"September 6, 8658",8658-09-06
"February 10, 9209",9209-02-10
"June 3, 7577",7577-06-03
"December 21, 8721",8721-12-21
"May 19, 2607",2607-05-19
"May 2, 9203",9203-05-02
"December 19, 5336",5336-12-19
"August 26, 6967",6967-08-26
"April 22, 9469",9469-04-22
"September 23, 3843",3843-09-23
"May 21, 2208",2208-05-21
"November 13, 4764",4764-11-13
"September 25, 6930",6930-09-25
"September 13, 7687",7687-09-13
"March 26, 3211",3211-03-26
"July 25, 9940",9940-07-25
"August 28, 5148",5148-08-28
"February 12, 6217",6217-02-12
"April 3, 2125",2125-04-03
"December 17, 2682",2682-12-17
"March 16, 9172",9172-03-16
"June 26, 5888",5888-06-26
"November 10, 5731",5731-11-10
"January 19, 1941",1941-01-19
"May 7, 2059",2059-05-07
"March 18, 1714",1714-03-18
"March 28, 5879",5879-03-28
"August 6, 2493",2493-08-06
"February 8, 6469",6469-02-08
"July 3, 3466",3466-07-03
"July 30, 6123",6123-07-30
"July 22, 1896",1896-07-22
"October 31, 5240",5240-10-31
"May 15, 8772",8772-05-15
"April 26, 7043",7043-04-26
"January 25, 5625",5625-01-25
"February 12, 7755",7755-02-12
"December 24, 7418",7418-12-24
"May 14, 6959",6959-05-14
"September 22, 9943",9943-09-22
"July 13, 5533",5533-07-13
"February 27, 4028",4028-02-27
"December 2, 7709",7709-12-02
"May 5, 6728",6728-05-05
"November 16, 8308",8308-11-16
"June 2, 5862",5862-06-02
"September 16, 6053",6053-09-16
"June 1, 8912",8912-06-01
"September 14, 6621",6621-09-14
"October 4, 9402",9402-10-04
"October 11, 5787",5787-10-11
"January 9, 2870",2870-01-09
"August 13, 2657",2657-08-13
"April 1, 6808",6808-04-01
"November 4, 2459",2459-11-04
"November 6, 6566",6566-11-06
"July 31, 9166",9166-07-31
"March 13, 6256",6256-03-13
"October 22, 2485",2485-10-22
"June 28, 9090",9090-06-28
"March 22, 6893",6893-03-22
"June 14, 7076",7076-06-14
"September 26, 2355",2355-09-26
"January 13, 8975",8975-01-13
"November 27, 3441",3441-11-27
"January 4, 6230",6230-01-04
"November 1, 6435",6435-11-01
"June 14, 1374",1374-06-14
"June 23, 9572",9572-06-23
"February 1, 2801",2801-02-01
"August 25, 7419",7419-08-25
"April 7, 5241",5241-04-07
"November 12, 2363",2363-11-12
"July 19, 7908",7908-07-19
"June 6, 5692",5692-06-06
"January 22, 2267",2267-01-22
"December 26, 2387",2387-12-26
"March 7, 5244",5244-03-07
"December 5, 7565",7565-12-05
"July 19, 4325",4325-07-19
"August 2, 1462",1462-08-02
"May 18, 7003",7003-05-18
"June 28, 2760",2760-06-28
"February 9, 2352",2352-02-09
"October 15, 5265",5265-10-15
"August 21, 4501",4501-08-21
"February 25, 5300",5300-02-25
"July 9, 4482",4482-07-09
"December 20, 4375",4375-12-20
"March 7, 6580",6580-03-07
"April 15, 1321",1321-04-15
"August 28, 2640",2640-08-28
"April 12, 2632",2632-04-12
"January 7, 7771",7771-01-07
"April 18, 5843",5843-04-18
"September 10, 1558",1558-09-10
"May 21, 4504",4504-05-21
"May 27, 4255",4255-05-27
"August 28, 3475",3475-08-28
"May 23, 3102",3102-05-23
"December 22, 9493",9493-12-22
"February 13, 6613",6613-02-13
"December 15, 1023",1023-12-15
"October 7, 2404",2404-10-07
"September 15, 7287",7287-09-15
"October 2, 5003",5003-10-02
"November 20, 1775",1775-11-20
"February 12, 1513",1513-02-12
"April 10, 5795",5795-04-10
"August 24, 6525",6525-08-24
"October 16, 7580",7580-10-16
"June 30, 4556",4556-06-30
"January 6, 7497",7497-01-06
"November 22, 6194",6194-11-22
"June 7, 4879",4879-06-07
"September 18, 9972",9972-09-18
"October 31, 5332",5332-10-31
"April 30, 6457",6457-04-30
"August 2, 9268",9268-08-02
"September 27, 7955",7955-09-27
"February 18, 2525",2525-02-18
"December 15, 9749",9749-12-15
"September 26, 2590",2590-09-26
"July 7, 6796",6796-07-07
"November 12, 8308",8308-11-12
"March 19, 6293",6293-03-19
"October 29, 9746",9746-10-29
"October 25, 6166",6166-10-25
"February 8, 8662",8662-02-08
"December 31, 6156",6156-12-31
"November 11, 2710",2710-11-11
"July 6, 9358",9358-07-06
"August 29, 4734",4734-08-29
"August 29, 2025",2025-08-29
"August 16, 8174",8174-08-16
"November 21, 8630",8630-11-21
"January 22, 8161",8161-01-22
"January 6, 5704",5704-01-06
"November 10, 5446",5446-11-10
"August 22, 3673",3673-08-22
"August 3, 5540",5540-08-03
"December 2, 4892",4892-12-02
"July 28, 7212",7212-07-28
"March 6, 1526",1526-03-06
"February 13, 8699",8699-02-13
"May 6, 6088",6088-05-06
"December 9, 9450",9450-12-09
"April 8, 4185",4185-04-08
"June 16, 8417",8417-06-16
"August 23, 2016",2016-08-23
"November 9, 2901",2901-11-09
"April 24, 9121",9121-04-24
"November 2, 1284",1284-11-02
"July 27, 7568",7568-07-27
"December 7, 8235",8235-12-07
"September 13, 9860",9860-09-13
"July 1, 9123",9123-07-01
"September 10, 4546",4546-09-10
"October 26, 7442",7442-10-26
"October 6, 8408",8408-10-06
"June 17, 2421",2421-06-17
"June 18, 8394",8394-06-18
"May 24, 7423",7423-05-24
"November 8, 1977",1977-11-08
"October 3, 3209",3209-10-03
"December 16, 8104",8104-12-16
"March 20, 7222",7222-03-20
"May 21, 7624",7624-05-21
"February 28, 9700",9700-02-28
"March 11, 1607",1607-03-11
"June 20, 7548",7548-06-20
"August 15, 6991",6991-08-15
"December 13, 3174",3174-12-13
"February 15, 9619",9619-02-15
"April 24, 6464",6464-04-24
"February 10, 6772",6772-02-10
"May 1, 1214",1214-05-01
"April 15, 2381",2381-04-15
"February 21, 8559",8559-02-21
"September 3, 7107",7107-09-03
"February 8, 3064",3064-02-08
"November 19, 1217",1217-11-19
"July 25, 4157",4157-07-25
"May 21, 3363",3363-05-21
"October 11, 3816",3816-10-11
"January 17, 9103",9103-01-17
"May 12, 7655",7655-05-12
"May 12, 6101",6101-05-12
"January 25, 1972",1972-01-25
"January 6, 7127",7127-01-06
"November 20, 7968",7968-11-20
"September 16, 4679",4679-09-16
"February 3, 5614",5614-02-03
"August 15, 7762",7762-08-15
"July 30, 1516",1516-07-30
"November 21, 6643",6643-11-21
"February 23, 1267",1267-02-23
"December 7, 4903",4903-12-07
"July 16, 6018",6018-07-16
"November 19, 3072",3072-11-19
"December 20, 5764",5764-12-20
"April 5, 1276",1276-04-05
"March 22, 7062",7062-03-22
"September 12, 4644",4644-09-12
"November 13, 5386",5386-11-13
"May 1, 3953",3953-05-01
"April 18, 2045",2045-04-18
"July 15, 2316",2316-07-15
"September 16, 2140",2140-09-16
"August 1, 7221",7221-08-01
"January 15, 2931",2931-01-15
"November 13, 4276",4276-11-13
"January 13, 2654",2654-01-13
"September 13, 3097",3097-09-13
"September 10, 3934",3934-09-10
"December 1, 9822",9822-12-01
"April 5, 2029",2029-04-05
"February 2, 2771",2771-02-02
"February 9, 4523",4523-02-09
"January 2, 5677",5677-01-02
"November 17, 8792",8792-11-17
"December 4, 2942",2942-12-04
"July 17, 1676",1676-07-17
"May 25, 8056",8056-05-25
"July 8, 4735",4735-07-08
"October 17, 3083",3083-10-17
"January 10, 1312",1312-01-10
"April 9, 9191",9191-04-09
"October 24, 1671",1671-10-24
"May 25, 4422",4422-05-25
"December 1, 5477",5477-12-01
"December 10, 2133",2133-12-10
"March 27, 4675",4675-03-27
"December 18, 2635",2635-12-18
"September 12, 5740",5740-09-12
"March 12, 4723",4723-03-12
"January 7, 3962",3962-01-07
"April 1, 5312",5312-04-01
"February 17, 2389",2389-02-17
"October 1, 1595",1595-10-01
"February 11, 3326",3326-02-11
"September 27, 3751",3751-09-27
"March 19, 9637",9637-03-19
"October 9, 7855",7855-10-09
"September 25, 7729",7729-09-25
"October 10, 3715",3715-10-10
"March 9, 6661",6661-03-09
"October 23, 6840",6840-10-23
"February 27, 9640",9640-02-27
"July 31, 6792",6792-07-31
"October 2, 5421",5421-10-02
"July 21, 2321",2321-07-21
"May 23, 4092",4092-05-23
"April 9, 1696",1696-04-09
"August 27, 4655",4655-08-27
"November 9, 6337",6337-11-09
"October 30, 7351",7351-10-30
"September 16, 5674",5674-09-16
"September 12, 1751",1751-09-12
"January 15, 6560",6560-01-15
"December 14, 1331",1331-12-14
"July 2, 5679",5679-07-02
"May 6, 8275",8275-05-06
"March 8, 3684",3684-03-08
"November 9, 1213",1213-11-09
"December 4, 4090",4090-12-04
"October 15, 7362",7362-10-15
"May 20, 7731",7731-05-20
"July 23, 8752",8752-07-23
"September 11, 2165",2165-09-11
"August 7, 3828",3828-08-07
"September 30, 9761",9761-09-30
"January 17, 7370",7370-01-17
"February 27, 8482",8482-02-27
"January 5, 2442",2442-01-05
"January 20, 4498",4498-01-20
"July 7, 7525",7525-07-07
"November 30, 5670",5670-11-30
"June 28, 6121",6121-06-28
"July 29, 1963",1963-07-29
"April 10, 8301",8301-04-10
"October 10, 6746",6746-10-10
"June 3, 3336",3336-06-03
"April 24, 9990",9990-04-24
"November 21, 2634",2634-11-21
"November 22, 5286",5286-11-22
"March 15, 7206",7206-03-15
"May 30, 2931",2931-05-30
"June 16, 9980",9980-06-16
"May 5, 3815",3815-05-05
"November 7, 7172",7172-11-07
"March 18, 5866",5866-03-18
"February 26, 7375",7375-02-26
"August 19, 6187",6187-08-19
"December 4, 1479",1479-12-04
"July 1, 1011",1011-07-01
"November 20, 6335",6335-11-20
"March 22, 8128",8128-03-22
"August 19, 4321",4321-08-19
"June 23, 8499",8499-06-23
"February 23, 2922",2922-02-23
"March 28, 1006",1006-03-28
"January 10, 1691",1691-01-10
"March 29, 6537",6537-03-29
"July 4, 4138",4138-07-04
"September 7, 7865",7865-09-07
"February 10, 3881",3881-02-10
"October 31, 8808",8808-10-31
"July 15, 5365",5365-07-15
"July 20, 5035",5035-07-20
"January 9, 8260",8260-01-09
"March 10, 3443",3443-03-10
"September 29, 7719",7719-09-29
"May 31, 6860",6860-05-31
"June 22, 4230",4230-06-22
"May 1, 1522",1522-05-01
"August 23, 2853",2853-08-23
"June 28, 9488",9488-06-28
"April 11, 7133",7133-04-11
"March 19, 7466",7466-03-19
"February 10, 1803",1803-02-10
"May 31, 4452",4452-05-31
"April 3, 2030",2030-04-03
"July 13, 5539",5539-07-13
"June 29, 9020",9020-06-29
"March 21, 2412",2412-03-21
"September 10, 2603",2603-09-10
"June 20, 9326",9326-06-20
"May 23, 7390",7390-05-23
"March 12, 4209",4209-03-12
"June 28, 5960",5960-06-28
"April 28, 3421",3421-04-28
"February 13, 8010",8010-02-13
"February 28, 6797",6797-02-28
"April 13, 4655",4655-04-13
"December 25, 8832",8832-12-25
"September 10, 4934",4934-09-10
"January 17, 8294",8294-01-17
"May 13, 4001",4001-05-13
"August 25, 9643",9643-08-25
"July 30, 9127",9127-07-30
"November 3, 6198",6198-11-03
"March 7, 4135",4135-03-07
"February 23, 3824",3824-02-23
"May 3, 8605",8605-05-03
"July 27, 4693",4693-07-27
"February 23, 4923",4923-02-23
"September 22, 3418",3418-09-22
"February 28, 6280",6280-02-28
"August 1, 7884",7884-08-01
"November 17, 4771",4771-11-17
"April 19, 1182",1182-04-19
"November 18, 8944",8944-11-18
"August 28, 2535",2535-08-28
"July 4, 8423",8423-07-04
"July 7, 1023",1023-07-07
"January 27, 7991",7991-01-27
"April 10, 6472",6472-04-10
"February 21, 1049",1049-02-21
"December 31, 1109",1109-12-31
"February 7, 8725",8725-02-07
"October 26, 2992",2992-10-26
"August 9, 5744",5744-08-09
"June 26, 7382",7382-06-26
"March 22, 8998",8998-03-22
"June 3, 9076",9076-06-03
"March 22, 6615",6615-03-22
"November 10, 9755",9755-11-10
"August 31, 5510",5510-08-31
"September 11, 7179",7179-09-11
"November 19, 1931",1931-11-19
"December 25, 8453",8453-12-25
"November 22, 8478",8478-11-22
"March 31, 1890",1890-03-31
"August 23, 7185",7185-08-23
"May 23, 1355",1355-05-23
"July 19, 8712",8712-07-19
"March 28, 6112",6112-03-28
"October 25, 8719",8719-10-25
"April 4, 2417",2417-04-04
"August 28, 5053",5053-08-28
"March 1, 5322",5322-03-01
"March 23, 7905",7905-03-23
"September 29, 5110",5110-09-29
"April 20, 5441",5441-04-20
"September 29, 3034",3034-09-29
"January 10, 9819",9819-01-10
"June 5, 9004",9004-06-05
"October 27, 1096",1096-10-27
"September 27, 2432",2432-09-27
"May 21, 6313",6313-05-21
"June 16, 5254",5254-06-16
"March 26, 3216",3216-03-26
"May 11, 6105",6105-05-11
"July 12, 1107",1107-07-12
"November 11, 3543",3543-11-11
"December 26, 9533",9533-12-26
"March 2, 1227",1227-03-02
"June 1, 9709",9709-06-01
"June 10, 4228",4228-06-10
"March 23, 8815",8815-03-23
"February 27, 9144",9144-02-27
"January 30, 5109",5109-01-30
"April 1, 3199",3199-04-01
"February 20, 2033",2033-02-20
"July 16, 8044",8044-07-16
"December 23, 8179",8179-12-23
"August 1, 4481",4481-08-01
"January 18, 9243",9243-01-18
"July 30, 3539",3539-07-30
"February 16, 3690",3690-02-16
"September 16, 6670",6670-09-16
"July 17, 5168",5168-07-17
"July 21, 1422",1422-07-21
"February 6, 4224",4224-02-06
"July 24, 6659",6659-07-24
"January 5, 9085",9085-01-05
"July 20, 9118",9118-07-20
"May 20, 7959",7959-05-20
"January 25, 3401",3401-01-25
"December 10, 1081",1081-12-10
"October 14, 3251",3251-10-14
"July 23, 8331",8331-07-23
"July 2, 5548",5548-07-02
"January 25, 2274",2274-01-25
"December 13, 4184",4184-12-13
"May 9, 7535",7535-05-09
"July 19, 6745",6745-07-19
"January 13, 6673",6673-01-13
"September 10, 2957",2957-09-10
"June 27, 7336",7336-06-27
"March 8, 3225",3225-03-08
"April 30, 8577",8577-04-30
"April 6, 9484",9484-04-06
"May 12, 7496",7496-05-12
"January 3, 8719",8719-01-03
"March 25, 8836",8836-03-25
"April 22, 7924",7924-04-22
"November 7, 7489",7489-11-07
"September 16, 3015",3015-09-16
"July 30, 1750",1750-07-30
"April 4, 7754",7754-04-04
"September 24, 2472",2472-09-24
"June 22, 9566",9566-06-22
"January 1, 1747",1747-01-01
"May 14, 2463",2463-05-14
"June 5, 3981",3981-06-05
"July 20, 7544",7544-07-20
"November 12, 3617",3617-11-12
"November 7, 7006",7006-11-07
"May 24, 9370",9370-05-24
"February 2, 9983",9983-02-02
"April 11, 4150",4150-04-11
"February 24, 3203",3203-02-24
"August 24, 8785",8785-08-24
"June 21, 1265",1265-06-21
"December 25, 8957",8957-12-25
"November 4, 8782",8782-11-04
"February 5, 7120",7120-02-05
"March 7, 8056",8056-03-07
"June 13, 3904",3904-06-13
"September 2, 8816",8816-09-02
"February 27, 7432",7432-02-27
"September 18, 6212",6212-09-18
"June 14, 1022",1022-06-14
"October 26, 5904",5904-10-26
"August 11, 8360",8360-08-11
"August 15, 8729",8729-08-15
"September 10, 8464",8464-09-10
"July 29, 1595",1595-07-29
"March 15, 4709",4709-03-15
"March 21, 5967",5967-03-21
"May 28, 5672",5672-05-28
"December 2, 4146",4146-12-02
"October 5, 2397",2397-10-05
"November 7, 8810",8810-11-07
"November 26, 6951",6951-11-26
"February 7, 6358",6358-02-07
"December 28, 6690",6690-12-28
"January 2, 5151",5151-01-02
"December 24, 6939",6939-12-24
"April 24, 9716",9716-04-24
"February 18, 1499",1499-02-18
"March 20, 9282",9282-03-20
"August 17, 3578",3578-08-17
"April 30, 1539",1539-04-30
"September 4, 4191",4191-09-04
"November 1, 5823",5823-11-01
"December 30, 7113",7113-12-30
"July 21, 6154",6154-07-21
"August 8, 4631",4631-08-08
"April 1, 1059",1059-04-01
"December 16, 5499",5499-12-16
"October 21, 3234",3234-10-21
"August 19, 4843",4843-08-19
"June 19, 1939",1939-06-19
"July 23, 7566",7566-07-23
"May 12, 1291",1291-05-12
"July 11, 9468",9468-07-11
"January 10, 3591",3591-01-10
"July 7, 8918",8918-07-07
"December 27, 5866",5866-12-27
"November 5, 1854",1854-11-05
"September 21, 3870",3870-09-21
"November 9, 3260",3260-11-09
"November 3, 2888",2888-11-03
"September 9, 4780",4780-09-09
"March 5, 4569",4569-03-05
"September 5, 1721",1721-09-05
"September 6, 8188",8188-09-06
"August 23, 8180",8180-08-23
"October 7, 2110",2110-10-07
"January 30, 1320",1320-01-30
"October 2, 6511",6511-10-02
"May 3, 5960",5960-05-03
"November 16, 1275",1275-11-16
"May 25, 7804",7804-05-25
"February 26, 8192",8192-02-26
"January 1, 4839",4839-01-01
"August 10, 3875",3875-08-10
"March 21, 3838",3838-03-21
"May 27, 2238",2238-05-27
"May 15, 6438",6438-05-15
"March 23, 3737",3737-03-23
"August 22, 4913",4913-08-22
"January 31, 1625",1625-01-31
"October 20, 4830",4830-10-20
"October 1, 6967",6967-10-01
"September 3, 3718",3718-09-03
"April 13, 1837",1837-04-13
"May 30, 9908",9908-05-30
"October 6, 7889",7889-10-06
"November 12, 8114",8114-11-12
"November 26, 6035",6035-11-26
"August 12, 9774",9774-08-12
"August 24, 2098",2098-08-24
"April 6, 8181",8181-04-06
"December 6, 6126",6126-12-06
"April 5, 7648",7648-04-05
"June 16, 2433",2433-06-16
"April 1, 1982",1982-04-01
"November 26, 1696",1696-11-26
"November 27, 1382",1382-11-27
"November 10, 5333",5333-11-10
"July 31, 4597",4597-07-31
"April 28, 8962",8962-04-28
"October 5, 1746",1746-10-05
"August 11, 9987",9987-08-11
"July 27, 2464",2464-07-27
"January 5, 1712",1712-01-05
"October 27, 6074",6074-10-27
"March 5, 1629",1629-03-05
"December 23, 4461",4461-12-23
"June 27, 8013",8013-06-27
"November 14, 8190",8190-11-14
"January 28, 5959",5959-01-28
"July 6, 1755",1755-07-06
"May 7, 2169",2169-05-07
"November 21, 8780",8780-11-21
"September 2, 1640",1640-09-02
"April 22, 7422",7422-04-22
"June 25, 1599",1599-06-25
"September 17, 4386",4386-09-17
"June 27, 5380",5380-06-27
"October 9, 5612",5612-10-09
"June 24, 2100",2100-06-24
"November 9, 8088",8088-11-09
"April 4, 9635",9635-04-04
"January 2, 5721",5721-01-02
"December 19, 3676",3676-12-19
"April 19, 7885",7885-04-19
"January 7, 8576",8576-01-07
"November 13, 8165",8165-11-13
"October 21, 1121",1121-10-21
"October 20, 6206",6206-10-20
"October 16, 5408",5408-10-16
"October 20, 6330",6330-10-20
"March 15, 5916",5916-03-15
"April 6, 8122",8122-04-06
"January 3, 8111",8111-01-03
"January 14, 2163",2163-01-14
"January 9, 4900",4900-01-09
"December 6, 8474",8474-12-06
"May 9, 8760",8760-05-09
"November 9, 9990",9990-11-09
"April 2, 1298",1298-04-02
"June 11, 6214",6214-06-11
"June 23, 6939",6939-06-23
"November 7, 4768",4768-11-07
"March 22, 7750",7750-03-22
"May 20, 3210",3210-05-20
"April 22, 2240",2240-04-22
"April 1, 2179",2179-04-01
"February 13, 1141",1141-02-13
"October 6, 7834",7834-10-06
"April 4, 9191",9191-04-04
"August 28, 1775",1775-08-28
"June 25, 7808",7808-06-25
"May 25, 3223",3223-05-25
"July 19, 7582",7582-07-19
"September 22, 2446",2446-09-22
"March 30, 8319",8319-03-30
"December 27, 6843",6843-12-27
"February 3, 3943",3943-02-03
"March 5, 5081",5081-03-05
"September 7, 5834",5834-09-07
"March 16, 6528",6528-03-16
"April 17, 9321",9321-04-17
"August 12, 8129",8129-08-12
"November 23, 6105",6105-11-23
"January 28, 3135",3135-01-28
"April 8, 3792",3792-04-08
"December 24, 2580",2580-12-24
"February 4, 1506",1506-02-04
"August 28, 1694",1694-08-28
"March 27, 2466",2466-03-27
"January 23, 4579",4579-01-23
"June 6, 7712",7712-06-06
"February 10, 6005",6005-02-10
"July 15, 6892",6892-07-15
"December 5, 8483",8483-12-05
"December 8, 9662",9662-12-08
"March 11, 5108",5108-03-11
"July 26, 4573",4573-07-26
"August 6, 7702",7702-08-06
"April 15, 7214",7214-04-15
"June 30, 9905",9905-06-30
"April 19, 2672",2672-04-19
"October 15, 2692",2692-10-15
"October 31, 6391",6391-10-31
"September 12, 4544",4544-09-12
"May 28, 7928",7928-05-28
"September 26, 4937",4937-09-26
"June 20, 4342",4342-06-20
"July 3, 5235",5235-07-03
"October 22, 1092",1092-10-22
"November 4, 6944",6944-11-04
"June 14, 7734",7734-06-14
"July 4, 8552",8552-07-04
"May 4, 8789",8789-05-04
"July 14, 2660",2660-07-14
"March 19, 1658",1658-03-19
"January 24, 3726",3726-01-24
"June 7, 6823",6823-06-07
"July 5, 7424",7424-07-05
"February 2, 1627",1627-02-02
"October 15, 5846",5846-10-15
"April 2, 4948",4948-04-02
"December 24, 3243",3243-12-24
"December 29, 3300",3300-12-29
"November 20, 8355",8355-11-20
"March 17, 3311",3311-03-17
"July 10, 1785",1785-07-10
"April 2, 4922",4922-04-02
"June 27, 3174",3174-06-27
"June 13, 8669",8669-06-13
"January 16, 6463",6463-01-16
"August 9, 8978",8978-08-09
"November 1, 8944",8944-11-01
"June 21, 6367",6367-06-21
"June 10, 7887",7887-06-10
"June 1, 8951",8951-06-01
"September 30, 4802",4802-09-30
"March 31, 7642",7642-03-31
"November 3, 7500",7500-11-03
"August 6, 4854",4854-08-06
"February 2, 8075",8075-02-02
"November 7, 4440",4440-11-07
"February 20, 5808",5808-02-20
"September 26, 4773",4773-09-26
"July 24, 2863",2863-07-24
"January 13, 2204",2204-01-13
"January 12, 6217",6217-01-12
"July 8, 1484",1484-07-08
"January 29, 6695",6695-01-29
"July 29, 3519",3519-07-29
"June 16, 1042",1042-06-16
"May 11, 8335",8335-05-11
"February 19, 3561",3561-02-19
"September 4, 8960",8960-09-04
"May 18, 3644",3644-05-18
"July 12, 6357",6357-07-12
"November 9, 8164",8164-11-09
"August 8, 3447",3447-08-08
"October 20, 3744",3744-10-20
"September 14, 6520",6520-09-14
"September 15, 9435",9435-09-15
"June 2, 9823",9823-06-02
"December 29, 4806",4806-12-29
"October 23, 9498",9498-10-23
"October 29, 5316",5316-10-29
"October 10, 3357",3357-10-10
"January 13, 5597",5597-01-13
"October 18, 3115",3115-10-18
"March 26, 1077",1077-03-26
"June 15, 5166",5166-06-15
"August 7, 1113",1113-08-07
"September 13, 1846",1846-09-13
"November 1, 5109",5109-11-01
"September 16, 1344",1344-09-16
"November 12, 7369",7369-11-12
"October 16, 2322",2322-10-16
"April 17, 2635",2635-04-17
"November 12, 4336",4336-11-12
"June 23, 6057",6057-06-23
"June 15, 3232",3232-06-15
"January 2, 8250",8250-01-02
"October 18, 7725",7725-10-18
"January 31, 9791",9791-01-31
"January 22, 5133",5133-01-22
"March 10, 1504",1504-03-10
"November 24, 1340",1340-11-24
"August 25, 3286",3286-08-25
"September 30, 3271",3271-09-30
"July 4, 4262",4262-07-04
"October 31, 2999",2999-10-31
"April 14, 3514",3514-04-14
"September 10, 4008",4008-09-10
"November 4, 9254",9254-11-04
"June 2, 3001",3001-06-02
"May 2, 4902",4902-05-02
"September 21, 7367",7367-09-21
"July 23, 3824",3824-07-23
"April 21, 3050",3050-04-21
"August 24, 3250",3250-08-24
"October 22, 1246",1246-10-22
"January 3, 3022",3022-01-03
"April 12, 4006",4006-04-12
"January 11, 2162",2162-01-11
"January 31, 1241",1241-01-31
"August 9, 8779",8779-08-09
"January 20, 2576",2576-01-20
"May 28, 5351",5351-05-28
"April 7, 8520",8520-04-07
"April 29, 2274",2274-04-29
"November 11, 4885",4885-11-11
"April 15, 3414",3414-04-15
"May 3, 4503",4503-05-03
"November 13, 6238",6238-11-13
"October 15, 3757",3757-10-15
"October 23, 5244",5244-10-23
"December 5, 5275",5275-12-05
"August 15, 8589",8589-08-15
"October 31, 2967",2967-10-31
"January 9, 7051",7051-01-09
"August 19, 8156",8156-08-19
"August 26, 5980",5980-08-26
"March 9, 9164",9164-03-09
"October 9, 1750",1750-10-09
"September 25, 2360",2360-09-25
"August 9, 2658",2658-08-09
"December 30, 2501",2501-12-30
"October 7, 3177",3177-10-07
"March 12, 3201",3201-03-12
"August 28, 7115",7115-08-28
"January 20, 5343",5343-01-20
"September 10, 8973",8973-09-10
"October 20, 5297",5297-10-20
"March 27, 4651",4651-03-27
"December 28, 7884",7884-12-28
"September 4, 5932",5932-09-04
"March 22, 8305",8305-03-22
"April 25, 3808",3808-04-25
"June 28, 1530",1530-06-28
"December 11, 9762",9762-12-11
"March 24, 8074",8074-03-24
"August 16, 7744",7744-08-16
"July 30, 3171",3171-07-30
"February 11, 7149",7149-02-11
"April 13, 4378",4378-04-13
"February 1, 2706",2706-02-01
"December 17, 4762",4762-12-17
"June 5, 3838",3838-06-05
"August 10, 1611",1611-08-10
"June 19, 8228",8228-06-19
"April 3, 4216",4216-04-03
"March 14, 2452",2452-03-14
"October 8, 6836",6836-10-08
"May 18, 7707",7707-05-18
"May 20, 6615",6615-05-20
"October 21, 3402",3402-10-21
"January 7, 9352",9352-01-07
"November 9, 1934",1934-11-09
"December 17, 6404",6404-12-17
"May 28, 8619",8619-05-28
"February 12, 8061",8061-02-12
"December 23, 1744",1744-12-23
"September 29, 2922",2922-09-29
"September 21, 6840",6840-09-21
"December 21, 5456",5456-12-21
"September 25, 9627",9627-09-25
"October 3, 8407",8407-10-03
"October 4, 9625",9625-10-04
"December 24, 6846",6846-12-24
"December 4, 5297",5297-12-04
"August 4, 6725",6725-08-04
"October 5, 6958",6958-10-05
"June 21, 6331",6331-06-21
"July 21, 3055",3055-07-21
"September 11, 4695",4695-09-11
"December 4, 9181",9181-12-04
"June 24, 5293",5293-06-24
"May 12, 7034",7034-05-12
"June 25, 8975",8975-06-25
"December 30, 6549",6549-12-30
"April 1, 9218",9218-04-01
"January 1, 6682",6682-01-01
"June 15, 6440",6440-06-15
"June 17, 4081",4081-06-17
"February 14, 7674",7674-02-14
"April 23, 5604",5604-04-23
"October 5, 8327",8327-10-05
"March 26, 7706",7706-03-26
"May 1, 8461",8461-05-01
"May 9, 1420",1420-05-09
"May 27, 3379",3379-05-27
"December 15, 3520",3520-12-15
"March 7, 3331",3331-03-07
"July 7, 6191",6191-07-07
"August 1, 3691",3691-08-01
"May 13, 5546",5546-05-13
"April 1, 3510",3510-04-01
"December 22, 4513",4513-12-22
"October 19, 5880",5880-10-19
"April 11, 5330",5330-04-11
"May 26, 7561",7561-05-26
"May 1, 2805",2805-05-01
"February 7, 5296",5296-02-07
"December 2, 3922",3922-12-02
"April 30, 7322",7322-04-30
"May 4, 1973",1973-05-04
"August 7, 2542",2542-08-07
"May 7, 9631",9631-05-07
"December 12, 1964",1964-12-12
"March 21, 4388",4388-03-21
"July 12, 6104",6104-07-12
"December 8, 6957",6957-12-08
"May 9, 5037",5037-05-09
"April 9, 3643",3643-04-09
"December 31, 7705",7705-12-31
"June 20, 1472",1472-06-20
"October 15, 6342",6342-10-15
"August 14, 6882",6882-08-14
"October 8, 8132",8132-10-08
"October 15, 4862",4862-10-15
"March 12, 5893",5893-03-12
"November 5, 6180",6180-11-05
"March 5, 6369",6369-03-05
"September 24, 5966",5966-09-24
"April 3, 5696",5696-04-03
"May 13, 5220",5220-05-13
"August 5, 6713",6713-08-05
"July 17, 4640",4640-07-17
"April 2, 4135",4135-04-02
"December 31, 5390",5390-12-31
"November 8, 1283",1283-11-08
"January 24, 3062",3062-01-24
"March 6, 6072",6072-03-06
"October 4, 3684",3684-10-04
"May 2, 4050",4050-05-02
"January 3, 8411",8411-01-03
"June 23, 1871",1871-06-23
"September 8, 5123",5123-09-08
"June 19, 1946",1946-06-19
"February 17, 4382",4382-02-17
"January 28, 6762",6762-01-28
"September 10, 6888",6888-09-10
"July 16, 7277",7277-07-16
"June 25, 8391",8391-06-25
"July 19, 1897",1897-07-19
"May 11, 4174",4174-05-11
"April 19, 3615",3615-04-19
"February 3, 2130",2130-02-03
"October 26, 2361",2361-10-26
"May 6, 1819",1819-05-06
"October 28, 5136",5136-10-28
"August 11, 1439",1439-08-11
"May 9, 7270",7270-05-09
"March 30, 3300",3300-03-30
"September 29, 4832",4832-09-29
"March 18, 3258",3258-03-18
"September 3, 8752",8752-09-03
"November 18, 4780",4780-11-18
"March 6, 3871",3871-03-06
"April 8, 4476",4476-04-08
"September 20, 9557",9557-09-20
"December 17, 9824",9824-12-17
"July 2, 8849",8849-07-02
"November 5, 4151",4151-11-05
"April 7, 3189",3189-04-07
"May 1, 9103",9103-05-01
"June 30, 7936",7936-06-30
"March 11, 2583",2583-03-11
"January 30, 9640",9640-01-30
"May 25, 9224",9224-05-25
"October 27, 9495",9495-10-27
"January 17, 7237",7237-01-17
"October 12, 3998",3998-10-12
"December 31, 1097",1097-12-31
"April 5, 9843",9843-04-05
"January 17, 4439",4439-01-17
"August 8, 4236",4236-08-08
"August 4, 4980",4980-08-04
"February 21, 9993",9993-02-21
"March 18, 5637",5637-03-18
"July 29, 5659",5659-07-29
"December 19, 7659",7659-12-19
"May 10, 9702",9702-05-10
"April 24, 8525",8525-04-24
"July 20, 1136",1136-07-20
"April 24, 6420",6420-04-24
"May 1, 8511",8511-05-01
"January 15, 6887",6887-01-15
"November 15, 9740",9740-11-15
"April 16, 2714",2714-04-16
"October 19, 5564",5564-10-19
"June 4, 3613",3613-06-04
"December 7, 3605",3605-12-07
"July 6, 9306",9306-07-06
"October 20, 9602",9602-10-20
"February 15, 3410",3410-02-15
"April 7, 6448",6448-04-07
"December 27, 3683",3683-12-27
"July 17, 6923",6923-07-17
"December 3, 7740",7740-12-03
"January 8, 7346",7346-01-08
"March 26, 9700",9700-03-26
"October 24, 6382",6382-10-24
"January 11, 9297",9297-01-11
"July 21, 6298",6298-07-21
"January 2, 4912",4912-01-02
"March 2, 1986",1986-03-02
"March 26, 4595",4595-03-26
"February 27, 3157",3157-02-27
"February 5, 5924",5924-02-05
"November 21, 9843",9843-11-21
"November 21, 9014",9014-11-21
"July 25, 5796",5796-07-25
"October 17, 3406",3406-10-17
"August 22, 6037",6037-08-22
"April 22, 6167",6167-04-22
"December 27, 7412",7412-12-27
"September 14, 1345",1345-09-14
"November 30, 5302",5302-11-30
"August 26, 2595",2595-08-26
"November 19, 7631",7631-11-19
"November 14, 2473",2473-11-14
"January 26, 4509",4509-01-26
"September 1, 9472",9472-09-01
"March 6, 1111",1111-03-06
"July 8, 6739",6739-07-08
"December 16, 8565",8565-12-16
"October 22, 5072",5072-10-22
"May 22, 4902",4902-05-22
"June 13, 3589",3589-06-13
"April 30, 5813",5813-04-30
"October 18, 5888",5888-10-18
"January 13, 8875",8875-01-13
"November 14, 9642",9642-11-14
"February 18, 5632",5632-02-18
"March 6, 9760",9760-03-06
"August 23, 9941",9941-08-23
"August 25, 8929",8929-08-25
"August 21, 7173",7173-08-21
"December 1, 4440",4440-12-01
"July 28, 4744",4744-07-28
"May 14, 7740",7740-05-14
"November 16, 1266",1266-11-16
"November 4, 7517",7517-11-04
"November 16, 1369",1369-11-16
"October 8, 2597",2597-10-08
"December 6, 2764",2764-12-06
"June 21, 4792",4792-06-21
"November 20, 7524",7524-11-20
"October 31, 8232",8232-10-31
"August 26, 7924",7924-08-26
"March 3, 7980",7980-03-03
"March 15, 7590",7590-03-15
"October 13, 5488",5488-10-13
"November 30, 5378",5378-11-30
"January 3, 3345",3345-01-03
"November 30, 5485",5485-11-30
"August 12, 1731",1731-08-12
"November 19, 7137",7137-11-19
"August 29, 5437",5437-08-29
"October 23, 3162",3162-10-23
"February 29, 6452",6452-02-29
"July 25, 2247",2247-07-25
"April 15, 4776",4776-04-15
"February 4, 7540",7540-02-04
"April 4, 6185",6185-04-04
"January 26, 8338",8338-01-26
"June 6, 4498",4498-06-06
"October 1, 2070",2070-10-01
"July 24, 2968",2968-07-24
"November 22, 2197",2197-11-22
"February 16, 8750",8750-02-16
"May 15, 7349",7349-05-15
"November 27, 3039",3039-11-27
"February 26, 1368",1368-02-26
"June 29, 8912",8912-06-29
"October 19, 7928",7928-10-19
"January 18, 6611",6611-01-18
"March 15, 1308",1308-03-15
"November 26, 3143",3143-11-26
"March 23, 3285",3285-03-23
"January 3, 1798",1798-01-03
"June 18, 5431",5431-06-18
"April 3, 4259",4259-04-03
"May 21, 3364",3364-05-21
"February 19, 3676",3676-02-19
"December 12, 4342",4342-12-12
"March 31, 8574",8574-03-31
"December 16, 7021",7021-12-16
"August 15, 1803",1803-08-15
"March 8, 6221",6221-03-08
"October 9, 1659",1659-10-09
"June 17, 5233",5233-06-17
"August 14, 6954",6954-08-14
"November 11, 1126",1126-11-11
"March 7, 2973",2973-03-07
"July 11, 4752",4752-07-11
"March 4, 5718",5718-03-04
"April 21, 5491",5491-04-21
"May 3, 2803",2803-05-03
"September 28, 2271",2271-09-28
"December 19, 2482",2482-12-19
"June 3, 7160",7160-06-03
"November 24, 5804",5804-11-24
"January 19, 6492",6492-01-19
"December 19, 9533",9533-12-19
"August 24, 1789",1789-08-24
"January 17, 5467",5467-01-17
"February 18, 3371",3371-02-18
"February 3, 2492",2492-02-03
"November 30, 3361",3361-11-30
"February 17, 4557",4557-02-17
"March 25, 5963",5963-03-25
"August 6, 9149",9149-08-06
"March 23, 8634",8634-03-23
"March 10, 6452",6452-03-10
"May 20, 2823",2823-05-20
"October 7, 7932",7932-10-07
"February 17, 7604",7604-02-17
"July 11, 4563",4563-07-11
"July 13, 7746",7746-07-13
"November 11, 3330",3330-11-11
"March 25, 6770",6770-03-25
"February 18, 9231",9231-02-18
"May 23, 8864",8864-05-23
"June 24, 6270",6270-06-24
"January 22, 4163",4163-01-22
"April 11, 3316",3316-04-11
"June 23, 1085",1085-06-23
"August 15, 2638",2638-08-15
"August 11, 6118",6118-08-11
"August 10, 1734",1734-08-10
"September 6, 5584",5584-09-06
"November 6, 7945",7945-11-06
"August 14, 3834",3834-08-14
"September 26, 7038",7038-09-26
"November 11, 4776",4776-11-11
"October 22, 7536",7536-10-22
"December 24, 6637",6637-12-24
"October 23, 6284",6284-10-23
"June 2, 6313",6313-06-02
"February 1, 7616",7616-02-01
"November 1, 1448",1448-11-01
"October 6, 9466",9466-10-06
"March 10, 2046",2046-03-10
"April 9, 4306",4306-04-09
"November 7, 8421",8421-11-07
"January 19, 6240",6240-01-19
"April 23, 4982",4982-04-23
"March 2, 9042",9042-03-02
"April 16, 9172",9172-04-16
"October 15, 4415",4415-10-15
"February 17, 5491",5491-02-17
"October 9, 8039",8039-10-09
"January 31, 3011",3011-01-31
"April 22, 5766",5766-04-22
"December 20, 3860",3860-12-20
"March 17, 3062",3062-03-17
"November 5, 8093",8093-11-05
"April 17, 9420",9420-04-17
"October 20, 5961",5961-10-20
"July 10, 6257",6257-07-10
"May 6, 5417",5417-05-06
"August 15, 8568",8568-08-15
"August 10, 3106",3106-08-10
"July 23, 9021",9021-07-23
"October 5, 7529",7529-10-05
"January 28, 2097",2097-01-28
"May 24, 5519",5519-05-24
"December 20, 9022",9022-12-20
"June 6, 1501",1501-06-06
"July 26, 3752",3752-07-26
"August 19, 2813",2813-08-19
"December 10, 4143",4143-12-10
"August 31, 8212",8212-08-31
"March 4, 7175",7175-03-04
"December 13, 4351",4351-12-13
"August 19, 8655",8655-08-19
"June 18, 1766",1766-06-18
"January 26, 9016",9016-01-26
"April 13, 9343",9343-04-13
"November 14, 9295",9295-11-14
"November 14, 3494",3494-11-14
"January 8, 6667",6667-01-08
"December 17, 5722",5722-12-17
"November 30, 9748",9748-11-30
"June 1, 7348",7348-06-01
"March 2, 2392",2392-03-02
"May 18, 5234",5234-05-18
"November 19, 1878",1878-11-19
"September 8, 9674",9674-09-08
"May 11, 2208",2208-05-11
"April 11, 6792",6792-04-11
"August 22, 9802",9802-08-22
"August 8, 9951",9951-08-08
"October 24, 4743",4743-10-24
"May 21, 5709",5709-05-21
"May 17, 6178",6178-05-17
"December 12, 2892",2892-12-12
"September 5, 3902",3902-09-05
"May 19, 3381",3381-05-19
"June 14, 6811",6811-06-14
"July 29, 1512",1512-07-29
"May 10, 6307",6307-05-10
"October 26, 1306",1306-10-26
"July 20, 1840",1840-07-20
"July 1, 8336",8336-07-01
"March 17, 8975",8975-03-17
"August 2, 8758",8758-08-02
"September 6, 9609",9609-09-06
"April 30, 6304",6304-04-30
"January 16, 5377",5377-01-16
"June 7, 4946",4946-06-07
"April 16, 9566",9566-04-16
"November 21, 5585",5585-11-21
"June 15, 3232",3232-06-15
"April 4, 5555",5555-04-04
"October 16, 1433",1433-10-16
"April 22, 1123",1123-04-22
"November 10, 3877",3877-11-10
"December 22, 2316",2316-12-22
"January 11, 9143",9143-01-11
"April 17, 2567",2567-04-17
"May 30, 4756",4756-05-30
"June 1, 8697",8697-06-01
"July 4, 9597",9597-07-04
"March 21, 6331",6331-03-21
"October 15, 6566",6566-10-15
"January 17, 6298",6298-01-17
"August 11, 1783",1783-08-11
"December 17, 1947",1947-12-17
"December 10, 7297",7297-12-10
"December 29, 8544",8544-12-29
"May 29, 3782",3782-05-29
"June 30, 9194",9194-06-30
"August 26, 6026",6026-08-26
"August 24, 2610",2610-08-24
"May 6, 6406",6406-05-06
"July 23, 4205",4205-07-23
"January 26, 2853",2853-01-26
"December 24, 2958",2958-12-24
"June 19, 1207",1207-06-19
"June 4, 7970",7970-06-04
"April 11, 2154",2154-04-11
"April 27, 3035",3035-04-27
"November 5, 4377",4377-11-05
"September 15, 2425",2425-09-15
"October 5, 7139",7139-10-05
"June 27, 9514",9514-06-27
"May 13, 5488",5488-05-13
"June 15, 2934",2934-06-15
"December 17, 1890",1890-12-17
"January 4, 8710",8710-01-04
"October 5, 9768",9768-10-05
"September 27, 1128",1128-09-27
"October 22, 8778",8778-10-22
"December 4, 4137",4137-12-04
"September 11, 2762",2762-09-11
"May 6, 6060",6060-05-06
"February 19, 5112",5112-02-19
"May 26, 3043",3043-05-26
"March 8, 3488",3488-03-08
"January 14, 9204",9204-01-14
"July 21, 1395",1395-07-21
"December 13, 8751",8751-12-13
"September 19, 7112",7112-09-19
"May 17, 3482",3482-05-17
"June 4, 6076",6076-06-04
"February 14, 9001",9001-02-14
"May 31, 1548",1548-05-31
"September 8, 8289",8289-09-08
"June 28, 7004",7004-06-28
"February 19, 8361",8361-02-19
"May 9, 8608",8608-05-09
"December 25, 9226",9226-12-25
"August 26, 8579",8579-08-26
"June 9, 2180",2180-06-09
"September 17, 5485",5485-09-17
"September 4, 8927",8927-09-04
"September 4, 4540",4540-09-04
"July 28, 6098",6098-07-28
"December 1, 1601",1601-12-01
"July 24, 7869",7869-07-24
"July 31, 1053",1053-07-31
"November 6, 1558",1558-11-06
"January 21, 9870",9870-01-21
"November 12, 5333",5333-11-12
"March 31, 9809",9809-03-31
"September 6, 3316",3316-09-06
"June 16, 3867",3867-06-16
"April 11, 5302",5302-04-11
"April 22, 3739",3739-04-22
"July 22, 3296",3296-07-22
"June 12, 2049",2049-06-12
"March 7, 1184",1184-03-07
"June 11, 5842",5842-06-11
"November 25, 1320",1320-11-25
"March 15, 1167",1167-03-15
"April 26, 4871",4871-04-26
"August 7, 3206",3206-08-07
"May 23, 8808",8808-05-23
"December 16, 8681",8681-12-16
"June 9, 1725",1725-06-09
"December 1, 3532",3532-12-01
"May 10, 2109",2109-05-10
"May 16, 8626",8626-05-16
"November 26, 2927",2927-11-26
"April 9, 9314",9314-04-09
"April 22, 2918",2918-04-22
"June 4, 1505",1505-06-04
"July 5, 5773",5773-07-05
"May 9, 6885",6885-05-09
"August 7, 2236",2236-08-07
"October 7, 4756",4756-10-07
"July 13, 4705",4705-07-13
"May 31, 7454",7454-05-31
"October 9, 8197",8197-10-09
"September 9, 3176",3176-09-09
"July 4, 8173",8173-07-04
"June 24, 3378",3378-06-24
"September 14, 7220",7220-09-14
"October 6, 5536",5536-10-06
"August 13, 5913",5913-08-13
"April 8, 2387",2387-04-08
"November 19, 3668",3668-11-19
"December 20, 3454",3454-12-20
"December 13, 2215",2215-12-13
"October 14, 5094",5094-10-14
"June 7, 4713",4713-06-07
"October 20, 2993",2993-10-20
"March 11, 1172",1172-03-11
"January 6, 5618",5618-01-06
"March 15, 8510",8510-03-15
"August 1, 4631",4631-08-01
"August 4, 1137",1137-08-04
"April 9, 5469",5469-04-09
"May 7, 3443",3443-05-07
"May 28, 6268",6268-05-28
"July 3, 3527",3527-07-03
"February 8, 1758",1758-02-08
"October 12, 8555",8555-10-12
"September 12, 4197",4197-09-12
"September 19, 8463",8463-09-19
"September 25, 8164",8164-09-25
"March 23, 5237",5237-03-23
"July 31, 1504",1504-07-31
"March 16, 1773",1773-03-16
"November 14, 3509",3509-11-14
"November 17, 5720",5720-11-17
"September 14, 4462",4462-09-14
"March 12, 9814",9814-03-12
"March 8, 7877",7877-03-08
"December 9, 6736",6736-12-09
"March 10, 2169",2169-03-10
"June 8, 9182",9182-06-08
"April 21, 7157",7157-04-21
"July 14, 7536",7536-07-14
"December 20, 2968",2968-12-20
"March 8, 3893",3893-03-08
"January 4, 2088",2088-01-04
"August 23, 7888",7888-08-23
"October 5, 4724",4724-10-05
"September 18, 8244",8244-09-18
"March 20, 8996",8996-03-20
"February 19, 5462",5462-02-19
"September 30, 8784",8784-09-30
"July 14, 9858",9858-07-14
"June 3, 8966",8966-06-03
"July 14, 2526",2526-07-14
"February 4, 4813",4813-02-04
"June 8, 3013",3013-06-08
"February 26, 8296",8296-02-26
"April 4, 9747",9747-04-04
"June 2, 8896",8896-06-02
"May 31, 4651",4651-05-31
"May 5, 8652",8652-05-05
"August 7, 6536",6536-08-07
"April 20, 1775",1775-04-20
"March 21, 4848",4848-03-21
"September 3, 1202",1202-09-03
"February 29, 7988",7988-02-29
"May 4, 7718",7718-05-04
"February 16, 6155",6155-02-16
"January 2, 5391",5391-01-02
"June 4, 6868",6868-06-04
"April 24, 8356",8356-04-24
"September 16, 9518",9518-09-16
"January 31, 3669",3669-01-31
"January 30, 6781",6781-01-30
"April 6, 7746",7746-04-06
"September 9, 9091",9091-09-09
"August 21, 1152",1152-08-21
"February 26, 3671",3671-02-26
"August 10, 1243",1243-08-10
"November 28, 8077",8077-11-28
"May 22, 9715",9715-05-22
"August 12, 2424",2424-08-12
"September 13, 4546",4546-09-13
"September 8, 3714",3714-09-08
"November 29, 9473",9473-11-29
"September 15, 5920",5920-09-15
"December 1, 9695",9695-12-01
"October 13, 3796",3796-10-13
"February 26, 8117",8117-02-26
"September 7, 1911",1911-09-07
"February 18, 1688",1688-02-18
"August 20, 2579",2579-08-20
"November 19, 5300",5300-11-19
"March 9, 6727",6727-03-09
"March 18, 4406",4406-03-18
"October 29, 3319",3319-10-29
"September 23, 2741",2741-09-23
"December 12, 5314",5314-12-12
"January 31, 3347",3347-01-31
"December 5, 8372",8372-12-05
"April 23, 1435",1435-04-23
"November 1, 3733",3733-11-01
"March 1, 9329",9329-03-01
"January 25, 7868",7868-01-25
"July 31, 6095",6095-07-31
"April 29, 9489",9489-04-29
"July 20, 4774",4774-07-20
"November 14, 2541",2541-11-14
"November 23, 4193",4193-11-23
"June 29, 4646",4646-06-29
"November 17, 8390",8390-11-17
"March 21, 9733",9733-03-21
"November 2, 1454",1454-11-02
"July 3, 6981",6981-07-03
"June 23, 5764",5764-06-23
"November 30, 8441",8441-11-30
"July 5, 4312",4312-07-05
"January 14, 9619",9619-01-14
"February 1, 1272",1272-02-01
"November 11, 3629",3629-11-11
"January 13, 9416",9416-01-13
"March 7, 4804",4804-03-07
"October 6, 4935",4935-10-06
"November 22, 3781",3781-11-22
"July 12, 3363",3363-07-12
"April 1, 7193",7193-04-01
"December 18, 1620",1620-12-18
"September 3, 8636",8636-09-03
"October 27, 3851",3851-10-27
"April 5, 8893",8893-04-05
"October 15, 8995",8995-10-15
"June 27, 9262",9262-06-27
"June 18, 3554",3554-06-18
"October 6, 7982",7982-10-06
"November 1, 5380",5380-11-01
"May 19, 6988",6988-05-19
"July 22, 4693",4693-07-22
"October 8, 3107",3107-10-08
"November 26, 6079",6079-11-26
"March 7, 8232",8232-03-07
"May 23, 1069",1069-05-23
"January 13, 1742",1742-01-13
"October 31, 6645",6645-10-31
"September 7, 1803",1803-09-07
"March 14, 3210",3210-03-14
"May 18, 1598",1598-05-18
"October 28, 8284",8284-10-28
"April 20, 2625",2625-04-20
"March 8, 3345",3345-03-08
"November 23, 2441",2441-11-23
"September 23, 2053",2053-09-23
"June 5, 2994",2994-06-05
"July 18, 7805",7805-07-18
"October 1, 7302",7302-10-01
"December 11, 3346",3346-12-11
"September 11, 3713",3713-09-11
"January 25, 6827",6827-01-25
"August 11, 1897",1897-08-11
"October 10, 5894",5894-10-10
"June 30, 9325",9325-06-30
"September 14, 6363",6363-09-14
"September 20, 4576",4576-09-20
"February 18, 2885",2885-02-18
"June 4, 9287",9287-06-04
"June 6, 3268",3268-06-06
"August 16, 3812",3812-08-16
"March 31, 5869",5869-03-31
"February 13, 3026",3026-02-13
"May 13, 7957",7957-05-13
"January 26, 3859",3859-01-26
"September 9, 4480",4480-09-09
"November 18, 4276",4276-11-18
"May 29, 7619",7619-05-29
"October 10, 6147",6147-10-10
"January 11, 8299",8299-01-11
"October 24, 3312",3312-10-24
"December 11, 4121",4121-12-11
"January 9, 9972",9972-01-09
"July 31, 6525",6525-07-31
"November 16, 1918",1918-11-16
"April 20, 5129",5129-04-20
"April 15, 5573",5573-04-15
"July 24, 5337",5337-07-24
"July 24, 2926",2926-07-24
"June 29, 6405",6405-06-29
"August 4, 6068",6068-08-04
"February 3, 5854",5854-02-03
"August 2, 6802",6802-08-02
"January 18, 7998",7998-01-18
"August 19, 9439",9439-08-19
"May 8, 5977",5977-05-08
"April 10, 9731",9731-04-10
"January 18, 2790",2790-01-18
"February 10, 6535",6535-02-10
"July 3, 1227",1227-07-03
"September 14, 9749",9749-09-14
"January 27, 5380",5380-01-27
"January 26, 5908",5908-01-26
"October 25, 1955",1955-10-25
"June 9, 9714",9714-06-09
"September 29, 4447",4447-09-29
"November 9, 7834",7834-11-09
"December 21, 7168",7168-12-21
"September 7, 2754",2754-09-07
"September 27, 7348",7348-09-27
"July 19, 9344",9344-07-19
"August 31, 3017",3017-08-31
"August 22, 3954",3954-08-22
"December 10, 5368",5368-12-10
"May 24, 6324",6324-05-24
"March 26, 4512",4512-03-26
"January 2, 6209",6209-01-02
"June 15, 4252",4252-06-15
"January 17, 5308",5308-01-17
"June 4, 7455",7455-06-04
"May 13, 7959",7959-05-13
"October 31, 6521",6521-10-31
"February 16, 1826",1826-02-16
"September 25, 4826",4826-09-25
"April 23, 2569",2569-04-23
"March 20, 9209",9209-03-20
"October 13, 6388",6388-10-13
"July 11, 3247",3247-07-11
"October 18, 2776",2776-10-18
"August 4, 3177",3177-08-04
"January 4, 1048",1048-01-04
"May 21, 1147",1147-05-21
"November 5, 6749",6749-11-05
"April 10, 9387",9387-04-10
"August 3, 9329",9329-08-03
"October 31, 5297",5297-10-31
"September 1, 6643",6643-09-01
"October 3, 5645",5645-10-03
"February 13, 5775",5775-02-13
"January 3, 5532",5532-01-03
"January 27, 9523",9523-01-27
"January 19, 5285",5285-01-19
"February 20, 5410",5410-02-20
"October 26, 6621",6621-10-26
"October 13, 4534",4534-10-13
"July 23, 8361",8361-07-23
"November 30, 7755",7755-11-30
"January 11, 1818",1818-01-11
"May 11, 5694",5694-05-11
"November 15, 1445",1445-11-15
"June 14, 2429",2429-06-14
"March 13, 5419",5419-03-13
"March 26, 7495",7495-03-26
"July 4, 2864",2864-07-04
"June 11, 3230",3230-06-11
"June 7, 9761",9761-06-07
"April 12, 6010",6010-04-12
"April 17, 3931",3931-04-17
"December 21, 9856",9856-12-21
"October 29, 9630",9630-10-29
"December 26, 9293",9293-12-26
"December 11, 5002",5002-12-11
"February 23, 6852",6852-02-23
"May 12, 9143",9143-05-12
"February 23, 6611",6611-02-23
"November 12, 8291",8291-11-12
"May 7, 8906",8906-05-07
"January 17, 5228",5228-01-17
"October 28, 8997",8997-10-28
"August 28, 1662",1662-08-28
"October 4, 8474",8474-10-04
"January 7, 5425",5425-01-07
"July 8, 5869",5869-07-08
"February 1, 9448",9448-02-01
"January 23, 3834",3834-01-23
"February 1, 3783",3783-02-01
"January 6, 6486",6486-01-06
"April 9, 1396",1396-04-09
"May 6, 5150",5150-05-06
"August 14, 8245",8245-08-14
"November 8, 9113",9113-11-08
"October 24, 8767",8767-10-24
"June 25, 1324",1324-06-25
"June 30, 9009",9009-06-30
"May 12, 8644",8644-05-12
"October 6, 8410",8410-10-06
"March 31, 2698",2698-03-31
"January 8, 4001",4001-01-08
"August 4, 7952",7952-08-04
"June 14, 6230",6230-06-14
"February 7, 8821",8821-02-07
"April 23, 2692",2692-04-23
"February 24, 3920",3920-02-24
"March 20, 3841",3841-03-20
"November 8, 7914",7914-11-08
"June 15, 7641",7641-06-15
"February 5, 8609",8609-02-05
"October 8, 2853",2853-10-08
"September 5, 1141",1141-09-05
"June 28, 2340",2340-06-28
"July 19, 9853",9853-07-19
"January 2, 2060",2060-01-02
"January 5, 8400",8400-01-05
"November 7, 9171",9171-11-07
"September 14, 5413",5413-09-14
"August 27, 5566",5566-08-27
"March 27, 9108",9108-03-27
"March 30, 7731",7731-03-30
"September 10, 1922",1922-09-10
"September 5, 6954",6954-09-05
"May 17, 3168",3168-05-17
"December 8, 5856",5856-12-08
"April 3, 2904",2904-04-03
"January 11, 5902",5902-01-11
"November 17, 3903",3903-11-17
"October 14, 8944",8944-10-14
"July 28, 4470",4470-07-28
"March 27, 6749",6749-03-27
"January 30, 7123",7123-01-30
"October 19, 8561",8561-10-19
"October 18, 5395",5395-10-18
"April 25, 7730",7730-04-25
"September 16, 4536",4536-09-16
"March 17, 9428",9428-03-17
"October 5, 5726",5726-10-05
"December 26, 9640",9640-12-26
"January 29, 9356",9356-01-29
"August 3, 2020",2020-08-03
"November 11, 2254",2254-11-11
"August 26, 8305",8305-08-26
"August 27, 7575",7575-08-27
"March 23, 9919",9919-03-23
"November 16, 4954",4954-11-16
"November 13, 2638",2638-11-13
"May 3, 4089",4089-05-03
"February 16, 9598",9598-02-16
"February 10, 3406",3406-02-10
"January 28, 9593",9593-01-28
"February 20, 5570",5570-02-20
"February 25, 9027",9027-02-25
"February 8, 4538",4538-02-08
"September 23, 1073",1073-09-23
"October 29, 2933",2933-10-29
"October 5, 6646",6646-10-05
"February 17, 1018",1018-02-17
"June 5, 2112",2112-06-05
"January 13, 1802",1802-01-13
"May 17, 9885",9885-05-17
"March 25, 8996",8996-03-25
"April 23, 5798",5798-04-23
"June 18, 7028",7028-06-18
"November 9, 5786",5786-11-09
"April 8, 8516",8516-04-08
"March 11, 4311",4311-03-11
"December 22, 9417",9417-12-22
"November 10, 5948",5948-11-10
"July 1, 2959",2959-07-01
"September 22, 3025",3025-09-22
"May 9, 5302",5302-05-09
"July 19, 3140",3140-07-19
"January 2, 9085",9085-01-02
"August 14, 2542",2542-08-14
"December 28, 3273",3273-12-28
"June 13, 6586",6586-06-13
"November 2, 3089",3089-11-02
"October 28, 6771",6771-10-28
"December 7, 2265",2265-12-07
"March 20, 6175",6175-03-20
"April 8, 7512",7512-04-08
"February 10, 3441",3441-02-10
"October 19, 3131",3131-10-19
"July 13, 3307",3307-07-13
"April 29, 1677",1677-04-29
"September 29, 9611",9611-09-29
"May 24, 3098",3098-05-24
"December 15, 9717",9717-12-15
"July 14, 3203",3203-07-14
"April 19, 3978",3978-04-19
"May 31, 5694",5694-05-31
"March 6, 6061",6061-03-06
"May 11, 8198",8198-05-11
"August 13, 8170",8170-08-13
"December 16, 2253",2253-12-16
"July 24, 8308",8308-07-24
"September 24, 2907",2907-09-24
"July 4, 1916",1916-07-04
"February 21, 4366",4366-02-21
"March 24, 1984",1984-03-24
"September 9, 5337",5337-09-09
"October 18, 2431",2431-10-18
"March 25, 4178",4178-03-25
"December 19, 1737",1737-12-19
"February 21, 4929",4929-02-21
"September 5, 1340",1340-09-05
"May 4, 7725",7725-05-04
"February 15, 3696",3696-02-15
"December 26, 6487",6487-12-26
"October 14, 6571",6571-10-14
"March 25, 8726",8726-03-25
"September 4, 9733",9733-09-04
"August 27, 2157",2157-08-27
"March 4, 1109",1109-03-04
"February 24, 1701",1701-02-24
"July 27, 4055",4055-07-27
"May 14, 9633",9633-05-14
"December 27, 1082",1082-12-27
"April 21, 8640",8640-04-21
"July 30, 7688",7688-07-30
"September 11, 1480",1480-09-11
"February 5, 2112",2112-02-05
"October 30, 3423",3423-10-30
"April 15, 6998",6998-04-15
"May 24, 1083",1083-05-24
"January 1, 5314",5314-01-01
"June 12, 7924",7924-06-12
"April 30, 6972",6972-04-30
"March 18, 9743",9743-03-18
"October 3, 4052",4052-10-03
"March 10, 6580",6580-03-10
"May 30, 6434",6434-05-30
"January 30, 9692",9692-01-30
"April 28, 4870",4870-04-28
"May 16, 7940",7940-05-16
"September 7, 5931",5931-09-07
"October 23, 4864",4864-10-23
"December 14, 5257",5257-12-14
"March 21, 8830",8830-03-21
"October 9, 4939",4939-10-09
"November 29, 4619",4619-11-29
"June 10, 3751",3751-06-10
"January 3, 5148",5148-01-03
"July 3, 8637",8637-07-03
"November 22, 5575",5575-11-22
"October 23, 5345",5345-10-23
"April 18, 8014",8014-04-18
"May 4, 1657",1657-05-04
"July 2, 5088",5088-07-02
"July 10, 4792",4792-07-10
"May 26, 2150",2150-05-26
"June 5, 1035",1035-06-05
"February 1, 6247",6247-02-01
"February 8, 9019",9019-02-08
"March 19, 5614",5614-03-19
"February 24, 9328",9328-02-24
"August 25, 2594",2594-08-25
"November 26, 1294",1294-11-26
"February 5, 7912",7912-02-05
"April 11, 2411",2411-04-11
"July 17, 7093",7093-07-17
"April 19, 4209",4209-04-19
"February 1, 9030",9030-02-01
"March 30, 9629",9629-03-30
"February 10, 3854",3854-02-10
"November 27, 5230",5230-11-27
"August 26, 6189",6189-08-26
"November 29, 8100",8100-11-29
"November 19, 8879",8879-11-19
"April 12, 8566",8566-04-12
"January 2, 6457",6457-01-02
"January 27, 6913",6913-01-27
"March 9, 5744",5744-03-09
"October 22, 8581",8581-10-22
"March 5, 3158",3158-03-05
"December 8, 1035",1035-12-08
"May 23, 8327",8327-05-23
"October 31, 4699",4699-10-31
"December 23, 1190",1190-12-23
"January 20, 8278",8278-01-20
"June 18, 5136",5136-06-18
"June 5, 1525",1525-06-05
"October 17, 9449",9449-10-17
"March 17, 4738",4738-03-17
"January 30, 8785",8785-01-30
"March 30, 6102",6102-03-30
"February 4, 3682",3682-02-04
"November 1, 7967",7967-11-01
"March 23, 6564",6564-03-23
"May 6, 5595",5595-05-06
"September 27, 9488",9488-09-27
"October 10, 8034",8034-10-10
"June 1, 1934",1934-06-01
"February 18, 5000",5000-02-18
"January 10, 5914",5914-01-10
"August 8, 6467",6467-08-08
"February 10, 8560",8560-02-10
"October 14, 9032",9032-10-14
"August 5, 2153",2153-08-05
"March 1, 9432",9432-03-01
"July 27, 5419",5419-07-27
"August 11, 4374",4374-08-11
"July 20, 7972",7972-07-20
"March 10, 3240",3240-03-10
"September 2, 9175",9175-09-02
"January 5, 2644",2644-01-05
"February 8, 6972",6972-02-08
"May 25, 7567",7567-05-25
"November 29, 9229",9229-11-29
"January 20, 6795",6795-01-20
"July 22, 1364",1364-07-22
"April 23, 2468",2468-04-23
"December 25, 6717",6717-12-25
"February 9, 2000",2000-02-09
"July 26, 4460",4460-07-26
"March 10, 8729",8729-03-10
"August 6, 7301",7301-08-06
"August 2, 6360",6360-08-02
"November 8, 2929",2929-11-08
"December 26, 6124",6124-12-26
"May 30, 2328",2328-05-30
"January 14, 6537",6537-01-14
"July 12, 8609",8609-07-12
"October 27, 7208",7208-10-27
"June 3, 3766",3766-06-03
"August 10, 3794",3794-08-10
"May 27, 3430",3430-05-27
"March 9, 2957",2957-03-09
"January 23, 9650",9650-01-23
"April 4, 8576",8576-04-04
"June 27, 9037",9037-06-27
"January 1, 2027",2027-01-01
"March 5, 2211",2211-03-05
"February 24, 5994",5994-02-24
"July 28, 9219",9219-07-28
"July 29, 1335",1335-07-29
"January 30, 2840",2840-01-30
"May 30, 4749",4749-05-30
"November 7, 5403",5403-11-07
"December 30, 9799",9799-12-30
"July 11, 4219",4219-07-11
"September 19, 3530",3530-09-19
"September 23, 9258",9258-09-23
"July 5, 3958",3958-07-05
"April 26, 8647",8647-04-26
"September 2, 6469",6469-09-02
"December 5, 8700",8700-12-05
"August 11, 2413",2413-08-11
"January 28, 8642",8642-01-28
"December 22, 2558",2558-12-22
"June 29, 7138",7138-06-29
"June 4, 8275",8275-06-04
"May 19, 9330",9330-05-19
"June 19, 6649",6649-06-19
"August 7, 2038",2038-08-07
"March 9, 8944",8944-03-09
"October 5, 4821",4821-10-05
"February 8, 3570",3570-02-08
"March 30, 7614",7614-03-30
"April 28, 9800",9800-04-28
"December 21, 7897",7897-12-21
"August 12, 1742",1742-08-12
"April 18, 8395",8395-04-18
"June 22, 4941",4941-06-22
"June 10, 5329",5329-06-10
"November 1, 9238",9238-11-01
"December 16, 9531",9531-12-16
"December 21, 9451",9451-12-21
"December 11, 9325",9325-12-11
"September 23, 5382",5382-09-23
"May 12, 8509",8509-05-12
"August 27, 8373",8373-08-27
"August 23, 7452",7452-08-23
"November 27, 6017",6017-11-27
"November 26, 3679",3679-11-26
"March 5, 3567",3567-03-05
"May 3, 3975",3975-05-03
"July 16, 2328",2328-07-16
"June 18, 4341",4341-06-18
"November 21, 2006",2006-11-21
"January 28, 2279",2279-01-28
"August 23, 2023",2023-08-23
"February 28, 4907",4907-02-28
"July 20, 9504",9504-07-20
"August 8, 7800",7800-08-08
"September 19, 3160",3160-09-19
"November 27, 9550",9550-11-27
"April 27, 2333",2333-04-27
"April 6, 7578",7578-04-06
"December 13, 5222",5222-12-13
"March 19, 2463",2463-03-19
"August 24, 4598",4598-08-24
"January 5, 5366",5366-01-05
"February 2, 7625",7625-02-02
"June 25, 9462",9462-06-25
"April 12, 1019",1019-04-12
"February 4, 4569",4569-02-04
"August 31, 1710",1710-08-31
"January 8, 7776",7776-01-08
"August 29, 7150",7150-08-29
"April 2, 3180",3180-04-02
"April 25, 5457",5457-04-25
"August 4, 5865",5865-08-04
"August 28, 4670",4670-08-28
"February 3, 9857",9857-02-03
"October 17, 5191",5191-10-17
"November 4, 8800",8800-11-04
"June 19, 2450",2450-06-19
"August 16, 6968",6968-08-16
"March 2, 8622",8622-03-02
"September 30, 7908",7908-09-30
"March 30, 7784",7784-03-30
"December 28, 3550",3550-12-28
"December 29, 2223",2223-12-29
"August 14, 5539",5539-08-14
"July 9, 1105",1105-07-09
"July 20, 7181",7181-07-20
"May 21, 6289",6289-05-21
"December 23, 4627",4627-12-23
"September 9, 2661",2661-09-09
"August 10, 4408",4408-08-10
"October 24, 3513",3513-10-24
"November 21, 6739",6739-11-21
"August 21, 8808",8808-08-21
"January 20, 6234",6234-01-20
"December 22, 2692",2692-12-22
"December 31, 7906",7906-12-31
"May 17, 4254",4254-05-17
"February 15, 2675",2675-02-15
"December 13, 9578",9578-12-13
"August 19, 8640",8640-08-19
"August 7, 9072",9072-08-07
"May 23, 1394",1394-05-23
"April 24, 7877",7877-04-24
"May 10, 4676",4676-05-10
"March 11, 4547",4547-03-11
"February 12, 6769",6769-02-12
"August 14, 8907",8907-08-14
"October 24, 2417",2417-10-24
"March 23, 4140",4140-03-23
"June 7, 9113",9113-06-07
"April 10, 7591",7591-04-10
"May 31, 6492",6492-05-31
"January 18, 8247",8247-01-18
"January 27, 3477",3477-01-27
"September 6, 6684",6684-09-06
"June 3, 4347",4347-06-03
"January 29, 9086",9086-01-29
"December 23, 5325",5325-12-23
"May 19, 1675",1675-05-19
"September 14, 4825",4825-09-14
"July 29, 2753",2753-07-29
"January 25, 9231",9231-01-25
"August 8, 3418",3418-08-08
"July 25, 9413",9413-07-25
"August 21, 3584",3584-08-21
"March 18, 9043",9043-03-18
"October 15, 9448",9448-10-15
"August 27, 1603",1603-08-27
"September 25, 9911",9911-09-25
"October 20, 3055",3055-10-20
"April 25, 6598",6598-04-25
"February 16, 9353",9353-02-16
"May 16, 5499",5499-05-16
"October 8, 4434",4434-10-08
"July 30, 8570",8570-07-30
"February 11, 2828",2828-02-11
"August 27, 1247",1247-08-27
"May 13, 7292",7292-05-13
"November 9, 5504",5504-11-09
"September 8, 4874",4874-09-08
"February 10, 5851",5851-02-10
"September 23, 8784",8784-09-23
"August 4, 6436",6436-08-04
"October 29, 4999",4999-10-29
"April 19, 9701",9701-04-19
"April 5, 5494",5494-04-05
"October 26, 5490",5490-10-26
"October 16, 1824",1824-10-16
"July 25, 7061",7061-07-25
"October 8, 9345",9345-10-08
"April 28, 4250",4250-04-28
"July 24, 4242",4242-07-24
"November 30, 8996",8996-11-30
"May 12, 3240",3240-05-12
"April 6, 9051",9051-04-06
"February 18, 7293",7293-02-18
"December 7, 5521",5521-12-07
"July 31, 2117",2117-07-31
"March 20, 2503",2503-03-20
"January 6, 4714",4714-01-06
"September 27, 9638",9638-09-27
"November 25, 7664",7664-11-25
"July 13, 1621",1621-07-13
"August 18, 9148",9148-08-18
"November 13, 4491",4491-11-13
"February 16, 6254",6254-02-16
"July 25, 8517",8517-07-25
"October 21, 2879",2879-10-21
"November 8, 7627",7627-11-08
"September 12, 2579",2579-09-12
"June 3, 6074",6074-06-03
"February 1, 8992",8992-02-01
"March 5, 6540",6540-03-05
"September 2, 4342",4342-09-02
"February 3, 2663",2663-02-03
"November 16, 3408",3408-11-16
"December 30, 3504",3504-12-30
"February 19, 9594",9594-02-19
"October 29, 3246",3246-10-29
"February 13, 9444",9444-02-13
"July 26, 8478",8478-07-26
"November 16, 1104",1104-11-16
"August 31, 5159",5159-08-31
"August 13, 9336",9336-08-13
"November 29, 7610",7610-11-29
"September 24, 2170",2170-09-24
"July 17, 8789",8789-07-17
"January 17, 2695",2695-01-17
"March 22, 5324",5324-03-22
"October 12, 5904",5904-10-12
"June 27, 8802",8802-06-27
"October 23, 2931",2931-10-23
"November 21, 1646",1646-11-21
"December 23, 2102",2102-12-23
"May 22, 5083",5083-05-22
"October 21, 6441",6441-10-21
"November 1, 3062",3062-11-01
"July 28, 1602",1602-07-28
"July 27, 2347",2347-07-27
"January 22, 6919",6919-01-22
"June 21, 8465",8465-06-21
"January 15, 4887",4887-01-15
"April 17, 7814",7814-04-17
"November 2, 5981",5981-11-02
"February 7, 2706",2706-02-07
"November 29, 8199",8199-11-29
"June 28, 9297",9297-06-28
"April 24, 5639",5639-04-24
"July 1, 3813",3813-07-01
"May 12, 1390",1390-05-12
"April 13, 2364",2364-04-13
"November 21, 3765",3765-11-21
"December 1, 5554",5554-12-01
"March 12, 6611",6611-03-12
"December 21, 4475",4475-12-21
"July 18, 8900",8900-07-18
"January 8, 7846",7846-01-08
"October 9, 2980",2980-10-09
"June 19, 8496",8496-06-19
"August 5, 9557",9557-08-05
"August 16, 5310",5310-08-16
"July 24, 9909",9909-07-24
"April 21, 8944",8944-04-21
"June 23, 8702",8702-06-23
"March 6, 8562",8562-03-06
"January 22, 2029",2029-01-22
"March 1, 9931",9931-03-01
"August 26, 6324",6324-08-26
"December 2, 8467",8467-12-02
"November 25, 5387",5387-11-25
"June 22, 4160",4160-06-22
"June 22, 8261",8261-06-22
"January 17, 8501",8501-01-17
"July 27, 6111",6111-07-27
"March 13, 5218",5218-03-13
"March 29, 1133",1133-03-29
"January 15, 2378",2378-01-15
"April 23, 2339",2339-04-23
"December 21, 1948",1948-12-21
"August 5, 2401",2401-08-05
"December 30, 6617",6617-12-30
"September 12, 8365",8365-09-12
"February 25, 8680",8680-02-25
"October 3, 6853",6853-10-03
"January 25, 3583",3583-01-25
"June 6, 1264",1264-06-06
"March 2, 7739",7739-03-02
"November 27, 7579",7579-11-27
"November 14, 7575",7575-11-14
"May 17, 6506",6506-05-17
"May 9, 4143",4143-05-09
"June 25, 8966",8966-06-25
"June 3, 9559",9559-06-03
"October 24, 2085",2085-10-24
"May 24, 7808",7808-05-24
"August 24, 3079",3079-08-24
"April 1, 5409",5409-04-01
"April 8, 6560",6560-04-08
"April 20, 8402",8402-04-20
"December 17, 9069",9069-12-17
"December 12, 5979",5979-12-12
"April 16, 4426",4426-04-16
"January 2, 7562",7562-01-02
"March 2, 2438",2438-03-02
"December 11, 2141",2141-12-11
"October 22, 4734",4734-10-22
"March 11, 1729",1729-03-11
"August 21, 9196",9196-08-21
"July 27, 7172",7172-07-27
"March 17, 3123",3123-03-17
"August 29, 5654",5654-08-29
"January 19, 9047",9047-01-19
"October 5, 1226",1226-10-05
"March 18, 5522",5522-03-18
"July 31, 7385",7385-07-31
"January 3, 7160",7160-01-03
"February 13, 9997",9997-02-13
"April 28, 7087",7087-04-28
"June 22, 6610",6610-06-22
"March 2, 1734",1734-03-02
"November 11, 6958",6958-11-11
"September 19, 7714",7714-09-19
"June 17, 7189",7189-06-17
"June 2, 9196",9196-06-02
"November 17, 8483",8483-11-17
"December 29, 2424",2424-12-29
"December 30, 9652",9652-12-30
"January 10, 9647",9647-01-10
"June 8, 3382",3382-06-08
"November 27, 8562",8562-11-27
"May 1, 2347",2347-05-01
"September 5, 3074",3074-09-05
"November 12, 7879",7879-11-12
"August 4, 8983",8983-08-04
"May 2, 3066",3066-05-02
"February 20, 1061",1061-02-20
"March 18, 7370",7370-03-18
"November 7, 6135",6135-11-07
"April 4, 4609",4609-04-04
"January 2, 2413",2413-01-02
"July 4, 1449",1449-07-04
"April 10, 2479",2479-04-10
"January 4, 7604",7604-01-04
"April 6, 3368",3368-04-06
"September 2, 8494",8494-09-02
"April 11, 2851",2851-04-11
"July 2, 2008",2008-07-02
"June 29, 7459",7459-06-29
"July 16, 3948",3948-07-16
"December 14, 9647",9647-12-14
"December 27, 1401",1401-12-27
"August 20, 1971",1971-08-20
"March 15, 2432",2432-03-15
"May 30, 6812",6812-05-30
"October 2, 4428",4428-10-02
"December 24, 5174",5174-12-24
"December 28, 7251",7251-12-28
"August 16, 2970",2970-08-16
"February 27, 5858",5858-02-27
"January 18, 8558",8558-01-18
"December 25, 1000",1000-12-25
"October 23, 3851",3851-10-23
"December 22, 4451",4451-12-22
"February 27, 1530",1530-02-27
"January 31, 6965",6965-01-31
"May 24, 9989",9989-05-24
"April 4, 4369",4369-04-04
"July 6, 8569",8569-07-06
"June 5, 7133",7133-06-05
"April 17, 6109",6109-04-17
"January 16, 2606",2606-01-16
"November 13, 7626",7626-11-13
"January 22, 6632",6632-01-22
"April 11, 8982",8982-04-11
"August 20, 4593",4593-08-20
"February 6, 7002",7002-02-06
"July 31, 5043",5043-07-31
"January 18, 7961",7961-01-18
"August 4, 7180",7180-08-04
"June 4, 6863",6863-06-04
"September 19, 3409",3409-09-19
"December 4, 8899",8899-12-04
"December 25, 2136",2136-12-25
"March 29, 8609",8609-03-29
"September 23, 1513",1513-09-23
"October 8, 3722",3722-10-08
"November 3, 1421",1421-11-03
"October 8, 3159",3159-10-08
"November 8, 2626",2626-11-08
"September 29, 4441",4441-09-29
"June 4, 3471",3471-06-04
"March 12, 2541",2541-03-12
"October 18, 7914",7914-10-18
"October 8, 7339",7339-10-08
"December 2, 3480",3480-12-02
"October 23, 7795",7795-10-23
"May 15, 5123",5123-05-15
"July 3, 4185",4185-07-03
"July 21, 2475",2475-07-21
"October 2, 9372",9372-10-02
"May 26, 8146",8146-05-26
"April 5, 5846",5846-04-05
"December 2, 1853",1853-12-02
"April 2, 7314",7314-04-02
"December 13, 3927",3927-12-13
"June 26, 3993",3993-06-26
"March 29, 5384",5384-03-29
"September 11, 8461",8461-09-11
"July 1, 2875",2875-07-01
"February 16, 5594",5594-02-16
"April 22, 6237",6237-04-22
"January 22, 1956",1956-01-22
"November 25, 3918",3918-11-25
"December 17, 8768",8768-12-17
"June 24, 5884",5884-06-24
"July 19, 8975",8975-07-19
"December 16, 2644",2644-12-16
"February 13, 7154",7154-02-13
"December 8, 3339",3339-12-08
"April 6, 1810",1810-04-06
"September 20, 8229",8229-09-20
"October 4, 9413",9413-10-04
"September 6, 4093",4093-09-06
"July 4, 8270",8270-07-04
"October 26, 9001",9001-10-26
"June 28, 8413",8413-06-28
"January 22, 3212",3212-01-22
"May 30, 9204",9204-05-30
"July 15, 5273",5273-07-15
"August 25, 7472",7472-08-25
"May 21, 8548",8548-05-21
"October 2, 8438",8438-10-02
"January 13, 6873",6873-01-13
"December 14, 7946",7946-12-14
"October 22, 2883",2883-10-22
"July 9, 5819",5819-07-09
"August 21, 2762",2762-08-21
"December 17, 4632",4632-12-17
"August 11, 5979",5979-08-11
"August 16, 5351",5351-08-16
"July 15, 1297",1297-07-15
"August 6, 7931",7931-08-06
"March 3, 3842",3842-03-03
"April 6, 1890",1890-04-06
"January 6, 4102",4102-01-06
"February 7, 2431",2431-02-07
"March 15, 7103",7103-03-15
"February 1, 2263",2263-02-01
"July 21, 8854",8854-07-21
"April 3, 7297",7297-04-03
"April 27, 5671",5671-04-27
"June 14, 1757",1757-06-14
"March 20, 4782",4782-03-20
"July 22, 8351",8351-07-22
"September 29, 2021",2021-09-29
"June 25, 5166",5166-06-25
"December 26, 4829",4829-12-26
"January 26, 9935",9935-01-26
"December 7, 4137",4137-12-07
"May 23, 2680",2680-05-23
"August 9, 3592",3592-08-09
"June 15, 4142",4142-06-15
"April 8, 1113",1113-04-08
"October 13, 2124",2124-10-13
"February 11, 5331",5331-02-11
"December 15, 3551",3551-12-15
"January 26, 5348",5348-01-26
"October 24, 2205",2205-10-24
"August 11, 9988",9988-08-11
"April 8, 2418",2418-04-08
"January 12, 3018",3018-01-12
"November 5, 7045",7045-11-05
"October 31, 9363",9363-10-31
"April 19, 4520",4520-04-19
"November 11, 7761",7761-11-11
"August 5, 6622",6622-08-05
"February 24, 2097",2097-02-24
"May 17, 7074",7074-05-17
"August 21, 5006",5006-08-21
"October 6, 9043",9043-10-06
"June 11, 7570",7570-06-11
"May 5, 4238",4238-05-05
"September 12, 7333",7333-09-12
"September 5, 4112",4112-09-05
"December 2, 7975",7975-12-02
"August 21, 2137",2137-08-21
"October 17, 1550",1550-10-17
"October 18, 2960",2960-10-18
"October 1, 4651",4651-10-01
"March 21, 9634",9634-03-21
"August 6, 5473",5473-08-06
"October 10, 3074",3074-10-10
"November 1, 4963",4963-11-01
"October 9, 9512",9512-10-09
"September 25, 8783",8783-09-25
"August 20, 7105",7105-08-20
"March 9, 7335",7335-03-09
"May 9, 7828",7828-05-09
"November 22, 5623",5623-11-22
"February 5, 6476",6476-02-05
"November 11, 7801",7801-11-11
"December 27, 2464",2464-12-27
"December 16, 3974",3974-12-16
"January 25, 1109",1109-01-25
"April 26, 8885",8885-04-26
"August 2, 6897",6897-08-02
"May 17, 9190",9190-05-17
"August 8, 2785",2785-08-08
"March 14, 8551",8551-03-14
"March 2, 2451",2451-03-02
"May 15, 2638",2638-05-15
"January 1, 5350",5350-01-01
"August 26, 7517",7517-08-26
"April 23, 9445",9445-04-23
"May 16, 4070",4070-05-16
"January 29, 1607",1607-01-29
"June 8, 9330",9330-06-08
"April 2, 8340",8340-04-02
"September 1, 5250",5250-09-01
"September 8, 9124",9124-09-08
"November 1, 9928",9928-11-01
"September 13, 3860",3860-09-13
"May 12, 8788",8788-05-12
"February 10, 7990",7990-02-10
"December 14, 5802",5802-12-14
"June 20, 9116",9116-06-20
"January 17, 6257",6257-01-17
"September 15, 3102",3102-09-15
"November 5, 6040",6040-11-05
"March 20, 5065",5065-03-20
"December 23, 6381",6381-12-23
"May 30, 6767",6767-05-30
"September 22, 4293",4293-09-22
"June 12, 4167",4167-06-12
"April 16, 5912",5912-04-16
"April 23, 6978",6978-04-23
"August 6, 9250",9250-08-06
"January 15, 3627",3627-01-15
"August 27, 4504",4504-08-27
"May 23, 8299",8299-05-23
"May 31, 1998",1998-05-31
"February 6, 4510",4510-02-06
"April 4, 5668",5668-04-04
"January 10, 9849",9849-01-10
"May 8, 4591",4591-05-08
"February 21, 2035",2035-02-21
"May 19, 8288",8288-05-19
"August 29, 1912",1912-08-29
"September 18, 1880",1880-09-18
"July 1, 9382",9382-07-01
"June 28, 3756",3756-06-28
"April 2, 2075",2075-04-02
"February 4, 2896",2896-02-04
"September 19, 7606",7606-09-19
"April 17, 1659",1659-04-17
"May 6, 1971",1971-05-06
"January 11, 9537",9537-01-11
"August 8, 4282",4282-08-08
"October 4, 7363",7363-10-04
"September 15, 6659",6659-09-15
"October 25, 1122",1122-10-25
"November 12, 5868",5868-11-12
"October 15, 8774",8774-10-15
"July 6, 6841",6841-07-06
"March 12, 9392",9392-03-12
"September 10, 2566",2566-09-10
"March 8, 6508",6508-03-08
"August 9, 6716",6716-08-09
"March 12, 6914",6914-03-12
"September 4, 8867",8867-09-04
"October 25, 8771",8771-10-25
"December 26, 7113",7113-12-26
"March 18, 9014",9014-03-18
"November 29, 2431",2431-11-29
"April 11, 5656",5656-04-11
"August 17, 1159",1159-08-17
"March 13, 8077",8077-03-13
"January 1, 3184",3184-01-01
"October 29, 9565",9565-10-29
"September 20, 1083",1083-09-20
"February 20, 9201",9201-02-20
"April 17, 5880",5880-04-17
"April 17, 9068",9068-04-17
"December 25, 7135",7135-12-25
"November 24, 9608",9608-11-24
"July 18, 4962",4962-07-18
"August 8, 3804",3804-08-08
"March 13, 9486",9486-03-13
"September 1, 8592",8592-09-01
"August 17, 7064",7064-08-17
"September 9, 8855",8855-09-09
"September 30, 7995",7995-09-30
"May 26, 1486",1486-05-26
"November 5, 7974",7974-11-05
"February 24, 6152",6152-02-24
"May 12, 2935",2935-05-12
"December 15, 8745",8745-12-15
"February 26, 9770",9770-02-26
"November 11, 7011",7011-11-11
"August 8, 3584",3584-08-08
"July 2, 3007",3007-07-02
"September 5, 1862",1862-09-05
"January 27, 5215",5215-01-27
"December 25, 2530",2530-12-25
"December 14, 6898",6898-12-14
"January 24, 5057",5057-01-24
"August 4, 1584",1584-08-04
"May 19, 5854",5854-05-19
"March 22, 6690",6690-03-22
"May 18, 5353",5353-05-18
"October 9, 2957",2957-10-09
"August 24, 5286",5286-08-24
"May 1, 2300",2300-05-01
"December 26, 4880",4880-12-26
"February 6, 8798",8798-02-06
"March 17, 3868",3868-03-17
"January 16, 7191",7191-01-16
"March 15, 9801",9801-03-15
"July 10, 2353",2353-07-10
"December 29, 4330",4330-12-29
"August 24, 4435",4435-08-24
"January 7, 6548",6548-01-07
"December 17, 4370",4370-12-17
"April 18, 4040",4040-04-18
"October 8, 3446",3446-10-08
"August 29, 1025",1025-08-29
"March 16, 9475",9475-03-16
"March 9, 8248",8248-03-09
"May 13, 7532",7532-05-13
"March 14, 5520",5520-03-14
"April 6, 3497",3497-04-06
"June 7, 4500",4500-06-07
"August 30, 8383",8383-08-30
"February 20, 6920",6920-02-20
"November 9, 1406",1406-11-09
"July 27, 6317",6317-07-27
"December 26, 8093",8093-12-26
"January 24, 6607",6607-01-24
"April 8, 1660",1660-04-08
"March 24, 5085",5085-03-24
"August 27, 1067",1067-08-27
"July 5, 8068",8068-07-05
"July 12, 6286",6286-07-12
"December 18, 4772",4772-12-18
"February 22, 4426",4426-02-22
"December 20, 5063",5063-12-20
"August 19, 2230",2230-08-19
"March 12, 1059",1059-03-12
"January 27, 5016",5016-01-27
"February 24, 9296",9296-02-24
"October 7, 3137",3137-10-07
"March 12, 5617",5617-03-12
"April 25, 5071",5071-04-25
"October 16, 1101",1101-10-16
"September 22, 2163",2163-09-22
"March 10, 5947",5947-03-10
"June 21, 6650",6650-06-21
"July 10, 3268",3268-07-10
"March 2, 1973",1973-03-02
"December 10, 7075",7075-12-10
"March 28, 6906",6906-03-28
"February 26, 2765",2765-02-26
"July 16, 5716",5716-07-16
"February 28, 2422",2422-02-28
"April 2, 6597",6597-04-02
"May 11, 1079",1079-05-11
"March 15, 2787",2787-03-15
"January 16, 9836",9836-01-16
"July 11, 8540",8540-07-11
"June 14, 3872",3872-06-14
"May 23, 3596",3596-05-23
"April 28, 6405",6405-04-28
"February 25, 5540",5540-02-25
"June 4, 5298",5298-06-04
"November 15, 4436",4436-11-15
"September 23, 5185",5185-09-23
"November 29, 5918",5918-11-29
"February 9, 3092",3092-02-09
"February 16, 7160",7160-02-16
"August 16, 4094",4094-08-16
"March 18, 2248",2248-03-18
"May 23, 6036",6036-05-23
"June 18, 8536",8536-06-18
"May 27, 6045",6045-05-27
"June 11, 2858",2858-06-11
"April 7, 2606",2606-04-07
"March 10, 5062",5062-03-10
"April 23, 9579",9579-04-23
"June 7, 5983",5983-06-07
"September 21, 1066",1066-09-21
"May 4, 5125",5125-05-04
"May 27, 9144",9144-05-27
"February 2, 3279",3279-02-02
"November 4, 2270",2270-11-04
"November 30, 3176",3176-11-30
"September 6, 4271",4271-09-06
"April 16, 1462",1462-04-16
"February 18, 2535",2535-02-18
"October 25, 5530",5530-10-25
"March 30, 5835",5835-03-30
"December 9, 9542",9542-12-09
"July 13, 4803",4803-07-13
"December 16, 1362",1362-12-16
"December 19, 2840",2840-12-19
"June 10, 8650",8650-06-10
"February 22, 3285",3285-02-22
"January 15, 6504",6504-01-15
"May 24, 8639",8639-05-24
"May 4, 4052",4052-05-04
"March 2, 2364",2364-03-02
"September 12, 5835",5835-09-12
"April 8, 6616",6616-04-08
"May 29, 7317",7317-05-29
"November 28, 6690",6690-11-28
"October 19, 8828",8828-10-19
"December 27, 9202",9202-12-27
"May 27, 2463",2463-05-27
"November 20, 4730",4730-11-20
"March 24, 9625",9625-03-24
"December 28, 9777",9777-12-28
"February 4, 9961",9961-02-04
"January 9, 5592",5592-01-09
"February 25, 6763",6763-02-25
"January 15, 9337",9337-01-15
"August 14, 9519",9519-08-14
"May 21, 5465",5465-05-21
"February 24, 2509",2509-02-24
"February 17, 2260",2260-02-17
"November 6, 2238",2238-11-06
"November 26, 1242",1242-11-26
"May 9, 2448",2448-05-09
"March 9, 2786",2786-03-09
"October 1, 4951",4951-10-01
"October 26, 6741",6741-10-26
"September 27, 1156",1156-09-27
"May 9, 9812",9812-05-09
"October 26, 8859",8859-10-26
"December 7, 3715",3715-12-07
"August 9, 1597",1597-08-09
"June 15, 8789",8789-06-15
"January 6, 4929",4929-01-06
"February 9, 5934",5934-02-09
"September 18, 7856",7856-09-18
"May 19, 9468",9468-05-19
"March 14, 1092",1092-03-14
"August 30, 5987",5987-08-30
"May 9, 6514",6514-05-09
"February 16, 4324",4324-02-16
"December 11, 4240",4240-12-11
"March 22, 6580",6580-03-22
"September 19, 1948",1948-09-19
"November 18, 9737",9737-11-18
"December 2, 5925",5925-12-02
"January 13, 3845",3845-01-13
"June 6, 8092",8092-06-06
"March 16, 2751",2751-03-16
"May 30, 9374",9374-05-30
"November 18, 6870",6870-11-18
"October 31, 3145",3145-10-31
"October 12, 3864",3864-10-12
"June 28, 4228",4228-06-28
"October 21, 9804",9804-10-21
"November 5, 2320",2320-11-05
"April 14, 4026",4026-04-14
"July 4, 9049",9049-07-04
"July 10, 3840",3840-07-10
"November 19, 8651",8651-11-19
"April 19, 5928",5928-04-19
"June 29, 3278",3278-06-29
"January 1, 6442",6442-01-01
"September 22, 9112",9112-09-22
"June 2, 9988",9988-06-02
"July 23, 2183",2183-07-23
"September 6, 9051",9051-09-06
"April 13, 9388",9388-04-13
"August 11, 6768",6768-08-11
"August 23, 8017",8017-08-23
"September 11, 3080",3080-09-11
"August 9, 3166",3166-08-09
"January 25, 7789",7789-01-25
"February 19, 8222",8222-02-19
"February 3, 8286",8286-02-03
"December 1, 2707",2707-12-01
"February 28, 3634",3634-02-28
"May 1, 2383",2383-05-01
"March 27, 2519",2519-03-27
"March 7, 5608",5608-03-07
"August 2, 1440",1440-08-02
"December 2, 4144",4144-12-02
"November 22, 3206",3206-11-22
"January 4, 2679",2679-01-04
"July 2, 5895",5895-07-02
"October 26, 1202",1202-10-26
"April 10, 8079",8079-04-10
"August 17, 3292",3292-08-17
"April 7, 2044",2044-04-07
"February 25, 1585",1585-02-25
"October 28, 5367",5367-10-28
"March 30, 5677",5677-03-30
"July 26, 7028",7028-07-26
"February 9, 4519",4519-02-09
"May 10, 9040",9040-05-10
"September 8, 8272",8272-09-08
"August 16, 3657",3657-08-16
"October 13, 3546",3546-10-13
"July 15, 4860",4860-07-15
"November 21, 5892",5892-11-21
"November 23, 6502",6502-11-23
"July 8, 1704",1704-07-08
"January 29, 6855",6855-01-29
"May 5, 5904",5904-05-05
"December 28, 8393",8393-12-28
"March 11, 1593",1593-03-11
"May 7, 4494",4494-05-07
"October 30, 2263",2263-10-30
"December 1, 4091",4091-12-01
"March 3, 5175",5175-03-03
"October 18, 4221",4221-10-18
"January 12, 5031",5031-01-12
"July 30, 9171",9171-07-30
"January 2, 5801",5801-01-02
"February 4, 3836",3836-02-04
"December 5, 4672",4672-12-05
"February 13, 1546",1546-02-13
"March 2, 3087",3087-03-02
"July 22, 1469",1469-07-22
"February 26, 1006",1006-02-26
"August 25, 1598",1598-08-25
"February 18, 8584",8584-02-18
"June 23, 9552",9552-06-23
"August 2, 4693",4693-08-02
"April 9, 3434",3434-04-09
"June 21, 4276",4276-06-21
"December 7, 6420",6420-12-07
"March 30, 4217",4217-03-30
"January 23, 7965",7965-01-23
"February 9, 2157",2157-02-09
"May 18, 5948",5948-05-18
"August 20, 3122",3122-08-20
"November 21, 3896",3896-11-21
"September 29, 6641",6641-09-29
"March 25, 5175",5175-03-25
"October 7, 4838",4838-10-07
"February 11, 4495",4495-02-11
"October 1, 2280",2280-10-01
"August 13, 2112",2112-08-13
"December 8, 8681",8681-12-08
"November 19, 1156",1156-11-19
"November 13, 8842",8842-11-13
"April 17, 7336",7336-04-17
"September 16, 9847",9847-09-16
"May 28, 2496",2496-05-28
"July 5, 4803",4803-07-05
"August 19, 5140",5140-08-19
"September 18, 9512",9512-09-18
"January 3, 5150",5150-01-03
"July 19, 9531",9531-07-19
"July 15, 9943",9943-07-15
"October 30, 7762",7762-10-30
"April 1, 7073",7073-04-01
"April 20, 7944",7944-04-20
"March 23, 5267",5267-03-23
"December 31, 3735",3735-12-31
"March 15, 8467",8467-03-15
"November 13, 4168",4168-11-13
"December 11, 3411",3411-12-11
"March 10, 7710",7710-03-10
"April 11, 5410",5410-04-11
"September 24, 2001",2001-09-24
"June 18, 2221",2221-06-18
"June 11, 2498",2498-06-11
"August 11, 8229",8229-08-11
"August 4, 9527",9527-08-04
"March 31, 7911",7911-03-31
"February 7, 2382",2382-02-07
"April 11, 1471",1471-04-11
"November 6, 7735",7735-11-06
"May 13, 8514",8514-05-13
"November 13, 3186",3186-11-13
"July 4, 3215",3215-07-04
"January 17, 9092",9092-01-17
"January 19, 6119",6119-01-19
"September 18, 2132",2132-09-18
"November 21, 1859",1859-11-21
"September 13, 7276",7276-09-13
"June 23, 8108",8108-06-23
"September 16, 4937",4937-09-16
"January 14, 4462",4462-01-14
"August 25, 9329",9329-08-25
"July 6, 6445",6445-07-06
"November 23, 9738",9738-11-23
"September 6, 3319",3319-09-06
"March 4, 7127",7127-03-04
"January 14, 9277",9277-01-14
"September 18, 2764",2764-09-18
"February 11, 1503",1503-02-11
"December 22, 2467",2467-12-22
"June 27, 3201",3201-06-27
"August 5, 5802",5802-08-05
"September 6, 7321",7321-09-06
"October 11, 9171",9171-10-11
"November 27, 3899",3899-11-27
"February 22, 9720",9720-02-22
"October 19, 7434",7434-10-19
"September 17, 4988",4988-09-17
"February 21, 5203",5203-02-21
"March 13, 6150",6150-03-13
"February 14, 8233",8233-02-14
"June 29, 9237",9237-06-29
"July 5, 2348",2348-07-05
"April 20, 6008",6008-04-20
"July 16, 1777",1777-07-16
"July 11, 6544",6544-07-11
"September 7, 5811",5811-09-07
"September 10, 7014",7014-09-10
"March 30, 6786",6786-03-30
"March 15, 1251",1251-03-15
"January 7, 2917",2917-01-07
"June 13, 7880",7880-06-13
"March 20, 4148",4148-03-20
"September 15, 9000",9000-09-15
"August 18, 2480",2480-08-18
"April 21, 4326",4326-04-21
"November 17, 1521",1521-11-17
"September 26, 7501",7501-09-26
"February 15, 1698",1698-02-15
"May 16, 8967",8967-05-16
"January 30, 3184",3184-01-30
"February 2, 9506",9506-02-02
"August 31, 5564",5564-08-31
"September 8, 6684",6684-09-08
"October 6, 8862",8862-10-06
"September 6, 7114",7114-09-06
"September 10, 6896",6896-09-10
"February 8, 1861",1861-02-08
"September 30, 2900",2900-09-30
"November 23, 6026",6026-11-23
"January 25, 9621",9621-01-25
"May 10, 6848",6848-05-10
"June 9, 5411",5411-06-09
"July 9, 7459",7459-07-09
"January 4, 9950",9950-01-04
"June 12, 5481",5481-06-12
"March 13, 5603",5603-03-13
"January 23, 7973",7973-01-23
"September 26, 4117",4117-09-26
"March 29, 3376",3376-03-29
"October 1, 3113",3113-10-01
"May 7, 1041",1041-05-07
"May 31, 2837",2837-05-31
"June 16, 7567",7567-06-16
"March 22, 3501",3501-03-22
"August 5, 7799",7799-08-05
"November 19, 9000",9000-11-19
"October 6, 1101",1101-10-06
"September 29, 6888",6888-09-29
"February 9, 6230",6230-02-09
"August 25, 6785",6785-08-25
"July 30, 9127",9127-07-30
"November 8, 9274",9274-11-08
"September 27, 7029",7029-09-27
"May 11, 3972",3972-05-11
"March 30, 4484",4484-03-30
"April 5, 3530",3530-04-05
"April 30, 4403",4403-04-30
"April 29, 9133",9133-04-29
"July 9, 4083",4083-07-09
"September 8, 7340",7340-09-08
"September 27, 2367",2367-09-27
"December 13, 2964",2964-12-13
"July 10, 3571",3571-07-10
"October 19, 1523",1523-10-19
"April 8, 7127",7127-04-08
"August 4, 3735",3735-08-04
"June 2, 4351",4351-06-02
"November 26, 1448",1448-11-26
"February 5, 8345",8345-02-05
"March 6, 2701",2701-03-06
"August 25, 4189",4189-08-25
"December 29, 2526",2526-12-29
"July 27, 4105",4105-07-27
"August 21, 1591",1591-08-21
"March 23, 8377",8377-03-23
"July 7, 3859",3859-07-07
"March 31, 3411",3411-03-31
"January 31, 7139",7139-01-31
"March 23, 2334",2334-03-23
"January 29, 1016",1016-01-29
"October 17, 8448",8448-10-17
"February 12, 4990",4990-02-12
"June 27, 8265",8265-06-27
"June 3, 7949",7949-06-03
"September 20, 5238",5238-09-20
"February 23, 4727",4727-02-23
"December 20, 1955",1955-12-20
"April 2, 9101",9101-04-02
"August 31, 7307",7307-08-31
"February 11, 4032",4032-02-11
"January 31, 9292",9292-01-31
"May 6, 2534",2534-05-06
"April 2, 5689",5689-04-02
"January 9, 8022",8022-01-09
"June 19, 4386",4386-06-19
"December 27, 4727",4727-12-27
"August 4, 1657",1657-08-04
"March 24, 8188",8188-03-24
"July 12, 1119",1119-07-12
"March 26, 5082",5082-03-26
"February 15, 3518",3518-02-15
"July 6, 9388",9388-07-06
"November 8, 4211",4211-11-08
"July 24, 3029",3029-07-24
"August 30, 3939",3939-08-30
"August 3, 1179",1179-08-03
"March 2, 7171",7171-03-02
"May 19, 8548",8548-05-19
"May 22, 9936",9936-05-22
"February 11, 9963",9963-02-11
"December 11, 7697",7697-12-11
"May 8, 2222",2222-05-08
"January 31, 9298",9298-01-31
"February 19, 9564",9564-02-19
"January 20, 8902",8902-01-20
"July 10, 5386",5386-07-10
"April 9, 8508",8508-04-09
"April 3, 3955",3955-04-03
"May 19, 8191",8191-05-19
"February 14, 8284",8284-02-14
"January 11, 7940",7940-01-11
"January 25, 7326",7326-01-25
"June 14, 3367",3367-06-14
"November 17, 6077",6077-11-17
"September 26, 3533",3533-09-26
"September 18, 4723",4723-09-18
"September 20, 4086",4086-09-20
"September 21, 3341",3341-09-21
"August 8, 7679",7679-08-08
"May 22, 8232",8232-05-22
"December 26, 9645",9645-12-26
"May 8, 5541",5541-05-08
"April 30, 2787",2787-04-30
"May 3, 6122",6122-05-03
"January 7, 3661",3661-01-07
"November 16, 9380",9380-11-16
"May 22, 9340",9340-05-22
"October 13, 5982",5982-10-13
"April 27, 5233",5233-04-27
"June 1, 2703",2703-06-01
"September 24, 6500",6500-09-24
"November 29, 2075",2075-11-29
"June 5, 6695",6695-06-05
"June 6, 3084",3084-06-06
"June 17, 6275",6275-06-17
"October 16, 3124",3124-10-16
"May 22, 3022",3022-05-22
"October 17, 3168",3168-10-17
"September 25, 7541",7541-09-25
"December 4, 6632",6632-12-04
"January 24, 9377",9377-01-24
"September 21, 3071",3071-09-21
"May 18, 8436",8436-05-18
"November 21, 4238",4238-11-21
"September 12, 1241",1241-09-12
"October 5, 4561",4561-10-05
"November 23, 2870",2870-11-23
"January 12, 3041",3041-01-12
"October 24, 5526",5526-10-24
"June 15, 8893",8893-06-15
"December 30, 7979",7979-12-30
"March 5, 3157",3157-03-05
"August 1, 1797",1797-08-01
"February 27, 2648",2648-02-27
"May 20, 1827",1827-05-20
"July 22, 5896",5896-07-22
"May 27, 3816",3816-05-27
"April 28, 6225",6225-04-28
"April 18, 8408",8408-04-18
"March 16, 5622",5622-03-16
"January 18, 2151",2151-01-18
"August 30, 9317",9317-08-30
"April 28, 7049",7049-04-28
"August 7, 2576",2576-08-07
"November 19, 9345",9345-11-19
"October 24, 9617",9617-10-24
"May 18, 1135",1135-05-18
"December 29, 7927",7927-12-29
"April 5, 2145",2145-04-05
"May 17, 5339",5339-05-17
"August 8, 5409",5409-08-08
"November 22, 1237",1237-11-22
"August 10, 2263",2263-08-10
"August 18, 1155",1155-08-18
"February 12, 9767",9767-02-12
"December 25, 8400",8400-12-25
"April 19, 1502",1502-04-19
"November 23, 2517",2517-11-23
"November 16, 3851",3851-11-16
"September 26, 9843",9843-09-26
"December 25, 1959",1959-12-25
"August 30, 4073",4073-08-30
"December 22, 2637",2637-12-22
"August 22, 8204",8204-08-22
"January 1, 7886",7886-01-01
"December 30, 1154",1154-12-30
"November 27, 1107",1107-11-27
"February 26, 2221",2221-02-26
"May 15, 7228",7228-05-15
"June 14, 9453",9453-06-14
"December 9, 4885",4885-12-09
"February 25, 9124",9124-02-25
"September 16, 1975",1975-09-16
"May 21, 3323",3323-05-21
"November 12, 2598",2598-11-12
"January 8, 6517",6517-01-08
"October 12, 9723",9723-10-12
"July 27, 7463",7463-07-27
"June 22, 6102",6102-06-22
"June 27, 2873",2873-06-27
"November 22, 4529",4529-11-22
"October 5, 4809",4809-10-05
"August 7, 6499",6499-08-07
"May 16, 2774",2774-05-16
"October 22, 3799",3799-10-22
"August 26, 1641",1641-08-26
"August 25, 7241",7241-08-25
"February 19, 8947",8947-02-19
"May 15, 4071",4071-05-15
"October 22, 8205",8205-10-22
"August 22, 7242",7242-08-22
"May 9, 2413",2413-05-09
"July 18, 1243",1243-07-18
"April 27, 1511",1511-04-27
"September 9, 2180",2180-09-09
"June 17, 7254",7254-06-17
"August 19, 4407",4407-08-19
"October 30, 2177",2177-10-30
"May 10, 6874",6874-05-10
"December 20, 5768",5768-12-20
"October 12, 2628",2628-10-12
"November 25, 1013",1013-11-25
"December 3, 3575",3575-12-03
"August 13, 1275",1275-08-13
"January 19, 3603",3603-01-19
"January 22, 5905",5905-01-22
"August 4, 5425",5425-08-04
"May 31, 2692",2692-05-31
"April 11, 5057",5057-04-11
"December 15, 8525",8525-12-15
"January 12, 4294",4294-01-12
"December 20, 3593",3593-12-20
"August 2, 8859",8859-08-02
"April 2, 5418",5418-04-02
"July 23, 8886",8886-07-23
"January 28, 9209",9209-01-28
"November 10, 2290",2290-11-10
"November 18, 6647",6647-11-18
"February 25, 2947",2947-02-25
"October 3, 2264",2264-10-03
"May 1, 3578",3578-05-01
"April 19, 2168",2168-04-19
"March 31, 4236",4236-03-31
"March 10, 5103",5103-03-10
"February 1, 1876",1876-02-01
"June 4, 8070",8070-06-04
"May 14, 4832",4832-05-14
"February 5, 2359",2359-02-05
"October 9, 5139",5139-10-09
"November 11, 1973",1973-11-11
"October 11, 1497",1497-10-11
"December 2, 7941",7941-12-02
"March 18, 2735",2735-03-18
"November 11, 3044",3044-11-11
"March 16, 5922",5922-03-16
"November 2, 7091",7091-11-02
"March 21, 4845",4845-03-21
"September 15, 7885",7885-09-15
"September 24, 3082",3082-09-24
"May 8, 8802",8802-05-08
"May 6, 5883",5883-05-06
"January 26, 2725",2725-01-26
"September 17, 8662",8662-09-17
"February 1, 8891",8891-02-01
"January 16, 4463",4463-01-16
"June 26, 8174",8174-06-26
"November 11, 4295",4295-11-11
"September 23, 5000",5000-09-23
"May 28, 2193",2193-05-28
"February 17, 4113",4113-02-17
"March 16, 6733",6733-03-16
"January 26, 8599",8599-01-26
"September 30, 5238",5238-09-30
"October 6, 4047",4047-10-06
"May 16, 9168",9168-05-16
"December 30, 1876",1876-12-30
"January 8, 1025",1025-01-08
"December 17, 2706",2706-12-17
"October 10, 9931",9931-10-10
"July 30, 8531",8531-07-30
"May 17, 2683",2683-05-17
"September 12, 4677",4677-09-12
"January 19, 2697",2697-01-19
"June 30, 5485",5485-06-30
"September 5, 6129",6129-09-05
"August 18, 9283",9283-08-18
"February 16, 6494",6494-02-16
"January 1, 1773",1773-01-01
"July 14, 2299",2299-07-14
"September 22, 7635",7635-09-22
"September 16, 5908",5908-09-16
"March 26, 9345",9345-03-26
"November 29, 4197",4197-11-29
"April 23, 2661",2661-04-23
"August 29, 2038",2038-08-29
"October 28, 4709",4709-10-28
"July 27, 2464",2464-07-27
"July 20, 3088",3088-07-20
"January 30, 9814",9814-01-30
"May 24, 5421",5421-05-24
"March 23, 5049",5049-03-23
"November 25, 4666",4666-11-25
"April 12, 6675",6675-04-12
"February 15, 5867",5867-02-15
"December 7, 6526",6526-12-07
"December 23, 8962",8962-12-23
"July 30, 5753",5753-07-30
"March 10, 7910",7910-03-10
"July 9, 8310",8310-07-09
"May 21, 4829",4829-05-21
"April 13, 2587",2587-04-13
"October 4, 8509",8509-10-04
"December 1, 3823",3823-12-01
"May 9, 5400",5400-05-09
"September 23, 5807",5807-09-23
"May 26, 7308",7308-05-26
"July 14, 6708",6708-07-14
"October 7, 7186",7186-10-07
"August 14, 7129",7129-08-14
"November 5, 6656",6656-11-05
"September 25, 7114",7114-09-25
"August 29, 7157",7157-08-29
"July 19, 3642",3642-07-19
"November 29, 5416",5416-11-29
"March 27, 1960",1960-03-27
"July 26, 7671",7671-07-26
"November 17, 9209",9209-11-17
"April 4, 5844",5844-04-04
"March 31, 7051",7051-03-31
"February 10, 7636",7636-02-10
"February 3, 9918",9918-02-03
"November 16, 8963",8963-11-16
"December 31, 9592",9592-12-31
"October 1, 3518",3518-10-01
"January 20, 9074",9074-01-20
"December 12, 2001",2001-12-12
"November 13, 3700",3700-11-13
"September 25, 5153",5153-09-25
"November 30, 1032",1032-11-30
"May 21, 3334",3334-05-21
"December 30, 1196",1196-12-30
"August 24, 5161",5161-08-24
"February 28, 7412",7412-02-28
"May 22, 6442",6442-05-22
"February 16, 2534",2534-02-16
"December 29, 2264",2264-12-29
"February 29, 1684",1684-02-29
"October 10, 5011",5011-10-10
"December 18, 5143",5143-12-18
"September 6, 9941",9941-09-06
"March 27, 2600",2600-03-27
"March 11, 4384",4384-03-11
"December 3, 6286",6286-12-03
"April 2, 2655",2655-04-02
"March 21, 7333",7333-03-21
"June 27, 5835",5835-06-27
"September 29, 3784",3784-09-29
"January 11, 3420",3420-01-11
"January 27, 3579",3579-01-27
"July 16, 1641",1641-07-16
"March 17, 9578",9578-03-17
"June 16, 2582",2582-06-16
"April 17, 2346",2346-04-17
"January 28, 8990",8990-01-28
"January 15, 9084",9084-01-15
"January 14, 2643",2643-01-14
"August 13, 5334",5334-08-13
"June 5, 9418",9418-06-05
"July 23, 1302",1302-07-23
"January 1, 8994",8994-01-01
"March 11, 5877",5877-03-11
"April 11, 5268",5268-04-11
"January 26, 1621",1621-01-26
"August 18, 9054",9054-08-18
"May 18, 2217",2217-05-18
"September 26, 8610",8610-09-26
"December 13, 7678",7678-12-13
"February 25, 1847",1847-02-25
"September 10, 6475",6475-09-10
"May 31, 7820",7820-05-31
"May 26, 2816",2816-05-26
"August 23, 1346",1346-08-23
"October 16, 2686",2686-10-16
"April 29, 5194",5194-04-29
"May 18, 2622",2622-05-18
"February 17, 1907",1907-02-17
"January 5, 3814",3814-01-05
"December 27, 1884",1884-12-27
"April 17, 1143",1143-04-17
"April 13, 7536",7536-04-13
"November 13, 5782",5782-11-13
"April 19, 2719",2719-04-19
"October 5, 9789",9789-10-05
"November 22, 3094",3094-11-22
"August 7, 6394",6394-08-07
"September 26, 9538",9538-09-26
"December 30, 2608",2608-12-30
"December 22, 9590",9590-12-22
"January 12, 7057",7057-01-12
"January 15, 9022",9022-01-15
"June 7, 4439",4439-06-07
"June 2, 6399",6399-06-02
"October 7, 5725",5725-10-07
"July 27, 9297",9297-07-27
"November 5, 4873",4873-11-05
"June 3, 6098",6098-06-03
"April 6, 9973",9973-04-06
"March 5, 8405",8405-03-05
"December 13, 8983",8983-12-13
"September 11, 1151",1151-09-11
"February 22, 4293",4293-02-22
"September 29, 2277",2277-09-29
"February 24, 2790",2790-02-24
"January 9, 1689",1689-01-09
"September 12, 8377",8377-09-12
"November 4, 1368",1368-11-04
"February 5, 7938",7938-02-05
"September 20, 9625",9625-09-20
"April 30, 2993",2993-04-30
"August 27, 6779",6779-08-27
"May 20, 2841",2841-05-20
"October 19, 1124",1124-10-19
"January 1, 5552",5552-01-01
"September 12, 5864",5864-09-12
"October 2, 8807",8807-10-02
"December 19, 6216",6216-12-19
"September 18, 7363",7363-09-18
"July 10, 9169",9169-07-10
"May 26, 3963",3963-05-26
"May 18, 7569",7569-05-18
"April 24, 6763",6763-04-24
"May 18, 4514",4514-05-18
"December 8, 9145",9145-12-08
"May 25, 3610",3610-05-25
"April 7, 5865",5865-04-07
"August 21, 2800",2800-08-21
"July 25, 4121",4121-07-25
"October 6, 2055",2055-10-06
"September 18, 6988",6988-09-18
"October 4, 5335",5335-10-04
"December 25, 2436",2436-12-25
"November 16, 9533",9533-11-16
"December 20, 3432",3432-12-20
"January 25, 5598",5598-01-25
"November 10, 8108",8108-11-10
"January 17, 1643",1643-01-17
"November 3, 3513",3513-11-03
"December 2, 5504",5504-12-02
"June 21, 3109",3109-06-21
"September 23, 9566",9566-09-23
"September 21, 7422",7422-09-21
"July 18, 7948",7948-07-18
"August 23, 1886",1886-08-23
"July 24, 8951",8951-07-24
"May 5, 6379",6379-05-05
"June 18, 6482",6482-06-18
"July 19, 4596",4596-07-19
"May 10, 8495",8495-05-10
"March 25, 8371",8371-03-25
"January 5, 5652",5652-01-05
"March 4, 5369",5369-03-04
"October 11, 2892",2892-10-11
"October 30, 1627",1627-10-30
"November 29, 5265",5265-11-29
"November 5, 8425",8425-11-05
"August 8, 5871",5871-08-08
"March 18, 3236",3236-03-18
"August 26, 4099",4099-08-26
"November 1, 2244",2244-11-01
"November 21, 2198",2198-11-21
"July 10, 1893",1893-07-10
"February 15, 5165",5165-02-15
"October 21, 7926",7926-10-21
"May 30, 9943",9943-05-30
"June 5, 4852",4852-06-05
"February 7, 1322",1322-02-07
"September 2, 3750",3750-09-02
"October 3, 4240",4240-10-03
"January 28, 2869",2869-01-28
"February 27, 7219",7219-02-27
"August 7, 2222",2222-08-07
"February 6, 1750",1750-02-06
"June 29, 3433",3433-06-29
"December 28, 7856",7856-12-28
"January 21, 1126",1126-01-21
"August 7, 9687",9687-08-07
"October 25, 4549",4549-10-25
"December 24, 3155",3155-12-24
"May 31, 7335",7335-05-31
"July 17, 3316",3316-07-17
"January 6, 8331",8331-01-06
"September 9, 1371",1371-09-09
"December 1, 3759",3759-12-01
"January 8, 4091",4091-01-08
"July 23, 1976",1976-07-23
"January 27, 7547",7547-01-27
"November 28, 7485",7485-11-28
"April 29, 1515",1515-04-29
"October 7, 7473",7473-10-07
"November 8, 6555",6555-11-08
"July 31, 1524",1524-07-31
"October 11, 1551",1551-10-11
"July 9, 4612",4612-07-09
"May 25, 2070",2070-05-25
"November 25, 4543",4543-11-25
"May 14, 1097",1097-05-14
"August 15, 5095",5095-08-15
"December 31, 9631",9631-12-31
"December 31, 4242",4242-12-31
"January 18, 5572",5572-01-18
"April 16, 6744",6744-04-16
"December 20, 3237",3237-12-20
"April 14, 4611",4611-04-14
"November 13, 9633",9633-11-13
"December 22, 5485",5485-12-22
"July 10, 9333",9333-07-10
"April 19, 5086",5086-04-19
"April 28, 2487",2487-04-28
"January 15, 9069",9069-01-15
"November 3, 8747",8747-11-03
"April 10, 2118",2118-04-10
"September 24, 4804",4804-09-24
"February 13, 5677",5677-02-13
"July 18, 9514",9514-07-18
"November 25, 6782",6782-11-25
"November 17, 2159",2159-11-17
"October 23, 6766",6766-10-23
"June 30, 9900",9900-06-30
"September 8, 2724",2724-09-08
"December 29, 1271",1271-12-29
"November 24, 7742",7742-11-24
"January 9, 5388",5388-01-09
"February 22, 6477",6477-02-22
"July 6, 7733",7733-07-06
"August 1, 1429",1429-08-01
"August 15, 4331",4331-08-15
"June 4, 2851",2851-06-04
"March 15, 2740",2740-03-15
"February 13, 8836",8836-02-13
"February 19, 6318",6318-02-19
"May 15, 1904",1904-05-15
"March 14, 8188",8188-03-14
"April 26, 2071",2071-04-26
"July 20, 9250",9250-07-20
"April 6, 3659",3659-04-06
"May 29, 3476",3476-05-29
"August 15, 8825",8825-08-15
"October 24, 8512",8512-10-24
"August 12, 2617",2617-08-12
"November 24, 9828",9828-11-24
"August 9, 9251",9251-08-09
"May 27, 2849",2849-05-27
"May 30, 6760",6760-05-30
"December 31, 6928",6928-12-31
"May 6, 9368",9368-05-06
"July 11, 7990",7990-07-11
"May 14, 8480",8480-05-14
"March 25, 7009",7009-03-25
"September 21, 9826",9826-09-21
"September 6, 4920",4920-09-06
"September 10, 6138",6138-09-10
"August 16, 2506",2506-08-16
"March 7, 4893",4893-03-07
"December 1, 4339",4339-12-01
"September 26, 5137",5137-09-26
"September 12, 8159",8159-09-12
"April 22, 5948",5948-04-22
"June 30, 1459",1459-06-30
"February 2, 9185",9185-02-02
"April 30, 9890",9890-04-30
"November 8, 8841",8841-11-08
"June 11, 5451",5451-06-11
"November 8, 3745",3745-11-08
"January 6, 3398",3398-01-06
"June 14, 8009",8009-06-14
"February 21, 7969",7969-02-21
"April 2, 1861",1861-04-02
"February 13, 2750",2750-02-13
"January 27, 7510",7510-01-27
"April 18, 8209",8209-04-18
"May 12, 6713",6713-05-12
"July 29, 2118",2118-07-29
"August 3, 1171",1171-08-03
"October 28, 2637",2637-10-28
"February 3, 9800",9800-02-03
"August 31, 4554",4554-08-31
"February 5, 7283",7283-02-05
"October 27, 9973",9973-10-27
"December 31, 2000",2000-12-31
"April 26, 6729",6729-04-26
"October 7, 2080",2080-10-07
"November 3, 6222",6222-11-03
"August 17, 4602",4602-08-17
"December 21, 2948",2948-12-21
"August 26, 4394",4394-08-26
"April 15, 2854",2854-04-15
"September 29, 1782",1782-09-29
"October 5, 4216",4216-10-05
"June 9, 7620",7620-06-09
"April 28, 5172",5172-04-28
"December 12, 5057",5057-12-12
"September 3, 2024",2024-09-03
"November 16, 1816",1816-11-16
"September 15, 3057",3057-09-15
"November 21, 9160",9160-11-21
"September 1, 9864",9864-09-01
"December 22, 6290",6290-12-22
"February 17, 3962",3962-02-17
"September 30, 6434",6434-09-30
"February 10, 3940",3940-02-10
"September 5, 9763",9763-09-05
"April 11, 6076",6076-04-11
"September 14, 8467",8467-09-14
"November 4, 2612",2612-11-04
"August 1, 2423",2423-08-01
"February 12, 7531",7531-02-12
"December 24, 6606",6606-12-24
"September 1, 1454",1454-09-01
"December 22, 5173",5173-12-22
"June 29, 4291",4291-06-29
"March 25, 5604",5604-03-25
"March 6, 5697",5697-03-06
"March 16, 8116",8116-03-16
"July 29, 8815",8815-07-29
"March 16, 2481",2481-03-16
"April 18, 6062",6062-04-18
"May 31, 5211",5211-05-31
"February 10, 6885",6885-02-10
"January 12, 8173",8173-01-12
"October 14, 4601",4601-10-14
"March 26, 5291",5291-03-26
"October 10, 1958",1958-10-10
"February 17, 8834",8834-02-17
"December 18, 5744",5744-12-18
"January 18, 6810",6810-01-18
"September 7, 6168",6168-09-07
"March 18, 4018",4018-03-18
"March 16, 8838",8838-03-16
"January 26, 1490",1490-01-26
"November 21, 8126",8126-11-21
"December 2, 8393",8393-12-02
"March 29, 1655",1655-03-29
"November 6, 9509",9509-11-06
"May 21, 3811",3811-05-21
"August 10, 9035",9035-08-10
"January 7, 7440",7440-01-07
"March 20, 1091",1091-03-20
"December 7, 2774",2774-12-07
"March 15, 2209",2209-03-15
"November 1, 4337",4337-11-01
"October 17, 5315",5315-10-17
"October 10, 2816",2816-10-10
"March 14, 7547",7547-03-14
"March 8, 5585",5585-03-08
"January 22, 1838",1838-01-22
"June 8, 3561",3561-06-08
"March 16, 5458",5458-03-16
"August 18, 6308",6308-08-18
"April 7, 8684",8684-04-07
"October 2, 2073",2073-10-02
"January 26, 5007",5007-01-26
"December 17, 6349",6349-12-17
"December 12, 6379",6379-12-12
"January 17, 8378",8378-01-17
"January 24, 7145",7145-01-24
"March 12, 6338",6338-03-12
"January 30, 2253",2253-01-30
"July 21, 1985",1985-07-21
"March 11, 3070",3070-03-11
"June 17, 9403",9403-06-17
"March 25, 2244",2244-03-25
"May 13, 5558",5558-05-13
"November 27, 9821",9821-11-27
"September 20, 5973",5973-09-20
"August 25, 3290",3290-08-25
"November 27, 5610",5610-11-27
"November 26, 4774",4774-11-26
"May 14, 1740",1740-05-14
"July 31, 4643",4643-07-31
"April 5, 4932",4932-04-05
"May 7, 7940",7940-05-07
"June 4, 6584",6584-06-04
"October 27, 3441",3441-10-27
"November 2, 9064",9064-11-02
"August 18, 9512",9512-08-18
"September 20, 6468",6468-09-20
"November 18, 2312",2312-11-18
"October 1, 4196",4196-10-01
"March 17, 6220",6220-03-17
"August 15, 1439",1439-08-15
"July 3, 7259",7259-07-03
"June 21, 2788",2788-06-21
"December 4, 6396",6396-12-04
"January 10, 2671",2671-01-10
"January 1, 8352",8352-01-01
"May 30, 3451",3451-05-30
"November 25, 4676",4676-11-25
"January 25, 7525",7525-01-25
"September 15, 1359",1359-09-15
"July 18, 7902",7902-07-18
"September 5, 9890",9890-09-05
"January 17, 5367",5367-01-17
"July 31, 1716",1716-07-31
"March 31, 5151",5151-03-31
"March 20, 5939",5939-03-20
"June 14, 6436",6436-06-14
"November 4, 3450",3450-11-04
"January 2, 1621",1621-01-02
"September 14, 3428",3428-09-14
"June 19, 1263",1263-06-19
"August 29, 9711",9711-08-29
"January 7, 8851",8851-01-07
"August 27, 5856",5856-08-27
"October 31, 4098",4098-10-31
"September 9, 3894",3894-09-09
"December 27, 8299",8299-12-27
"May 1, 3022",3022-05-01
"December 7, 1959",1959-12-07
"August 31, 2627",2627-08-31
"May 6, 1795",1795-05-06
"June 4, 4145",4145-06-04
"August 26, 5651",5651-08-26
"April 26, 1938",1938-04-26
"December 26, 4425",4425-12-26
"September 16, 9178",9178-09-16
"December 11, 6183",6183-12-11
"December 5, 5819",5819-12-05
"May 8, 7026",7026-05-08
"September 13, 3458",3458-09-13
"December 9, 8689",8689-12-09
"May 24, 3979",3979-05-24
"November 20, 3113",3113-11-20
"February 26, 1617",1617-02-26
"July 23, 2061",2061-07-23
"February 15, 5921",5921-02-15
"August 14, 4927",4927-08-14
"March 8, 9649",9649-03-08
"July 17, 4409",4409-07-17
"June 8, 2889",2889-06-08
"September 15, 3280",3280-09-15
"December 15, 5010",5010-12-15
"October 18, 5812",5812-10-18
"October 19, 6530",6530-10-19
"June 14, 6460",6460-06-14
"July 20, 7149",7149-07-20
"April 7, 8910",8910-04-07
"April 17, 2845",2845-04-17
"July 10, 9000",9000-07-10
"November 10, 6015",6015-11-10
"February 24, 5073",5073-02-24
"January 5, 8957",8957-01-05
"April 20, 7549",7549-04-20
"September 16, 5468",5468-09-16
"January 19, 1114",1114-01-19
"April 4, 7441",7441-04-04
"July 2, 9992",9992-07-02
"March 13, 7857",7857-03-13
"March 8, 3280",3280-03-08
"July 11, 1893",1893-07-11
"June 24, 9299",9299-06-24
"August 16, 8670",8670-08-16
"February 24, 7643",7643-02-24
"October 16, 8079",8079-10-16
"September 23, 2660",2660-09-23
"August 15, 4717",4717-08-15
"November 4, 8625",8625-11-04
"January 25, 9433",9433-01-25
"June 13, 9530",9530-06-13
"March 14, 9460",9460-03-14
"December 11, 9418",9418-12-11
"September 28, 4634",4634-09-28
"December 1, 1162",1162-12-01
"May 11, 2728",2728-05-11
"January 24, 6267",6267-01-24
"September 5, 2693",2693-09-05
"June 11, 6735",6735-06-11
"July 4, 4633",4633-07-04
"August 14, 2304",2304-08-14
"May 1, 8739",8739-05-01
"October 15, 5666",5666-10-15
"December 4, 4017",4017-12-04
"June 4, 6979",6979-06-04
"June 15, 9294",9294-06-15
"March 23, 1042",1042-03-23
"January 17, 6174",6174-01-17
"September 9, 2443",2443-09-09
"December 23, 8283",8283-12-23
"December 1, 6159",6159-12-01
"January 26, 8337",8337-01-26
"November 10, 7641",7641-11-10
"January 13, 2119",2119-01-13
"December 29, 1418",1418-12-29
"August 1, 3510",3510-08-01
"June 3, 9563",9563-06-03
"December 25, 3154",3154-12-25
"February 21, 5825",5825-02-21
"September 19, 8997",8997-09-19
"January 16, 7271",7271-01-16
"September 24, 9892",9892-09-24
"June 11, 2907",2907-06-11
"January 2, 7901",7901-01-02
"September 19, 5335",5335-09-19
"January 14, 3482",3482-01-14
"April 12, 4997",4997-04-12
"November 3, 3408",3408-11-03
"March 13, 3195",3195-03-13
"August 3, 8804",8804-08-03
"March 2, 7624",7624-03-02
"January 12, 1165",1165-01-12
"November 18, 5251",5251-11-18
"September 4, 5177",5177-09-04
"December 8, 1185",1185-12-08
"May 31, 4467",4467-05-31
"January 27, 4525",4525-01-27
"October 2, 6765",6765-10-02
"July 11, 2432",2432-07-11
"September 9, 9030",9030-09-09
"October 29, 6731",6731-10-29
"November 7, 8451",8451-11-07
"July 2, 6236",6236-07-02
"November 1, 5754",5754-11-01
"September 22, 5712",5712-09-22
"February 14, 5039",5039-02-14
"August 28, 5044",5044-08-28
"June 25, 7229",7229-06-25
"April 15, 5890",5890-04-15
"November 19, 7007",7007-11-19
"November 23, 9785",9785-11-23
"July 2, 4856",4856-07-02
"January 6, 2302",2302-01-06
"December 24, 3018",3018-12-24
"December 14, 6268",6268-12-14
"May 25, 5919",5919-05-25
"October 12, 5284",5284-10-12
"May 26, 3031",3031-05-26
"August 11, 7347",7347-08-11
"July 6, 7831",7831-07-06
"November 22, 2867",2867-11-22
"November 17, 7232",7232-11-17
"June 8, 6005",6005-06-08
"September 22, 5381",5381-09-22
"February 24, 4273",4273-02-24
"August 28, 8574",8574-08-28
"January 19, 8907",8907-01-19
"February 4, 8812",8812-02-04
"January 4, 6024",6024-01-04
"November 4, 8281",8281-11-04
"September 18, 4252",4252-09-18
"July 24, 9062",9062-07-24
"March 1, 8124",8124-03-01
"June 19, 2139",2139-06-19
"March 13, 2006",2006-03-13
"February 20, 2192",2192-02-20
"May 14, 2029",2029-05-14
"January 15, 8460",8460-01-15
"August 20, 1188",1188-08-20
"November 23, 8076",8076-11-23
"December 23, 5722",5722-12-23
"July 26, 2190",2190-07-26
"July 11, 6700",6700-07-11
"January 24, 9612",9612-01-24
"July 16, 9632",9632-07-16
"October 10, 8163",8163-10-10
"July 6, 7255",7255-07-06
"December 9, 2144",2144-12-09
"February 28, 8275",8275-02-28
"November 29, 6099",6099-11-29
"May 30, 6780",6780-05-30
"August 30, 7674",7674-08-30
"October 10, 1374",1374-10-10
"September 23, 8667",8667-09-23
"February 25, 4329",4329-02-25
"June 24, 5830",5830-06-24
"January 17, 3433",3433-01-17
"June 18, 3559",3559-06-18
"May 24, 9921",9921-05-24
"October 17, 6220",6220-10-17
"March 23, 7334",7334-03-23
"March 4, 5376",5376-03-04
"November 21, 2314",2314-11-21
"September 27, 3245",3245-09-27
"May 30, 6392",6392-05-30
"January 10, 2429",2429-01-10
"April 25, 5026",5026-04-25
"October 17, 6327",6327-10-17
"December 25, 5741",5741-12-25
"April 26, 8405",8405-04-26
"July 27, 9082",9082-07-27
"February 13, 9511",9511-02-13
"April 25, 5545",5545-04-25
"May 3, 1087",1087-05-03
"April 7, 5302",5302-04-07
"June 10, 9982",9982-06-10
"August 9, 3571",3571-08-09
"August 19, 6828",6828-08-19
"October 21, 4256",4256-10-21
"February 13, 4073",4073-02-13
"January 18, 8564",8564-01-18
"May 28, 4037",4037-05-28
"January 10, 4530",4530-01-10
"June 12, 5762",5762-06-12
"December 6, 8731",8731-12-06
"December 1, 3773",3773-12-01
"September 30, 1047",1047-09-30
"August 10, 5760",5760-08-10
"March 23, 1375",1375-03-23
"May 5, 1178",1178-05-05
"May 30, 1301",1301-05-30
"April 21, 2761",2761-04-21
"July 13, 5299",5299-07-13
"July 29, 6959",6959-07-29
"March 6, 9512",9512-03-06
"July 18, 7889",7889-07-18
"September 18, 4645",4645-09-18
"January 17, 4848",4848-01-17
"December 6, 2956",2956-12-06
"October 13, 7570",7570-10-13
"March 8, 5938",5938-03-08
"February 4, 3777",3777-02-04
"November 24, 7381",7381-11-24
"April 3, 5494",5494-04-03
"June 9, 3212",3212-06-09
"December 24, 8076",8076-12-24
"June 8, 8400",8400-06-08
"September 17, 5516",5516-09-17
"May 3, 1592",1592-05-03
"November 6, 7635",7635-11-06
"August 26, 5927",5927-08-26
"November 24, 2479",2479-11-24
"September 21, 8306",8306-09-21
"May 4, 5483",5483-05-04
"May 14, 9361",9361-05-14
"November 26, 2994",2994-11-26
"April 6, 5629",5629-04-06
"March 23, 4653",4653-03-23
"March 18, 6940",6940-03-18
"July 4, 2819",2819-07-04
"December 14, 6022",6022-12-14
"May 13, 3652",3652-05-13
"July 8, 2143",2143-07-08
"August 27, 9153",9153-08-27
"September 23, 2450",2450-09-23
"September 11, 6790",6790-09-11
"May 8, 2359",2359-05-08
"March 24, 8251",8251-03-24
"April 14, 7625",7625-04-14
"September 20, 5501",5501-09-20
"June 27, 9752",9752-06-27
"November 19, 8203",8203-11-19
"May 20, 3988",3988-05-20
"May 9, 7349",7349-05-09
"July 4, 2826",2826-07-04
"May 17, 4702",4702-05-17
"December 7, 3339",3339-12-07
"November 24, 2070",2070-11-24
"January 9, 2071",2071-01-09
"June 10, 1294",1294-06-10
"March 5, 6023",6023-03-05
"July 2, 1132",1132-07-02
"December 24, 8221",8221-12-24
"October 3, 9842",9842-10-03
"February 4, 7813",7813-02-04
"July 21, 2757",2757-07-21
"June 16, 1319",1319-06-16
"January 6, 8098",8098-01-06
"July 13, 9125",9125-07-13
"April 29, 7243",7243-04-29
"August 5, 1904",1904-08-05
"April 6, 7566",7566-04-06
"May 23, 5391",5391-05-23
"June 2, 1290",1290-06-02
"September 29, 9524",9524-09-29
"December 1, 9430",9430-12-01
"March 1, 2499",2499-03-01
"March 10, 6210",6210-03-10
"December 6, 8285",8285-12-06
"December 4, 8251",8251-12-04
"July 17, 9929",9929-07-17
"July 12, 5112",5112-07-12
"May 1, 3142",3142-05-01
"November 15, 3752",3752-11-15
"April 26, 8493",8493-04-26
"July 21, 3546",3546-07-21
"September 29, 4409",4409-09-29
"November 9, 3225",3225-11-09
"July 11, 7148",7148-07-11
"May 29, 3816",3816-05-29
"September 10, 9340",9340-09-10
"July 21, 9957",9957-07-21
"January 13, 5342",5342-01-13
"November 18, 9846",9846-11-18
"April 2, 3991",3991-04-02
"August 30, 8570",8570-08-30
"April 7, 1594",1594-04-07
"August 4, 4157",4157-08-04
"September 20, 1952",1952-09-20
"December 30, 2650",2650-12-30
"April 4, 8205",8205-04-04
"September 27, 1265",1265-09-27
"December 27, 8330",8330-12-27
"January 31, 7653",7653-01-31
"August 17, 2187",2187-08-17
"November 23, 2273",2273-11-23
"June 12, 6272",6272-06-12
"January 9, 7843",7843-01-09
"November 10, 2408",2408-11-10
"August 18, 2229",2229-08-18
"October 13, 2628",2628-10-13
"September 12, 4243",4243-09-12
"August 24, 4008",4008-08-24
"April 5, 3074",3074-04-05
"June 1, 2065",2065-06-01
"August 14, 1888",1888-08-14
"September 20, 6675",6675-09-20
"February 24, 5150",5150-02-24
"April 10, 3388",3388-04-10
"October 19, 5487",5487-10-19
"January 28, 2156",2156-01-28
"November 18, 6638",6638-11-18
"February 23, 1252",1252-02-23
"April 16, 5751",5751-04-16
"December 1, 1844",1844-12-01
"December 23, 6586",6586-12-23
"February 5, 8185",8185-02-05
"May 6, 1876",1876-05-06
"December 17, 3414",3414-12-17
"February 7, 8893",8893-02-07
"January 20, 5822",5822-01-20
"April 11, 5309",5309-04-11
"February 2, 4601",4601-02-02
"June 19, 8275",8275-06-19
"September 18, 6177",6177-09-18
"January 19, 2850",2850-01-19
"October 29, 3064",3064-10-29
"October 15, 4430",4430-10-15
"June 13, 1116",1116-06-13
"November 10, 3051",3051-11-10
"May 10, 8575",8575-05-10
"August 2, 7514",7514-08-02
"August 11, 8248",8248-08-11
"August 4, 7966",7966-08-04
"March 1, 1361",1361-03-01
"December 18, 2345",2345-12-18
"September 14, 4936",4936-09-14
"May 1, 4982",4982-05-01
"January 17, 6557",6557-01-17
"December 30, 8050",8050-12-30
"February 1, 7890",7890-02-01
"August 6, 7275",7275-08-06
"August 2, 1057",1057-08-02
"November 14, 2818",2818-11-14
"July 24, 6991",6991-07-24
"May 12, 9517",9517-05-12
"August 5, 3922",3922-08-05
"May 2, 2396",2396-05-02
"July 24, 3214",3214-07-24
"May 5, 7960",7960-05-05
"May 27, 1339",1339-05-27
"September 10, 7154",7154-09-10
"July 24, 1264",1264-07-24
"June 15, 6948",6948-06-15
"September 4, 6876",6876-09-04
"August 1, 9738",9738-08-01
"June 26, 2749",2749-06-26
"December 25, 3483",3483-12-25
"April 7, 5190",5190-04-07
"March 10, 2318",2318-03-10
"June 17, 3491",3491-06-17
"September 27, 1338",1338-09-27
"May 5, 4761",4761-05-05
"March 24, 2591",2591-03-24
"August 27, 3523",3523-08-27
"March 24, 1958",1958-03-24
"February 17, 9357",9357-02-17
"February 1, 8942",8942-02-01
"August 7, 2453",2453-08-07
"November 27, 4072",4072-11-27
"September 6, 4142",4142-09-06
"March 22, 6530",6530-03-22
"December 19, 3287",3287-12-19
"February 23, 2056",2056-02-23
"August 27, 5002",5002-08-27
"May 12, 9131",9131-05-12
"March 7, 7333",7333-03-07
"June 13, 8486",8486-06-13
"November 14, 4379",4379-11-14
"May 9, 6363",6363-05-09
"July 12, 9557",9557-07-12
"August 6, 6693",6693-08-06
"July 27, 6007",6007-07-27
"February 24, 6887",6887-02-24
"October 12, 5592",5592-10-12
"December 17, 3216",3216-12-17
"December 22, 3871",3871-12-22
"March 14, 2986",2986-03-14
"May 2, 3272",3272-05-02
"November 25, 8889",8889-11-25
"April 20, 9238",9238-04-20
"November 6, 4227",4227-11-06
"January 24, 5511",5511-01-24
"August 8, 2181",2181-08-08
"May 24, 7702",7702-05-24
"August 9, 9801",9801-08-09
"July 13, 7747",7747-07-13
"February 14, 4578",4578-02-14
"April 19, 2902",2902-04-19
"September 11, 3363",3363-09-11
"November 11, 9291",9291-11-11
"January 27, 6602",6602-01-27
"October 27, 5977",5977-10-27
"July 4, 6123",6123-07-04
"January 14, 5866",5866-01-14
"January 9, 7848",7848-01-09
"March 4, 9579",9579-03-04
"October 20, 4119",4119-10-20
"May 21, 4660",4660-05-21
"April 8, 8153",8153-04-08
"March 3, 2235",2235-03-03
"December 13, 7973",7973-12-13
"October 1, 5398",5398-10-01
"January 25, 5930",5930-01-25
"July 7, 3293",3293-07-07
"November 4, 7512",7512-11-04
"September 29, 5052",5052-09-29
"June 1, 5294",5294-06-01
"August 31, 8265",8265-08-31
"January 4, 1738",1738-01-04
"October 10, 6160",6160-10-10
"August 16, 2920",2920-08-16
"September 8, 1387",1387-09-08
"March 22, 6872",6872-03-22
"February 1, 3906",3906-02-01
"May 20, 7739",7739-05-20
"January 30, 5706",5706-01-30
"February 20, 4370",4370-02-20
"October 2, 7934",7934-10-02
"January 21, 8408",8408-01-21
"January 14, 7092",7092-01-14
"February 21, 5045",5045-02-21
"January 1, 5574",5574-01-01
"October 27, 1343",1343-10-27
"August 6, 2316",2316-08-06
"December 14, 3065",3065-12-14
"July 19, 4705",4705-07-19
"November 30, 5930",5930-11-30
"December 23, 3134",3134-12-23
"March 15, 5108",5108-03-15
"February 20, 3817",3817-02-20
"March 5, 1834",1834-03-05
"February 3, 3471",3471-02-03
"March 19, 8544",8544-03-19
"January 2, 5268",5268-01-02
"June 30, 5271",5271-06-30
"July 31, 2665",2665-07-31
"August 25, 9951",9951-08-25
"January 22, 4611",4611-01-22
"June 27, 2404",2404-06-27
"August 16, 1110",1110-08-16
"July 22, 4658",4658-07-22
"February 1, 8904",8904-02-01
"March 9, 1125",1125-03-09
"June 27, 9231",9231-06-27
"August 11, 4776",4776-08-11
"November 18, 3454",3454-11-18
"March 17, 6344",6344-03-17
"August 7, 7516",7516-08-07
"September 7, 4692",4692-09-07
"August 25, 3671",3671-08-25
"August 31, 7449",7449-08-31
"August 14, 1760",1760-08-14
"December 24, 5427",5427-12-24
"December 1, 4256",4256-12-01
"November 12, 7910",7910-11-12
"July 16, 3436",3436-07-16
"November 17, 7054",7054-11-17
"April 7, 3497",3497-04-07
"November 23, 2181",2181-11-23
"November 1, 7441",7441-11-01
"December 31, 4192",4192-12-31
"April 26, 9225",9225-04-26
"December 9, 7980",7980-12-09
"June 20, 8709",8709-06-20
"April 3, 1859",1859-04-03
"January 2, 7591",7591-01-02
"July 8, 8421",8421-07-08
"March 21, 5843",5843-03-21
"May 4, 8833",8833-05-04
"December 3, 9683",9683-12-03
"September 25, 5997",5997-09-25
"April 20, 4649",4649-04-20
"February 25, 4676",4676-02-25
"June 26, 3275",3275-06-26
"September 8, 3263",3263-09-08
"April 11, 1570",1570-04-11
"February 25, 6672",6672-02-25
"April 26, 6726",6726-04-26
"May 5, 1537",1537-05-05
"April 13, 4151",4151-04-13
"April 30, 5837",5837-04-30
"July 11, 2369",2369-07-11
"January 12, 2425",2425-01-12
"August 11, 6199",6199-08-11
"April 21, 2965",2965-04-21
"August 8, 7906",7906-08-08
"September 15, 4753",4753-09-15
"October 12, 7788",7788-10-12
"August 2, 5396",5396-08-02
"December 24, 3714",3714-12-24
"April 25, 7619",7619-04-25
"March 29, 1244",1244-03-29
"April 3, 4273",4273-04-03
"October 28, 1204",1204-10-28
"August 15, 8391",8391-08-15
"March 7, 9995",9995-03-07
"October 17, 7611",7611-10-17
"May 13, 1053",1053-05-13
"October 24, 6302",6302-10-24
"July 19, 4265",4265-07-19
"January 8, 2505",2505-01-08
"September 21, 5625",5625-09-21
"December 27, 1424",1424-12-27
"February 17, 7126",7126-02-17
"October 6, 7057",7057-10-06
"March 30, 1449",1449-03-30
"June 15, 4874",4874-06-15
"May 10, 8404",8404-05-10
"November 12, 1186",1186-11-12
"August 1, 1797",1797-08-01
"January 28, 6396",6396-01-28
"April 26, 2092",2092-04-26
"August 9, 5766",5766-08-09
"July 26, 9305",9305-07-26
"July 19, 4456",4456-07-19
"March 31, 4154",4154-03-31
"June 26, 4642",4642-06-26
"February 10, 9655",9655-02-10
"April 25, 4971",4971-04-25
"May 26, 5597",5597-05-26
"January 7, 1916",1916-01-07
"January 22, 7390",7390-01-22
"May 13, 9895",9895-05-13
"May 17, 4596",4596-05-17
"October 28, 6670",6670-10-28
"August 27, 8031",8031-08-27
"July 26, 1540",1540-07-26
"October 28, 5516",5516-10-28
"March 20, 4427",4427-03-20
"November 4, 8997",8997-11-04
"March 30, 6220",6220-03-30
"April 15, 6665",6665-04-15
"February 11, 8362",8362-02-11
"April 5, 2394",2394-04-05
"October 16, 5293",5293-10-16
"August 10, 8096",8096-08-10
"November 13, 2179",2179-11-13
"May 2, 1336",1336-05-02
"June 30, 3572",3572-06-30
"April 24, 1549",1549-04-24
"May 22, 1119",1119-05-22
"March 4, 2593",2593-03-04
"May 5, 2207",2207-05-05
"August 4, 4707",4707-08-04
"February 13, 8896",8896-02-13
"January 17, 9317",9317-01-17
"March 18, 6003",6003-03-18
"March 21, 3599",3599-03-21
"May 31, 2954",2954-05-31
"October 1, 2010",2010-10-01
"March 16, 3195",3195-03-16
"May 18, 9315",9315-05-18
"January 26, 5236",5236-01-26
"February 11, 7173",7173-02-11
"September 29, 1056",1056-09-29
"July 2, 8903",8903-07-02
"October 15, 1602",1602-10-15
"February 26, 3982",3982-02-26
"September 2, 1494",1494-09-02
"June 4, 2272",2272-06-04
"April 3, 1551",1551-04-03
"May 8, 4494",4494-05-08
"October 3, 1861",1861-10-03
"July 16, 4028",4028-07-16
"November 20, 4781",4781-11-20
"October 29, 8899",8899-10-29
"August 4, 8036",8036-08-04
"September 6, 5358",5358-09-06
"July 26, 4099",4099-07-26
"March 14, 9023",9023-03-14
"February 7, 2956",2956-02-07
"January 8, 2582",2582-01-08
"February 25, 7700",7700-02-25
"June 6, 6290",6290-06-06
"November 26, 2376",2376-11-26
"April 2, 2450",2450-04-02
"February 4, 4667",4667-02-04
"August 5, 2699",2699-08-05
"July 24, 9647",9647-07-24
"December 6, 7707",7707-12-06
"February 9, 5746",5746-02-09
"December 16, 8313",8313-12-16
"August 25, 6130",6130-08-25
"October 3, 8673",8673-10-03
"April 15, 2405",2405-04-15
"September 25, 6991",6991-09-25
"August 18, 7058",7058-08-18
"January 29, 3762",3762-01-29
"March 16, 7636",7636-03-16
"April 29, 6488",6488-04-29
"October 4, 8593",8593-10-04
"March 1, 6628",6628-03-01
"August 19, 4221",4221-08-19
"September 15, 4696",4696-09-15
"September 29, 9872",9872-09-29
"December 19, 9392",9392-12-19
"March 20, 6543",6543-03-20
"May 8, 3593",3593-05-08
"March 10, 2054",2054-03-10
"July 7, 4029",4029-07-07
"October 8, 9798",9798-10-08
"November 3, 4401",4401-11-03
"March 25, 9169",9169-03-25
"October 12, 1950",1950-10-12
"October 29, 5053",5053-10-29
"October 10, 7413",7413-10-10
"May 10, 3783",3783-05-10
"March 22, 8573",8573-03-22
"June 10, 8431",8431-06-10
"July 16, 9443",9443-07-16
"May 17, 3364",3364-05-17
"September 16, 8980",8980-09-16
"November 30, 1895",1895-11-30
"December 6, 1862",1862-12-06
"November 11, 6679",6679-11-11
"January 30, 1692",1692-01-30
"December 27, 3439",3439-12-27
"October 5, 1150",1150-10-05
"October 2, 8699",8699-10-02
"January 6, 3482",3482-01-06
"January 23, 6376",6376-01-23
"November 19, 5421",5421-11-19
"December 21, 3157",3157-12-21
"December 7, 6599",6599-12-07
"June 9, 2200",2200-06-09
"August 7, 4909",4909-08-07
"March 9, 3396",3396-03-09
"May 4, 7781",7781-05-04
"December 13, 9745",9745-12-13
"April 9, 7059",7059-04-09
"September 29, 6901",6901-09-29
"June 30, 4598",4598-06-30
"February 24, 9733",9733-02-24
"November 18, 4580",4580-11-18
"April 14, 9136",9136-04-14
"October 25, 6213",6213-10-25
"February 2, 8525",8525-02-02
"June 19, 2768",2768-06-19
"August 13, 6793",6793-08-13
"May 14, 2213",2213-05-14
"July 25, 2493",2493-07-25
"June 11, 3512",3512-06-11
"December 12, 5175",5175-12-12
"October 21, 5427",5427-10-21
"July 21, 6195",6195-07-21
"May 1, 8125",8125-05-01
"June 3, 6896",6896-06-03
"May 31, 3331",3331-05-31
"June 18, 9957",9957-06-18
"October 20, 5595",5595-10-20
"May 22, 3158",3158-05-22
"March 24, 1788",1788-03-24
"August 3, 4190",4190-08-03
"August 25, 5858",5858-08-25
"July 26, 2885",2885-07-26
"October 24, 8880",8880-10-24
"February 26, 4527",4527-02-26
"October 29, 7628",7628-10-29
"October 12, 8445",8445-10-12
"January 25, 2172",2172-01-25
"June 2, 2691",2691-06-02
"June 2, 6293",6293-06-02
"September 27, 2230",2230-09-27
"August 5, 9555",9555-08-05
"June 26, 2265",2265-06-26
"July 12, 3762",3762-07-12
"June 28, 1190",1190-06-28
"March 9, 6292",6292-03-09
"October 12, 3147",3147-10-12
"May 1, 4063",4063-05-01
"April 10, 1328",1328-04-10
"December 17, 6468",6468-12-17
"November 3, 8600",8600-11-03
"June 25, 7096",7096-06-25
"December 14, 6197",6197-12-14
"September 26, 5041",5041-09-26
"October 20, 4049",4049-10-20
"October 25, 2358",2358-10-25
"June 26, 7319",7319-06-26
"May 23, 1965",1965-05-23
"February 6, 5070",5070-02-06
"November 17, 5954",5954-11-17
"April 15, 3435",3435-04-15
"August 31, 2729",2729-08-31
"March 3, 5558",5558-03-03
"December 18, 6766",6766-12-18
"September 13, 5947",5947-09-13
"November 1, 6832",6832-11-01
"July 14, 4832",4832-07-14
"June 8, 1610",1610-06-08
"March 8, 6068",6068-03-08
"April 22, 4130",4130-04-22
"June 2, 5246",5246-06-02
"March 31, 2123",2123-03-31
"March 29, 1564",1564-03-29
"July 9, 8448",8448-07-09
"September 27, 5392",5392-09-27
"January 10, 9406",9406-01-10
"November 4, 5852",5852-11-04
"January 14, 3227",3227-01-14
"April 2, 4376",4376-04-02
"July 27, 3175",3175-07-27
"May 12, 5624",5624-05-12
"July 11, 3028",3028-07-11
"October 31, 7821",7821-10-31
"August 16, 4168",4168-08-16
"April 18, 7081",7081-04-18
"September 14, 7975",7975-09-14
"July 1, 6668",6668-07-01
"August 13, 6955",6955-08-13
"November 24, 5978",5978-11-24
"November 1, 2253",2253-11-01
"March 9, 8822",8822-03-09
"September 15, 1572",1572-09-15
"May 17, 8422",8422-05-17
"October 12, 3858",3858-10-12
"August 20, 2275",2275-08-20
"July 28, 3521",3521-07-28
"October 11, 2322",2322-10-11
"March 19, 1610",1610-03-19
"October 30, 1409",1409-10-30
"September 22, 7605",7605-09-22
"September 8, 4056",4056-09-08
"November 28, 3741",3741-11-28
"March 1, 1756",1756-03-01
"October 19, 7110",7110-10-19
"March 18, 2160",2160-03-18
"April 9, 4163",4163-04-09
"August 21, 3600",3600-08-21
"May 18, 8122",8122-05-18
"December 6, 9032",9032-12-06
"March 28, 9220",9220-03-28
"October 21, 5645",5645-10-21
"July 10, 5500",5500-07-10
"September 30, 5511",5511-09-30
"May 4, 2163",2163-05-04
"February 11, 3525",3525-02-11
"February 8, 9428",9428-02-08
"January 12, 8943",8943-01-12
"September 3, 4080",4080-09-03
"May 12, 6686",6686-05-12
"March 29, 3362",3362-03-29
"January 13, 2964",2964-01-13
"October 13, 3337",3337-10-13
"January 31, 4992",4992-01-31
"November 27, 8313",8313-11-27
"March 14, 4307",4307-03-14
"October 1, 9105",9105-10-01
"November 1, 7847",7847-11-01
"January 14, 4307",4307-01-14
"August 16, 9427",9427-08-16
"September 6, 1035",1035-09-06
"March 30, 2082",2082-03-30
"May 17, 3125",3125-05-17
"January 7, 6779",6779-01-07
"December 11, 9043",9043-12-11
"March 2, 8144",8144-03-02
"November 28, 6474",6474-11-28
"June 8, 9487",9487-06-08
"March 24, 4506",4506-03-24
"December 28, 8899",8899-12-28
"March 19, 3740",3740-03-19
"November 20, 2954",2954-11-20
"August 19, 4618",4618-08-19
"June 3, 8825",8825-06-03
"August 3, 1797",1797-08-03
"September 10, 2913",2913-09-10
"May 24, 3151",3151-05-24
"May 6, 4814",4814-05-06
"July 13, 6227",6227-07-13
"October 6, 2628",2628-10-06
"March 30, 1146",1146-03-30
"June 13, 8648",8648-06-13
"February 17, 6450",6450-02-17
"February 6, 5914",5914-02-06
"February 24, 4836",4836-02-24
"March 3, 1239",1239-03-03
"July 8, 3038",3038-07-08
"September 30, 4029",4029-09-30
"December 23, 1883",1883-12-23
"July 17, 2960",2960-07-17
"September 15, 8799",8799-09-15
"July 17, 9730",9730-07-17
"October 13, 1111",1111-10-13
"April 30, 7821",7821-04-30
"November 19, 5043",5043-11-19
"April 13, 6441",6441-04-13
"October 8, 7696",7696-10-08
"July 24, 1011",1011-07-24
"July 15, 6607",6607-07-15
"April 25, 3842",3842-04-25
"October 16, 6426",6426-10-16
"February 24, 2256",2256-02-24
"October 17, 1518",1518-10-17
"September 17, 1199",1199-09-17
"April 11, 7514",7514-04-11
"May 22, 8809",8809-05-22
"October 24, 4337",4337-10-24
"July 26, 3621",3621-07-26
"December 28, 7031",7031-12-28
"December 10, 6777",6777-12-10
"April 6, 2921",2921-04-06
"January 15, 9670",9670-01-15
"April 21, 2683",2683-04-21
"October 1, 9902",9902-10-01
"June 5, 2078",2078-06-05
"April 10, 2148",2148-04-10
"December 7, 4497",4497-12-07
"January 30, 9454",9454-01-30
"October 15, 4854",4854-10-15
"September 2, 6197",6197-09-02
"July 28, 6634",6634-07-28
"May 2, 9438",9438-05-02
"March 27, 5028",5028-03-27
"October 12, 7266",7266-10-12
"March 11, 3955",3955-03-11
"May 1, 8618",8618-05-01
"September 13, 6586",6586-09-13
"July 10, 3911",3911-07-10
"May 12, 5183",5183-05-12
"February 13, 6268",6268-02-13
"September 25, 1155",1155-09-25
"June 5, 5049",5049-06-05
"February 8, 4458",4458-02-08
"March 4, 9155",9155-03-04
"July 12, 4832",4832-07-12
"July 28, 6946",6946-07-28
"May 12, 9894",9894-05-12
"May 25, 8624",8624-05-25
"April 16, 7841",7841-04-16
"February 22, 6562",6562-02-22
"November 27, 2294",2294-11-27
"November 9, 4099",4099-11-09
"April 13, 8875",8875-04-13
"July 18, 6963",6963-07-18
"July 19, 9362",9362-07-19
"March 23, 8347",8347-03-23
"January 9, 1238",1238-01-09
"June 7, 2698",2698-06-07
"December 12, 5711",5711-12-12
"May 1, 3529",3529-05-01
"December 1, 8571",8571-12-01
"June 18, 2626",2626-06-18
"November 19, 5101",5101-11-19
"November 30, 6716",6716-11-30
"November 24, 1354",1354-11-24
"March 24, 3806",3806-03-24
"October 2, 7632",7632-10-02
"July 3, 9509",9509-07-03
"May 15, 8990",8990-05-15
"March 25, 5946",5946-03-25
"June 11, 5127",5127-06-11
"February 26, 3369",3369-02-26
"January 2, 9548",9548-01-02
"March 10, 2025",2025-03-10
"January 3, 3226",3226-01-03
"April 5, 5338",5338-04-05
"December 22, 8334",8334-12-22
"June 13, 2239",2239-06-13
"August 21, 4145",4145-08-21
"December 25, 8198",8198-12-25
"February 4, 8795",8795-02-04
"August 11, 7257",7257-08-11
"March 28, 6159",6159-03-28
"October 18, 7050",7050-10-18
"January 31, 3009",3009-01-31
"September 16, 4046",4046-09-16
"February 19, 8798",8798-02-19
"January 2, 5006",5006-01-02
"April 29, 4803",4803-04-29
"May 24, 5490",5490-05-24
"July 19, 7765",7765-07-19
"January 18, 5792",5792-01-18
"April 25, 4172",4172-04-25
"February 24, 4552",4552-02-24
"June 18, 3188",3188-06-18
"December 23, 1471",1471-12-23
"December 12, 7654",7654-12-12
"May 16, 6972",6972-05-16
"August 12, 9059",9059-08-12
"January 12, 4942",4942-01-12
"March 11, 8032",8032-03-11
"January 15, 2412",2412-01-15
"September 7, 5977",5977-09-07
"May 13, 6225",6225-05-13
"May 3, 7507",7507-05-03
"October 15, 4984",4984-10-15
"December 23, 4311",4311-12-23
"May 21, 2265",2265-05-21
"September 19, 1095",1095-09-19
"June 27, 6729",6729-06-27
"April 28, 8872",8872-04-28
"August 6, 2689",2689-08-06
"January 5, 6355",6355-01-05
"June 17, 8819",8819-06-17
"February 27, 2725",2725-02-27
"January 26, 7008",7008-01-26
"September 29, 4327",4327-09-29
"June 4, 8163",8163-06-04
"June 23, 7409",7409-06-23
"October 19, 8628",8628-10-19
"April 25, 2867",2867-04-25
"December 12, 4486",4486-12-12
"July 5, 6590",6590-07-05
"April 8, 4310",4310-04-08
"January 12, 1742",1742-01-12
"July 12, 4384",4384-07-12
"January 22, 1179",1179-01-22
"December 8, 6211",6211-12-08
"April 16, 1470",1470-04-16
"September 6, 3495",3495-09-06
"January 23, 4250",4250-01-23
"August 10, 7810",7810-08-10
"June 28, 2417",2417-06-28
"November 7, 1610",1610-11-07
"March 19, 6608",6608-03-19
"December 9, 4511",4511-12-09
"June 16, 1058",1058-06-16
"August 30, 5941",5941-08-30
"March 2, 5045",5045-03-02
"February 4, 8582",8582-02-04
"May 16, 1007",1007-05-16
"January 21, 1573",1573-01-21
"May 14, 3887",3887-05-14
"July 5, 2581",2581-07-05
"October 9, 5021",5021-10-09
"November 29, 4252",4252-11-29
"September 12, 6764",6764-09-12
"May 7, 8640",8640-05-07
"August 2, 9829",9829-08-02
"June 6, 7439",7439-06-06
"May 21, 2780",2780-05-21
"August 19, 1987",1987-08-19
"January 30, 9190",9190-01-30
"April 4, 4108",4108-04-04
"January 27, 2638",2638-01-27
"February 6, 9418",9418-02-06
"February 21, 3259",3259-02-21
"July 4, 5961",5961-07-04
"June 30, 7720",7720-06-30
"December 8, 1926",1926-12-08
"June 18, 4339",4339-06-18
"April 13, 3513",3513-04-13
"January 17, 1369",1369-01-17
"October 16, 6433",6433-10-16
"June 17, 5072",5072-06-17
"April 20, 3856",3856-04-20
"August 21, 8791",8791-08-21
"July 30, 8315",8315-07-30
"June 11, 5435",5435-06-11
"July 21, 5852",5852-07-21
"April 8, 5583",5583-04-08
"December 27, 2126",2126-12-27
"March 21, 4000",4000-03-21
"April 23, 4468",4468-04-23
"March 1, 7856",7856-03-01
"May 15, 4568",4568-05-15
"February 18, 2990",2990-02-18
"September 12, 7475",7475-09-12
"September 29, 6004",6004-09-29
"June 29, 8796",8796-06-29
"March 28, 4703",4703-03-28
"June 14, 7639",7639-06-14
"March 31, 2598",2598-03-31
"December 30, 8846",8846-12-30
"July 8, 9815",9815-07-08
"January 21, 3291",3291-01-21
"February 20, 3871",3871-02-20
"March 22, 2558",2558-03-22
"October 8, 5780",5780-10-08
"March 7, 7365",7365-03-07
"March 31, 3291",3291-03-31
"April 13, 4457",4457-04-13
"June 17, 4502",4502-06-17
"December 22, 1982",1982-12-22
"June 21, 4414",4414-06-21
"May 14, 7507",7507-05-14
"May 17, 8215",8215-05-17
"September 20, 6295",6295-09-20
"February 9, 7268",7268-02-09
"October 11, 3105",3105-10-11
"June 13, 5317",5317-06-13
"November 5, 9984",9984-11-05
"February 9, 6017",6017-02-09
"November 30, 2102",2102-11-30
"September 28, 2591",2591-09-28
"December 11, 7046",7046-12-11
"August 16, 6074",6074-08-16
"February 28, 8971",8971-02-28
"May 12, 4597",4597-05-12
"August 14, 6785",6785-08-14
"February 25, 8868",8868-02-25
"March 17, 9183",9183-03-17
"January 27, 5106",5106-01-27
"September 7, 6378",6378-09-07
"June 5, 5067",5067-06-05
"March 11, 5911",5911-03-11
"September 17, 6357",6357-09-17
"December 4, 5828",5828-12-04
"April 3, 5711",5711-04-03
"March 17, 6297",6297-03-17
"October 14, 1317",1317-10-14
"April 19, 7418",7418-04-19
"June 4, 1303",1303-06-04
"April 16, 9805",9805-04-16
"September 1, 5833",5833-09-01
"June 27, 2015",2015-06-27
"December 18, 9679",9679-12-18
"June 7, 2614",2614-06-07
"October 25, 8064",8064-10-25
"July 12, 4472",4472-07-12
"June 13, 3786",3786-06-13
"March 13, 7664",7664-03-13
"December 26, 6881",6881-12-26
"August 30, 5284",5284-08-30
"July 29, 2461",2461-07-29
"January 22, 8130",8130-01-22
"September 12, 7238",7238-09-12
"November 3, 7494",7494-11-03
"August 22, 4368",4368-08-22
"October 15, 1614",1614-10-15
"December 23, 9673",9673-12-23
"February 24, 5509",5509-02-24
"March 14, 2446",2446-03-14
"March 26, 5627",5627-03-26
"December 7, 8694",8694-12-07
"May 12, 1068",1068-05-12
"September 16, 6314",6314-09-16
"December 12, 9761",9761-12-12
"August 10, 6948",6948-08-10
"December 30, 6284",6284-12-30
"February 3, 1624",1624-02-03
"March 11, 1972",1972-03-11
"January 27, 1628",1628-01-27
"August 2, 4102",4102-08-02
"December 21, 8462",8462-12-21
"April 23, 2229",2229-04-23
"August 5, 4829",4829-08-05
"March 3, 7825",7825-03-03
"June 30, 2118",2118-06-30
"November 15, 4336",4336-11-15
"May 2, 7493",7493-05-02
"December 28, 6528",6528-12-28
"July 3, 8930",8930-07-03
"August 10, 4804",4804-08-10
"December 12, 1698",1698-12-12
"August 8, 2394",2394-08-08
"April 23, 9503",9503-04-23
"July 10, 7713",7713-07-10
"September 13, 8744",8744-09-13
"January 26, 6866",6866-01-26
"July 25, 9490",9490-07-25
"March 12, 9233",9233-03-12
"November 12, 1608",1608-11-12
"August 4, 9056",9056-08-04
"November 18, 3354",3354-11-18
"July 30, 6928",6928-07-30
"May 21, 2655",2655-05-21
"May 11, 7454",7454-05-11
"September 30, 9502",9502-09-30
"November 21, 6687",6687-11-21
"May 25, 2566",2566-05-25
"February 2, 3567",3567-02-02
"April 5, 8759",8759-04-05
"September 14, 8345",8345-09-14
"May 20, 2777",2777-05-20
"May 1, 4455",4455-05-01
"June 18, 8214",8214-06-18
"February 24, 4570",4570-02-24
"May 8, 9258",9258-05-08
"January 29, 1074",1074-01-29
"January 14, 6569",6569-01-14
"December 1, 8161",8161-12-01
"February 20, 8898",8898-02-20
"October 5, 3304",3304-10-05
"April 10, 2317",2317-04-10
"January 13, 1771",1771-01-13
"May 30, 1000",1000-05-30
"April 1, 2757",2757-04-01
"September 13, 7933",7933-09-13
"November 30, 2389",2389-11-30
"June 10, 6969",6969-06-10
"May 6, 2112",2112-05-06
"October 27, 3838",3838-10-27
"January 11, 3346",3346-01-11
"October 13, 2189",2189-10-13
"April 10, 6440",6440-04-10
"February 22, 1283",1283-02-22
"June 18, 6808",6808-06-18
"August 10, 6096",6096-08-10
"October 22, 5486",5486-10-22
"February 6, 1639",1639-02-06
"November 2, 2398",2398-11-02
"March 17, 4444",4444-03-17
"October 12, 5645",5645-10-12
"November 6, 6554",6554-11-06
"June 29, 3113",3113-06-29
"October 26, 3697",3697-10-26
"April 24, 7278",7278-04-24
"November 9, 3988",3988-11-09
"September 12, 8036",8036-09-12
"January 9, 8824",8824-01-09
"October 19, 6042",6042-10-19
"January 18, 8558",8558-01-18
"March 18, 8087",8087-03-18
"September 28, 2414",2414-09-28
"December 25, 5964",5964-12-25
"June 9, 2679",2679-06-09
"November 5, 8305",8305-11-05
"September 16, 1248",1248-09-16
"April 7, 3122",3122-04-07
"January 26, 2627",2627-01-26
"September 7, 9550",9550-09-07
"January 29, 8550",8550-01-29
"November 25, 3763",3763-11-25
"February 13, 2961",2961-02-13
"January 15, 6874",6874-01-15
"December 29, 9516",9516-12-29
"April 8, 9034",9034-04-08
"November 15, 7277",7277-11-15
"October 3, 3300",3300-10-03
"January 8, 6468",6468-01-08
"June 29, 6517",6517-06-29
"August 31, 4330",4330-08-31
"December 4, 4323",4323-12-04
"September 20, 8665",8665-09-20
"August 2, 2148",2148-08-02
"February 19, 7761",7761-02-19
"January 4, 6661",6661-01-04
"May 21, 5218",5218-05-21
"August 10, 8667",8667-08-10
"January 29, 4160",4160-01-29
"April 7, 5492",5492-04-07
"August 14, 5430",5430-08-14
"July 30, 9011",9011-07-30
"August 9, 2232",2232-08-09
"December 25, 6327",6327-12-25
"June 24, 5787",5787-06-24
"August 14, 5878",5878-08-14
"June 28, 2701",2701-06-28
"March 16, 1321",1321-03-16
"September 17, 4254",4254-09-17
"December 16, 6248",6248-12-16
"June 28, 2379",2379-06-28
"February 28, 7479",7479-02-28
"January 22, 5472",5472-01-22
"July 19, 1126",1126-07-19
"September 4, 7666",7666-09-04
"October 18, 4476",4476-10-18
"May 27, 1391",1391-05-27
"March 8, 8408",8408-03-08
"March 13, 8469",8469-03-13
"December 7, 8546",8546-12-07
"June 4, 8118",8118-06-04
"March 25, 6104",6104-03-25
"July 26, 1489",1489-07-26
"July 19, 5073",5073-07-19
"September 16, 2599",2599-09-16
"April 7, 6373",6373-04-07
"May 28, 9303",9303-05-28
"July 8, 6263",6263-07-08
"November 10, 4179",4179-11-10
"September 25, 1104",1104-09-25
"January 9, 2818",2818-01-09
"March 28, 5108",5108-03-28
"February 20, 6749",6749-02-20
"August 15, 6778",6778-08-15
"July 8, 3420",3420-07-08
"November 17, 5005",5005-11-17
"January 5, 9110",9110-01-05
"July 16, 7029",7029-07-16
"October 12, 5485",5485-10-12
"August 12, 6891",6891-08-12
"October 11, 1720",1720-10-11
"November 9, 3003",3003-11-09
"April 28, 8532",8532-04-28
"August 27, 2738",2738-08-27
"September 15, 5040",5040-09-15
"June 27, 8532",8532-06-27
"February 13, 9259",9259-02-13
"December 21, 7466",7466-12-21
"April 14, 4896",4896-04-14
"July 6, 6276",6276-07-06
"November 17, 9212",9212-11-17
"February 28, 2608",2608-02-28
"May 8, 4196",4196-05-08
"June 29, 9757",9757-06-29
"April 26, 8561",8561-04-26
"September 24, 4478",4478-09-24
"September 23, 5523",5523-09-23
"April 19, 1783",1783-04-19
"June 21, 8408",8408-06-21
"February 20, 6555",6555-02-20
"November 4, 5323",5323-11-04
"June 3, 6417",6417-06-03
"April 3, 7957",7957-04-03
"May 19, 8567",8567-05-19
"May 9, 3071",3071-05-09
"January 4, 7615",7615-01-04
"February 23, 9136",9136-02-23
"December 19, 6821",6821-12-19
"May 16, 9904",9904-05-16
"August 12, 8566",8566-08-12
"November 18, 7033",7033-11-18
"November 7, 3976",3976-11-07
"March 26, 2486",2486-03-26
"November 28, 9012",9012-11-28
"July 28, 4721",4721-07-28
"February 24, 7762",7762-02-24
"October 26, 7668",7668-10-26
"May 23, 4997",4997-05-23
"February 5, 7712",7712-02-05
"November 4, 8090",8090-11-04
"October 13, 5636",5636-10-13
"December 13, 1775",1775-12-13
"December 14, 1515",1515-12-14
"January 7, 1339",1339-01-07
"February 1, 9416",9416-02-01
"December 16, 2827",2827-12-16
"October 20, 3660",3660-10-20
"August 19, 2108",2108-08-19
"August 8, 8639",8639-08-08
"October 18, 2219",2219-10-18
"April 23, 6735",6735-04-23
"January 28, 8801",8801-01-28
"December 10, 6470",6470-12-10
"October 12, 4716",4716-10-12
"July 4, 9726",9726-07-04
"November 8, 3658",3658-11-08
"May 28, 9862",9862-05-28
"June 9, 9413",9413-06-09
"March 22, 3717",3717-03-22
"September 28, 2210",2210-09-28
"February 15, 2998",2998-02-15
"December 11, 9361",9361-12-11
"September 1, 5410",5410-09-01
"June 23, 9679",9679-06-23
"October 7, 5823",5823-10-07
"March 14, 1739",1739-03-14
"February 22, 1711",1711-02-22
"November 12, 8026",8026-11-12
"June 17, 3876",3876-06-17
"July 29, 2314",2314-07-29
"September 12, 1429",1429-09-12
"December 19, 9611",9611-12-19
"December 11, 1836",1836-12-11
"May 5, 6070",6070-05-05
"January 15, 9766",9766-01-15
"July 27, 5298",5298-07-27
"March 13, 7965",7965-03-13
"July 16, 8249",8249-07-16
"April 20, 1338",1338-04-20
"December 2, 2998",2998-12-02
"January 26, 4688",4688-01-26
"May 3, 2236",2236-05-03
"November 25, 9023",9023-11-25
"December 30, 6161",6161-12-30
"July 18, 5336",5336-07-18
"October 23, 2529",2529-10-23
"August 11, 8319",8319-08-11
"January 24, 7589",7589-01-24
"April 7, 7390",7390-04-07
"September 2, 3293",3293-09-02
"July 20, 3247",3247-07-20
"July 22, 3899",3899-07-22
"August 22, 6639",6639-08-22
"April 2, 6024",6024-04-02
"August 23, 8795",8795-08-23
"May 4, 4285",4285-05-04
"July 8, 3589",3589-07-08
"June 3, 3310",3310-06-03
"August 12, 9522",9522-08-12
"May 16, 2861",2861-05-16
"August 12, 5984",5984-08-12
"June 6, 7069",7069-06-06
"April 2, 3208",3208-04-02
"October 20, 1987",1987-10-20
"September 13, 7684",7684-09-13
"May 25, 1278",1278-05-25
"July 10, 8224",8224-07-10
"August 12, 8678",8678-08-12
"October 17, 2104",2104-10-17
"May 16, 3337",3337-05-16
"September 15, 1381",1381-09-15
"March 3, 2614",2614-03-03
"February 18, 1060",1060-02-18
"January 23, 5129",5129-01-23
"September 29, 9892",9892-09-29
"August 17, 5685",5685-08-17
"January 31, 7526",7526-01-31
"September 21, 7276",7276-09-21
"June 3, 1826",1826-06-03
"August 6, 4912",4912-08-06
"December 19, 3127",3127-12-19
"December 22, 8835",8835-12-22
"October 10, 9382",9382-10-10
"April 30, 9363",9363-04-30
"February 24, 8375",8375-02-24
"February 14, 7065",7065-02-14
"November 20, 6697",6697-11-20
"June 17, 3183",3183-06-17
"July 24, 3382",3382-07-24
"November 29, 7549",7549-11-29
"March 1, 6440",6440-03-01
"July 29, 6751",6751-07-29
"June 14, 5043",5043-06-14
"September 27, 5093",5093-09-27
"May 17, 8102",8102-05-17
"November 13, 7415",7415-11-13
"April 15, 2583",2583-04-15
"March 7, 1771",1771-03-07
"November 28, 6039",6039-11-28
"May 20, 5909",5909-05-20
"August 31, 8182",8182-08-31
"March 14, 5319",5319-03-14
"October 26, 1813",1813-10-26
"December 6, 7535",7535-12-06
"May 16, 1897",1897-05-16
"August 17, 2460",2460-08-17
"August 20, 9984",9984-08-20
"November 12, 6939",6939-11-12
"September 21, 4424",4424-09-21
"November 5, 2158",2158-11-05
"March 27, 2354",2354-03-27
"January 8, 6727",6727-01-08
"October 26, 3647",3647-10-26
"March 2, 1591",1591-03-02
"April 12, 7907",7907-04-12
"May 1, 7207",7207-05-01
"February 27, 4800",4800-02-27
"November 14, 1258",1258-11-14
"July 29, 3572",3572-07-29
"January 22, 4329",4329-01-22
"October 9, 3886",3886-10-09
"July 5, 5483",5483-07-05
"February 14, 9076",9076-02-14
"January 18, 5110",5110-01-18
"May 5, 1780",1780-05-05
"November 2, 2812",2812-11-02
"January 28, 4308",4308-01-28
"September 17, 1858",1858-09-17
"February 12, 7137",7137-02-12
"March 2, 7607",7607-03-02
"February 16, 3772",3772-02-16
"October 2, 6945",6945-10-02
"May 1, 8019",8019-05-01
"May 8, 6742",6742-05-08
"August 20, 4585",4585-08-20
"June 26, 5584",5584-06-26
"April 12, 8104",8104-04-12
"July 11, 1650",1650-07-11
"May 20, 7269",7269-05-20
"January 11, 9010",9010-01-11
"March 29, 2273",2273-03-29
"May 2, 7692",7692-05-02
"July 15, 6408",6408-07-15
"October 19, 4020",4020-10-19
"June 19, 8501",8501-06-19
"April 3, 1344",1344-04-03
"August 19, 1370",1370-08-19
"December 24, 4881",4881-12-24
"April 6, 5839",5839-04-06
"November 10, 3995",3995-11-10
"August 6, 3302",3302-08-06
"September 28, 4841",4841-09-28
"December 6, 9781",9781-12-06
"January 12, 1682",1682-01-12
"July 15, 2599",2599-07-15
"May 3, 3345",3345-05-03
"July 16, 7282",7282-07-16
"July 7, 9427",9427-07-07
"February 8, 4785",4785-02-08
"January 20, 9697",9697-01-20
"July 1, 8617",8617-07-01
"October 4, 1715",1715-10-04
"September 27, 3705",3705-09-27
"October 19, 6667",6667-10-19
"April 17, 1837",1837-04-17
"February 9, 7475",7475-02-09
"January 9, 8005",8005-01-09
"January 9, 9074",9074-01-09
"July 24, 9791",9791-07-24
"February 1, 1406",1406-02-01
"July 23, 4971",4971-07-23
"August 13, 1812",1812-08-13
"December 10, 5779",5779-12-10
"November 23, 7868",7868-11-23
"September 18, 9489",9489-09-18
"December 9, 8032",8032-12-09
"July 4, 1925",1925-07-04
"May 10, 7332",7332-05-10
"January 10, 6498",6498-01-10
"September 20, 2486",2486-09-20
"June 1, 4106",4106-06-01
"June 10, 9306",9306-06-10
"May 4, 1479",1479-05-04
"December 31, 2194",2194-12-31
"October 26, 1408",1408-10-26
"September 23, 6702",6702-09-23
"February 17, 6829",6829-02-17
"August 18, 3586",3586-08-18
"March 20, 8468",8468-03-20
"March 24, 5022",5022-03-24
"May 12, 5955",5955-05-12
"June 27, 6484",6484-06-27
"May 3, 4484",4484-05-03
"December 5, 9974",9974-12-05
"June 15, 3615",3615-06-15
"March 31, 1246",1246-03-31
"September 11, 1635",1635-09-11
"August 21, 1302",1302-08-21
"November 17, 9883",9883-11-17
"February 24, 9978",9978-02-24
"October 15, 3252",3252-10-15
"May 21, 7134",7134-05-21
"August 20, 7983",7983-08-20
"October 1, 5356",5356-10-01
"February 24, 8831",8831-02-24
"February 21, 8850",8850-02-21
"January 11, 9474",9474-01-11
"October 18, 1207",1207-10-18
"August 26, 7344",7344-08-26
"February 3, 6537",6537-02-03
"October 5, 1598",1598-10-05
"August 5, 5445",5445-08-05
"October 16, 9792",9792-10-16
"December 10, 5331",5331-12-10
"March 4, 8986",8986-03-04
"March 6, 2438",2438-03-06
"September 22, 5934",5934-09-22
"November 22, 9053",9053-11-22
"August 5, 5901",5901-08-05
"October 6, 7310",7310-10-06
"February 7, 2582",2582-02-07
"April 26, 2327",2327-04-26
"April 13, 6029",6029-04-13
"December 25, 2354",2354-12-25
"December 3, 8069",8069-12-03
"August 16, 5222",5222-08-16
"October 24, 5039",5039-10-24
"October 2, 3223",3223-10-02
"April 28, 4940",4940-04-28
"November 18, 6012",6012-11-18
"February 27, 1665",1665-02-27
"January 21, 3735",3735-01-21
"July 31, 3664",3664-07-31
"May 21, 2056",2056-05-21
"June 16, 7759",7759-06-16
"May 30, 1115",1115-05-30
"March 24, 3608",3608-03-24
"June 27, 5743",5743-06-27
"September 22, 9583",9583-09-22
"March 19, 9642",9642-03-19
"September 19, 7157",7157-09-19
"April 3, 7523",7523-04-03
"September 20, 1525",1525-09-20
"February 3, 1171",1171-02-03
"March 19, 9266",9266-03-19
"January 5, 3870",3870-01-05
"March 25, 1653",1653-03-25
"October 12, 1879",1879-10-12
"August 7, 1650",1650-08-07
"February 26, 2455",2455-02-26
"March 16, 6036",6036-03-16
"November 12, 3073",3073-11-12
"March 23, 4245",4245-03-23
"January 22, 1502",1502-01-22
"April 21, 4607",4607-04-21
"June 13, 5015",5015-06-13
"November 30, 7917",7917-11-30
"March 2, 8524",8524-03-02
"October 23, 3804",3804-10-23
"December 15, 4357",4357-12-15
"August 11, 2489",2489-08-11
"June 29, 7960",7960-06-29
"May 25, 5568",5568-05-25
"March 22, 6497",6497-03-22
"June 6, 8551",8551-06-06
"April 28, 2405",2405-04-28
"January 12, 8540",8540-01-12
"December 26, 1881",1881-12-26
"February 4, 1877",1877-02-04
"March 10, 3873",3873-03-10
"January 9, 7243",7243-01-09
"January 11, 3364",3364-01-11
"July 30, 6683",6683-07-30
"November 17, 9098",9098-11-17
"December 20, 9442",9442-12-20
"March 4, 5099",5099-03-04
"September 11, 3529",3529-09-11
"June 18, 6093",6093-06-18
"May 10, 9189",9189-05-10
"April 22, 4476",4476-04-22
"September 22, 5213",5213-09-22
"August 13, 9959",9959-08-13
"February 18, 7332",7332-02-18
"January 24, 4361",4361-01-24
"March 13, 8506",8506-03-13
"May 14, 3804",3804-05-14
"January 28, 7050",7050-01-28
"April 9, 4072",4072-04-09
"August 27, 4661",4661-08-27
"December 10, 9012",9012-12-10
"June 13, 7217",7217-06-13
"May 17, 6781",6781-05-17
"August 21, 2198",2198-08-21
"February 2, 1620",1620-02-02
"August 17, 4980",4980-08-17
"November 10, 5717",5717-11-10
"September 17, 9101",9101-09-17
"May 3, 8141",8141-05-03
"June 3, 6583",6583-06-03
"December 6, 4212",4212-12-06
"November 5, 1900",1900-11-05
"July 19, 3337",3337-07-19
"October 7, 2574",2574-10-07
"November 27, 6982",6982-11-27
"May 21, 3647",3647-05-21
"October 21, 4501",4501-10-21
"October 18, 9519",9519-10-18
"January 17, 7350",7350-01-17
"May 25, 3420",3420-05-25
"August 4, 2409",2409-08-04
"May 19, 5276",5276-05-19
"August 6, 9324",9324-08-06
"March 25, 2630",2630-03-25
"November 22, 1411",1411-11-22
"November 9, 3699",3699-11-09
"June 29, 9019",9019-06-29
"December 23, 6055",6055-12-23
"April 18, 8463",8463-04-18
"September 8, 9775",9775-09-08
"November 3, 6210",6210-11-03
"November 16, 2311",2311-11-16
"June 25, 1244",1244-06-25
"April 6, 6729",6729-04-06
"August 23, 1387",1387-08-23
"January 3, 4104",4104-01-03
"January 26, 4192",4192-01-26
"February 15, 7755",7755-02-15
"September 27, 5411",5411-09-27
"October 28, 4449",4449-10-28
"April 16, 1970",1970-04-16
"October 20, 1685",1685-10-20
"December 28, 4204",4204-12-28
"February 9, 8002",8002-02-09
"December 23, 5408",5408-12-23
"June 29, 6688",6688-06-29
"June 13, 1216",1216-06-13
"June 30, 5393",5393-06-30
"April 29, 5417",5417-04-29
"December 13, 6098",6098-12-13
"January 20, 1510",1510-01-20
"June 25, 3577",3577-06-25
"July 11, 3362",3362-07-11
"January 17, 5356",5356-01-17
"November 21, 3117",3117-11-21
"May 1, 8578",8578-05-01
"June 1, 5950",5950-06-01
"December 8, 7114",7114-12-08
"February 17, 1600",1600-02-17
"October 22, 8583",8583-10-22
"March 15, 4504",4504-03-15
"July 5, 1359",1359-07-05
"December 10, 7218",7218-12-10
"December 15, 9761",9761-12-15
"January 19, 4994",4994-01-19
"June 25, 1298",1298-06-25
"July 12, 7990",7990-07-12
"February 19, 9664",9664-02-19
"December 31, 4860",4860-12-31
"October 29, 4014",4014-10-29
"October 26, 9650",9650-10-26
"May 5, 7786",7786-05-05
"September 16, 3486",3486-09-16
"December 29, 9695",9695-12-29
"January 8, 1314",1314-01-08
"April 11, 4915",4915-04-11
"August 26, 9334",9334-08-26
"June 1, 8137",8137-06-01
"October 5, 5984",5984-10-05
"October 24, 5909",5909-10-24
"March 23, 9987",9987-03-23
"February 25, 9374",9374-02-25
"March 20, 9445",9445-03-20
"April 12, 9640",9640-04-12
"December 5, 1655",1655-12-05
"February 16, 2254",2254-02-16
"October 25, 7353",7353-10-25
"November 29, 5456",5456-11-29
"February 4, 9283",9283-02-04
"July 17, 8785",8785-07-17
"August 9, 4300",4300-08-09
"December 29, 7140",7140-12-29
"September 8, 6322",6322-09-08
"February 27, 5867",5867-02-27
"July 20, 7575",7575-07-20
"April 1, 9259",9259-04-01
"March 5, 7526",7526-03-05
"January 16, 9831",9831-01-16
"December 30, 6958",6958-12-30
"November 24, 3986",3986-11-24
"August 25, 2866",2866-08-25
"August 7, 5378",5378-08-07
"September 1, 6366",6366-09-01
"July 29, 9562",9562-07-29
"September 16, 3735",3735-09-16
"May 18, 2514",2514-05-18
"May 12, 1174",1174-05-12
"June 15, 4223",4223-06-15
"September 13, 8838",8838-09-13
"January 8, 4151",4151-01-08
"April 10, 1982",1982-04-10
"February 17, 3870",3870-02-17
"October 6, 9857",9857-10-06
"May 11, 7233",7233-05-11
"February 20, 4397",4397-02-20
"February 3, 4876",4876-02-03
"February 4, 7558",7558-02-04
"June 14, 5531",5531-06-14
"May 5, 1443",1443-05-05
"September 15, 8068",8068-09-15
"August 11, 4149",4149-08-11
"July 26, 5153",5153-07-26
"March 11, 4086",4086-03-11
"May 5, 8570",8570-05-05
"October 18, 3876",3876-10-18
"January 30, 9985",9985-01-30
"February 26, 8499",8499-02-26
"May 5, 9860",9860-05-05
"January 11, 7982",7982-01-11
"September 13, 1141",1141-09-13
"June 27, 2427",2427-06-27
"April 7, 4524",4524-04-07
"October 5, 7527",7527-10-05
"February 7, 8588",8588-02-07
"February 13, 4686",4686-02-13
"August 13, 4037",4037-08-13
"February 3, 3053",3053-02-03
"July 11, 6096",6096-07-11
"October 1, 6313",6313-10-01
"April 14, 1198",1198-04-14
"October 1, 6051",6051-10-01
"November 14, 1101",1101-11-14
"May 31, 6356",6356-05-31
"December 9, 1424",1424-12-09
"June 13, 5119",5119-06-13
"July 10, 6514",6514-07-10
"August 7, 8323",8323-08-07
"November 16, 7391",7391-11-16
"August 15, 3501",3501-08-15
"April 30, 5692",5692-04-30
"October 6, 1672",1672-10-06
"July 25, 7655",7655-07-25
"June 27, 1913",1913-06-27
"August 6, 4174",4174-08-06
"October 11, 8008",8008-10-11
"August 13, 7332",7332-08-13
"February 28, 4606",4606-02-28
"June 14, 1735",1735-06-14
"November 2, 6057",6057-11-02
"October 19, 3064",3064-10-19
"November 8, 3962",3962-11-08
"March 7, 9796",9796-03-07
"February 19, 4171",4171-02-19
"June 20, 3980",3980-06-20
"July 29, 6683",6683-07-29
"December 21, 2460",2460-12-21
"August 5, 3611",3611-08-05
"July 24, 8238",8238-07-24
"November 3, 3003",3003-11-03
"December 18, 2686",2686-12-18
"April 16, 8096",8096-04-16
"December 31, 8532",8532-12-31
"May 10, 1569",1569-05-10
"December 3, 3671",3671-12-03
"April 6, 2314",2314-04-06
"March 8, 8517",8517-03-08
"February 21, 1442",1442-02-21
"December 3, 3115",3115-12-03
"November 11, 8859",8859-11-11
"December 20, 6818",6818-12-20
"May 3, 6056",6056-05-03
"March 29, 7659",7659-03-29
"February 24, 4644",4644-02-24
"October 20, 1481",1481-10-20
"February 14, 7355",7355-02-14
"November 10, 9237",9237-11-10
"September 19, 3617",3617-09-19
"May 8, 1698",1698-05-08
"August 12, 9205",9205-08-12
"November 20, 3974",3974-11-20
"May 26, 3956",3956-05-26
"February 4, 1185",1185-02-04
"May 6, 8790",8790-05-06
"July 25, 5057",5057-07-25
"March 22, 7206",7206-03-22
"November 25, 9248",9248-11-25
"September 13, 1513",1513-09-13
"October 25, 7896",7896-10-25
"March 2, 3695",3695-03-02
"February 29, 5016",5016-02-29
"August 4, 2253",2253-08-04
"September 28, 1889",1889-09-28
"June 24, 6821",6821-06-24
"July 28, 6096",6096-07-28
"September 30, 2299",2299-09-30
"July 14, 6868",6868-07-14
"May 29, 1889",1889-05-29
"May 16, 3721",3721-05-16
"February 20, 3343",3343-02-20
"March 28, 4741",4741-03-28
"November 11, 7549",7549-11-11
"July 19, 5264",5264-07-19
"July 12, 8820",8820-07-12
"November 1, 5776",5776-11-01
"November 8, 1819",1819-11-08
"March 9, 8371",8371-03-09
"June 24, 5897",5897-06-24
"November 1, 4250",4250-11-01
"January 26, 2643",2643-01-26
"August 1, 1283",1283-08-01
"November 13, 4749",4749-11-13
"March 5, 7970",7970-03-05
"May 25, 5137",5137-05-25
"November 6, 4846",4846-11-06
"November 22, 5686",5686-11-22
"January 24, 8487",8487-01-24
"February 3, 5303",5303-02-03
"March 2, 6405",6405-03-02
"November 27, 4376",4376-11-27
"November 6, 8141",8141-11-06
"October 19, 1357",1357-10-19
"December 20, 2840",2840-12-20
"June 9, 5229",5229-06-09
"April 17, 1512",1512-04-17
"April 9, 4340",4340-04-09
"April 9, 2723",2723-04-09
"June 5, 7789",7789-06-05
"March 27, 1293",1293-03-27
"December 6, 2219",2219-12-06
"December 17, 7993",7993-12-17
"July 20, 3428",3428-07-20
"August 2, 4595",4595-08-02
"October 14, 6865",6865-10-14
"August 9, 9219",9219-08-09
"April 3, 9967",9967-04-03
"May 5, 9521",9521-05-05
"October 8, 6835",6835-10-08
"January 13, 9997",9997-01-13
"July 26, 7677",7677-07-26
"December 25, 9185",9185-12-25
"December 20, 4950",4950-12-20
"June 21, 3467",3467-06-21
"June 13, 5350",5350-06-13
"May 6, 7691",7691-05-06
"May 12, 1374",1374-05-12
"June 1, 8545",8545-06-01
"February 2, 9340",9340-02-02
"May 27, 2723",2723-05-27
"April 14, 5376",5376-04-14
"July 16, 9757",9757-07-16
"April 20, 8455",8455-04-20
"November 1, 1900",1900-11-01
"October 25, 1887",1887-10-25
"January 2, 3579",3579-01-02
"November 11, 7492",7492-11-11
"December 14, 6781",6781-12-14
"August 21, 7596",7596-08-21
"May 28, 8238",8238-05-28
"September 11, 7295",7295-09-11
"May 31, 9428",9428-05-31
"January 27, 5801",5801-01-27
"April 18, 7189",7189-04-18
"January 6, 9418",9418-01-06
"April 20, 2392",2392-04-20
"July 20, 7060",7060-07-20
"August 15, 1590",1590-08-15
"September 23, 7971",7971-09-23
"January 18, 6424",6424-01-18
"December 21, 8569",8569-12-21
"July 24, 7022",7022-07-24
"May 4, 6975",6975-05-04
"June 22, 6064",6064-06-22
"August 12, 4639",4639-08-12
"March 11, 4091",4091-03-11
"July 30, 3239",3239-07-30
"November 17, 7605",7605-11-17
"June 13, 4365",4365-06-13
"May 3, 3802",3802-05-03
"June 27, 4774",4774-06-27
"May 12, 3791",3791-05-12
"April 28, 9815",9815-04-28
"September 1, 5156",5156-09-01
"June 17, 3651",3651-06-17
"June 23, 6234",6234-06-23
"March 26, 4615",4615-03-26
"November 28, 9591",9591-11-28
"May 28, 2325",2325-05-28
"December 26, 8958",8958-12-26
"February 1, 3768",3768-02-01
"April 18, 6110",6110-04-18
"March 5, 9415",9415-03-05
"June 7, 5707",5707-06-07
"September 15, 5155",5155-09-15
"February 18, 1915",1915-02-18
"January 21, 5042",5042-01-21
"January 28, 7436",7436-01-28
"August 13, 6806",6806-08-13
"November 7, 1877",1877-11-07
"June 24, 5160",5160-06-24
"August 4, 8502",8502-08-04
"November 5, 6559",6559-11-05
"February 5, 7950",7950-02-05
"April 1, 3645",3645-04-01
"October 11, 6155",6155-10-11
"December 1, 5809",5809-12-01
"July 7, 3638",3638-07-07
"February 9, 7538",7538-02-09
"September 6, 2438",2438-09-06
"October 10, 7173",7173-10-10
"November 4, 3812",3812-11-04
"June 8, 9916",9916-06-08
"December 2, 5680",5680-12-02
"March 1, 8741",8741-03-01
"February 8, 7715",7715-02-08
"December 21, 8646",8646-12-21
"May 7, 2586",2586-05-07
"November 8, 7953",7953-11-08
"December 11, 3988",3988-12-11
"June 24, 4294",4294-06-24
"June 24, 4922",4922-06-24
"January 26, 4604",4604-01-26
"August 27, 2354",2354-08-27
"December 26, 1935",1935-12-26
"February 1, 5691",5691-02-01
"November 11, 5834",5834-11-11
"July 11, 6799",6799-07-11
"February 26, 2704",2704-02-26
"September 12, 7614",7614-09-12
"March 17, 6675",6675-03-17
"November 16, 8264",8264-11-16
"October 3, 9872",9872-10-03
"December 14, 3274",3274-12-14
"January 31, 3066",3066-01-31
"May 11, 6214",6214-05-11
"February 20, 1178",1178-02-20
"February 19, 2915",2915-02-19
"February 4, 2387",2387-02-04
"May 4, 5807",5807-05-04
"July 5, 4024",4024-07-05
"October 25, 9790",9790-10-25
"July 26, 7368",7368-07-26
"March 27, 9169",9169-03-27
"September 11, 6395",6395-09-11
"August 26, 9530",9530-08-26
"October 17, 2159",2159-10-17
"July 4, 2451",2451-07-04
"April 24, 1391",1391-04-24
"April 6, 5954",5954-04-06
"October 26, 1274",1274-10-26
"March 25, 8924",8924-03-25
"January 9, 2917",2917-01-09
"June 22, 1838",1838-06-22
"March 5, 2520",2520-03-05
"November 17, 6912",6912-11-17
"May 22, 7078",7078-05-22
"December 14, 5456",5456-12-14
"March 16, 5850",5850-03-16
"June 4, 5069",5069-06-04
"August 15, 2463",2463-08-15
"January 22, 5620",5620-01-22
"April 6, 9003",9003-04-06
"September 10, 7395",7395-09-10
"July 18, 3772",3772-07-18
"February 23, 9176",9176-02-23
"March 14, 4369",4369-03-14
"November 22, 2366",2366-11-22
"October 11, 4867",4867-10-11
"November 6, 4865",4865-11-06
"April 21, 7792",7792-04-21
"September 26, 7990",7990-09-26
"February 18, 8081",8081-02-18
"August 11, 2237",2237-08-11
"March 25, 9293",9293-03-25
"June 30, 1519",1519-06-30
"December 12, 1846",1846-12-12
"July 3, 9483",9483-07-03
"March 13, 5076",5076-03-13
"December 10, 6154",6154-12-10
"May 11, 5695",5695-05-11
"March 26, 8244",8244-03-26
"October 18, 6164",6164-10-18
"November 20, 9505",9505-11-20
"April 19, 6003",6003-04-19
"February 9, 4322",4322-02-09
"September 4, 9700",9700-09-04
"November 25, 6478",6478-11-25
"November 2, 9039",9039-11-02
"October 4, 2545",2545-10-04
"July 31, 9422",9422-07-31
"September 6, 3106",3106-09-06
"October 12, 9310",9310-10-12
"December 10, 9795",9795-12-10
"April 5, 7770",7770-04-05
"June 15, 6849",6849-06-15
"March 17, 1962",1962-03-17
"June 15, 2748",2748-06-15
"May 21, 1089",1089-05-21
"February 20, 7816",7816-02-20
"May 4, 7810",7810-05-04
"June 28, 5247",5247-06-28
"November 22, 8738",8738-11-22
"July 6, 8457",8457-07-06
"February 18, 6208",6208-02-18
"August 4, 5356",5356-08-04
"October 10, 4679",4679-10-10
"July 25, 6036",6036-07-25
"May 30, 3029",3029-05-30
"May 3, 6841",6841-05-03
"April 16, 9297",9297-04-16
"April 17, 7753",7753-04-17
"May 16, 4207",4207-05-16
"November 27, 9876",9876-11-27
"September 30, 2112",2112-09-30
"March 23, 3667",3667-03-23
"August 21, 4414",4414-08-21
"October 16, 6664",6664-10-16
"April 5, 4917",4917-04-05
"July 10, 1554",1554-07-10
"April 8, 7478",7478-04-08
"October 23, 6944",6944-10-23
"February 14, 7031",7031-02-14
"July 10, 7658",7658-07-10
"April 17, 6836",6836-04-17
"December 9, 5899",5899-12-09
"October 14, 4275",4275-10-14
"November 30, 4706",4706-11-30
"June 27, 5410",5410-06-27
"June 7, 4658",4658-06-07
"July 17, 9696",9696-07-17
"November 10, 3048",3048-11-10
"May 31, 2644",2644-05-31
"July 23, 1481",1481-07-23
"February 28, 9436",9436-02-28
"May 7, 9394",9394-05-07
"May 18, 3419",3419-05-18
"February 17, 5944",5944-02-17
"July 18, 6961",6961-07-18
"May 22, 4195",4195-05-22
"August 29, 7604",7604-08-29
"November 27, 8067",8067-11-27
"January 28, 4610",4610-01-28
"March 27, 2142",2142-03-27
"October 13, 4988",4988-10-13
"June 6, 4270",4270-06-06
"August 8, 2901",2901-08-08
"May 25, 2361",2361-05-25
"June 25, 4305",4305-06-25
"October 8, 4144",4144-10-08
"May 3, 6588",6588-05-03
"May 8, 6040",6040-05-08
"February 14, 3568",3568-02-14
"May 31, 2944",2944-05-31
"October 12, 4312",4312-10-12
"March 9, 3979",3979-03-09
"January 10, 7961",7961-01-10
"July 18, 9652",9652-07-18
"August 21, 2218",2218-08-21
"June 17, 3660",3660-06-17
"January 25, 8653",8653-01-25
"August 31, 4199",4199-08-31
"March 24, 2619",2619-03-24
"February 25, 2102",2102-02-25
"April 22, 3375",3375-04-22
"October 31, 7340",7340-10-31
"September 10, 6841",6841-09-10
"July 29, 9668",9668-07-29
"January 14, 2939",2939-01-14
"January 29, 1314",1314-01-29
"September 13, 7871",7871-09-13
"June 1, 1456",1456-06-01
"March 14, 7199",7199-03-14
"March 21, 7177",7177-03-21
"October 29, 3240",3240-10-29
"July 16, 1076",1076-07-16
"March 17, 6608",6608-03-17
"January 6, 1296",1296-01-06
"August 30, 5243",5243-08-30
"October 16, 3332",3332-10-16
"July 7, 4236",4236-07-07
"January 16, 7559",7559-01-16
"October 16, 5897",5897-10-16
"January 13, 9407",9407-01-13
"March 12, 6108",6108-03-12
"September 29, 6981",6981-09-29
"December 26, 2448",2448-12-26
"November 1, 6211",6211-11-01
"December 30, 4386",4386-12-30
"October 11, 2258",2258-10-11
"February 24, 9225",9225-02-24
"February 19, 9111",9111-02-19
"May 9, 2377",2377-05-09
"May 18, 6103",6103-05-18
"December 23, 5963",5963-12-23
"May 10, 6664",6664-05-10
"November 3, 4020",4020-11-03
"July 6, 1997",1997-07-06
"March 2, 2571",2571-03-02
"August 25, 4197",4197-08-25
"October 20, 9401",9401-10-20
"April 10, 8679",8679-04-10
"May 31, 2337",2337-05-31
"December 31, 5061",5061-12-31
"December 24, 1907",1907-12-24
"December 31, 9546",9546-12-31
"June 9, 3554",3554-06-09
"September 27, 9352",9352-09-27
"October 23, 1853",1853-10-23
"June 21, 4756",4756-06-21
"October 18, 2799",2799-10-18
"November 19, 6822",6822-11-19
"November 19, 4850",4850-11-19
"September 20, 4170",4170-09-20
"May 30, 6207",6207-05-30
"November 4, 8241",8241-11-04
"June 13, 9446",9446-06-13
"April 21, 6889",6889-04-21
"December 5, 8717",8717-12-05
"April 18, 9923",9923-04-18
"October 21, 1850",1850-10-21
"September 25, 9116",9116-09-25
"January 4, 8900",8900-01-04
"February 27, 4615",4615-02-27
"June 23, 1440",1440-06-23
"September 28, 5976",5976-09-28
"May 26, 2153",2153-05-26
"February 20, 9097",9097-02-20
"May 16, 6986",6986-05-16
"May 12, 4646",4646-05-12
"June 19, 3186",3186-06-19
"October 24, 7409",7409-10-24
"March 1, 8592",8592-03-01
"September 2, 8189",8189-09-02
"March 26, 1409",1409-03-26
"April 27, 8286",8286-04-27
"July 3, 8203",8203-07-03
"July 14, 1091",1091-07-14
"December 24, 3823",3823-12-24
"October 25, 2571",2571-10-25
"May 5, 7733",7733-05-05
"March 29, 5320",5320-03-29
"October 20, 3528",3528-10-20
"June 19, 8732",8732-06-19
"February 4, 3247",3247-02-04
"June 11, 4046",4046-06-11
"August 16, 6398",6398-08-16
"January 1, 2739",2739-01-01
"November 23, 6563",6563-11-23
"August 22, 3148",3148-08-22
"December 6, 9423",9423-12-06
"March 20, 6704",6704-03-20
"April 7, 4245",4245-04-07
"June 13, 2513",2513-06-13
"May 2, 3280",3280-05-02
"June 26, 8289",8289-06-26
"September 24, 2018",2018-09-24
"January 23, 6929",6929-01-23
"November 29, 9305",9305-11-29
"May 8, 9606",9606-05-08
"September 1, 3459",3459-09-01
"September 21, 1036",1036-09-21
"July 21, 5987",5987-07-21
"May 27, 1772",1772-05-27
"November 28, 6634",6634-11-28
"November 3, 7404",7404-11-03
"December 25, 8018",8018-12-25
"November 15, 3394",3394-11-15
"April 5, 9153",9153-04-05
"May 28, 3045",3045-05-28
"September 17, 1445",1445-09-17
"December 25, 5801",5801-12-25
"July 8, 8900",8900-07-08
"January 14, 4021",4021-01-14
"October 19, 8043",8043-10-19
"February 8, 5367",5367-02-08
"June 19, 8246",8246-06-19
"April 9, 7705",7705-04-09
"May 21, 3695",3695-05-21
"April 10, 8323",8323-04-10
"May 19, 5004",5004-05-19
"September 29, 6560",6560-09-29
"August 12, 7091",7091-08-12
"January 22, 8544",8544-01-22
"October 16, 3067",3067-10-16
"March 29, 4446",4446-03-29
"December 22, 3662",3662-12-22
"July 19, 4354",4354-07-19
"October 11, 8670",8670-10-11
"March 29, 6570",6570-03-29
"July 9, 6629",6629-07-09
"December 29, 8234",8234-12-29
"December 29, 5503",5503-12-29
"May 22, 7865",7865-05-22
"February 13, 5101",5101-02-13
"May 7, 7240",7240-05-07
"February 24, 6523",6523-02-24
"June 16, 4392",4392-06-16
"July 20, 2108",2108-07-20
"February 12, 3514",3514-02-12
"May 21, 2290",2290-05-21
"September 6, 9669",9669-09-06
"October 2, 9772",9772-10-02
"November 30, 4298",4298-11-30
"June 16, 5818",5818-06-16
"March 1, 6135",6135-03-01
"September 26, 4736",4736-09-26
"January 2, 3841",3841-01-02
"December 16, 8606",8606-12-16
"December 28, 5878",5878-12-28
"January 9, 2330",2330-01-09
"May 9, 3023",3023-05-09
"November 6, 6336",6336-11-06
"March 12, 4662",4662-03-12
"March 23, 8586",8586-03-23
"October 23, 2303",2303-10-23
"June 17, 4991",4991-06-17
"September 21, 9003",9003-09-21
"July 4, 5571",5571-07-04
"November 13, 9093",9093-11-13
"July 26, 2470",2470-07-26
"August 30, 9884",9884-08-30
"January 26, 6555",6555-01-26
"June 29, 6617",6617-06-29
"May 1, 7902",7902-05-01
"April 14, 5731",5731-04-14
"October 16, 8891",8891-10-16
"January 15, 3697",3697-01-15
"August 5, 1332",1332-08-05
"December 6, 4340",4340-12-06
"September 25, 4076",4076-09-25
"October 16, 6827",6827-10-16
"March 13, 3470",3470-03-13
"September 11, 9989",9989-09-11
"November 11, 5696",5696-11-11
"March 29, 1698",1698-03-29
"September 30, 7456",7456-09-30
"January 15, 9863",9863-01-15
"June 1, 4711",4711-06-01
"March 4, 4004",4004-03-04
"April 26, 8751",8751-04-26
"May 29, 4647",4647-05-29
"May 25, 5722",5722-05-25
"June 9, 5494",5494-06-09
"March 15, 6075",6075-03-15
"October 29, 5882",5882-10-29
"April 14, 5578",5578-04-14
"October 9, 3993",3993-10-09
"May 22, 1627",1627-05-22
"April 2, 4081",4081-04-02
"May 11, 6575",6575-05-11
"March 21, 9362",9362-03-21
"April 27, 3514",3514-04-27
"August 11, 4902",4902-08-11
"August 21, 8306",8306-08-21
"December 25, 1523",1523-12-25
"October 26, 4542",4542-10-26
"June 25, 6140",6140-06-25
"February 13, 5706",5706-02-13
"June 10, 3541",3541-06-10
"June 8, 7574",7574-06-08
"June 5, 2912",2912-06-05
"May 15, 7155",7155-05-15
"December 6, 3367",3367-12-06
"January 29, 9952",9952-01-29
"July 19, 8180",8180-07-19
"October 28, 2266",2266-10-28
"December 12, 8042",8042-12-12
"August 20, 8013",8013-08-20
"December 19, 4785",4785-12-19
"November 10, 2483",2483-11-10
"February 22, 7947",7947-02-22
"June 25, 7198",7198-06-25
"October 2, 1228",1228-10-02
"October 17, 9293",9293-10-17
"July 5, 1242",1242-07-05
"June 14, 5354",5354-06-14
"June 5, 2036",2036-06-05
"March 14, 9962",9962-03-14
"November 8, 9092",9092-11-08
"May 9, 4827",4827-05-09
"April 12, 5050",5050-04-12
"February 13, 9806",9806-02-13
"August 6, 9796",9796-08-06
"March 23, 7349",7349-03-23
"October 21, 1728",1728-10-21
"December 25, 8520",8520-12-25
"March 3, 1565",1565-03-03
"December 19, 6955",6955-12-19
"November 18, 3416",3416-11-18
"March 12, 5158",5158-03-12
"March 1, 7149",7149-03-01
"October 21, 3278",3278-10-21
"November 5, 2802",2802-11-05
"October 5, 7151",7151-10-05
"January 27, 5542",5542-01-27
"March 5, 9243",9243-03-05
"August 3, 3633",3633-08-03
"May 27, 4332",4332-05-27
"July 3, 2853",2853-07-03
"June 29, 5293",5293-06-29
"November 4, 4806",4806-11-04
"April 10, 5747",5747-04-10
"January 16, 3476",3476-01-16
"November 17, 7349",7349-11-17
"May 1, 9421",9421-05-01
"January 8, 3856",3856-01-08
"August 25, 1156",1156-08-25
"April 10, 1414",1414-04-10
"December 31, 1229",1229-12-31
"July 12, 9671",9671-07-12
"October 5, 7046",7046-10-05
"April 23, 2177",2177-04-23
"January 10, 6759",6759-01-10
"October 5, 5569",5569-10-05
"May 27, 6568",6568-05-27
"August 2, 1485",1485-08-02
"April 21, 2802",2802-04-21
"November 23, 4250",4250-11-23
"December 3, 4461",4461-12-03
"May 31, 1278",1278-05-31
"April 16, 3641",3641-04-16
"July 16, 8252",8252-07-16
"January 29, 9870",9870-01-29
"July 13, 8901",8901-07-13
"January 1, 3840",3840-01-01
"November 23, 1387",1387-11-23
"October 21, 4128",4128-10-21
"September 28, 9611",9611-09-28
"November 13, 2419",2419-11-13
"March 1, 5339",5339-03-01
"December 8, 8524",8524-12-08
"January 26, 5602",5602-01-26
"July 29, 2506",2506-07-29
"December 1, 9503",9503-12-01
"July 24, 4100",4100-07-24
"February 25, 1975",1975-02-25
"October 22, 1878",1878-10-22
"July 12, 1848",1848-07-12
"August 5, 6793",6793-08-05
"June 18, 9292",9292-06-18
"August 7, 9078",9078-08-07
"December 12, 9754",9754-12-12
"May 5, 9413",9413-05-05
"January 24, 5770",5770-01-24
"June 11, 1231",1231-06-11
"April 16, 1169",1169-04-16
"May 1, 9528",9528-05-01
"August 25, 7220",7220-08-25
"February 12, 7946",7946-02-12
"October 5, 2743",2743-10-05
"May 2, 2097",2097-05-02
"June 27, 9450",9450-06-27
"August 12, 7754",7754-08-12
"July 8, 5491",5491-07-08
"January 31, 3231",3231-01-31
"July 13, 7955",7955-07-13
"January 24, 4585",4585-01-24
"July 22, 4717",4717-07-22
"April 16, 5882",5882-04-16
"September 11, 6883",6883-09-11
"November 17, 9537",9537-11-17
"January 30, 1269",1269-01-30
"October 26, 4469",4469-10-26
"January 30, 4147",4147-01-30
"November 23, 6269",6269-11-23
"May 7, 3327",3327-05-07
"September 4, 2144",2144-09-04
"October 10, 4034",4034-10-10
"November 1, 8533",8533-11-01
"November 14, 7616",7616-11-14
"May 19, 6413",6413-05-19
"July 5, 5324",5324-07-05
"June 22, 4344",4344-06-22
"August 11, 5932",5932-08-11
"September 9, 2068",2068-09-09
"April 8, 3552",3552-04-08
"February 22, 5666",5666-02-22
"April 7, 7442",7442-04-07
"November 7, 4198",4198-11-07
"August 7, 6550",6550-08-07
"March 16, 4266",4266-03-16
"August 7, 9071",9071-08-07
"February 10, 7123",7123-02-10
"July 11, 6817",6817-07-11
"January 20, 3809",3809-01-20
"June 6, 5391",5391-06-06
"August 30, 1197",1197-08-30
"October 5, 6707",6707-10-05
"December 28, 9354",9354-12-28
"June 21, 5520",5520-06-21
"May 17, 5280",5280-05-17
"July 23, 9758",9758-07-23
"September 23, 7276",7276-09-23
"December 12, 9205",9205-12-12
"September 23, 2243",2243-09-23
"September 12, 6193",6193-09-12
"January 11, 3573",3573-01-11
"February 23, 7636",7636-02-23
"November 6, 1285",1285-11-06
"December 31, 5562",5562-12-31
"March 25, 9856",9856-03-25
"July 11, 3665",3665-07-11
"February 26, 6134",6134-02-26
"November 21, 5246",5246-11-21
"June 17, 6475",6475-06-17
"January 14, 7467",7467-01-14
"February 14, 2251",2251-02-14
"November 18, 8381",8381-11-18
"December 4, 4566",4566-12-04
"July 24, 4817",4817-07-24
"January 6, 2651",2651-01-06
"September 9, 8233",8233-09-09
"June 5, 1960",1960-06-05
"May 30, 2095",2095-05-30
"December 28, 7440",7440-12-28
"September 1, 2943",2943-09-01
"December 8, 3384",3384-12-08
"October 22, 6624",6624-10-22
"June 27, 7814",7814-06-27
"July 20, 3870",3870-07-20
"May 8, 1963",1963-05-08
"December 27, 2622",2622-12-27
"February 19, 5630",5630-02-19
"July 8, 8079",8079-07-08
"August 29, 6437",6437-08-29
"August 4, 7010",7010-08-04
"January 10, 9303",9303-01-10
"January 26, 7507",7507-01-26
"March 24, 9734",9734-03-24
"February 18, 3669",3669-02-18
"October 5, 1676",1676-10-05
"August 16, 9812",9812-08-16
"March 22, 6666",6666-03-22
"February 22, 3894",3894-02-22
"August 17, 5729",5729-08-17
"August 17, 4576",4576-08-17
"September 30, 9503",9503-09-30
"December 14, 4879",4879-12-14
"July 28, 2729",2729-07-28
"April 7, 1419",1419-04-07
"April 30, 4691",4691-04-30
"March 8, 8912",8912-03-08
"October 30, 7491",7491-10-30
"August 3, 7875",7875-08-03
"June 25, 5668",5668-06-25
"December 26, 1063",1063-12-26
"April 10, 4079",4079-04-10
"April 4, 8928",8928-04-04
"August 26, 3402",3402-08-26
"July 25, 9670",9670-07-25
"June 30, 7458",7458-06-30
"May 9, 6612",6612-05-09
"May 1, 7265",7265-05-01
"September 10, 6739",6739-09-10
"July 22, 4594",4594-07-22
"June 1, 8487",8487-06-01
"February 21, 3707",3707-02-21
"November 12, 4695",4695-11-12
"March 21, 6298",6298-03-21
"May 15, 9140",9140-05-15
"July 18, 6546",6546-07-18
"July 13, 6907",6907-07-13
"March 12, 7371",7371-03-12
"April 4, 9494",9494-04-04
"April 15, 9418",9418-04-15
"March 1, 1935",1935-03-01
"April 14, 2206",2206-04-14
"August 6, 5888",5888-08-06
"December 25, 9029",9029-12-25
"January 12, 1890",1890-01-12
"March 27, 5314",5314-03-27
"August 30, 2461",2461-08-30
"October 17, 9691",9691-10-17
"June 17, 1156",1156-06-17
"May 31, 2861",2861-05-31
"October 12, 6970",6970-10-12
"June 15, 9591",9591-06-15
"January 2, 2395",2395-01-02
"July 17, 2908",2908-07-17
"June 29, 3266",3266-06-29
"March 30, 6025",6025-03-30
"April 13, 2305",2305-04-13
"July 28, 1448",1448-07-28
"February 23, 5871",5871-02-23
"July 5, 6686",6686-07-05
"July 4, 2960",2960-07-04
"August 20, 8190",8190-08-20
"March 7, 7024",7024-03-07
"September 28, 6594",6594-09-28
"February 28, 2606",2606-02-28
"February 25, 9601",9601-02-25
"July 7, 7282",7282-07-07
"November 5, 5801",5801-11-05
"August 15, 5586",5586-08-15
"April 29, 1106",1106-04-29
"October 11, 4407",4407-10-11
"April 14, 2350",2350-04-14
"November 16, 6000",6000-11-16
"October 2, 4378",4378-10-02
"July 19, 9267",9267-07-19
"October 8, 8770",8770-10-08
"April 18, 4113",4113-04-18
"December 17, 6999",6999-12-17
"February 28, 4702",4702-02-28
"July 30, 8063",8063-07-30
"September 4, 5267",5267-09-04
"August 1, 7474",7474-08-01
"November 19, 8466",8466-11-19
"August 28, 2905",2905-08-28
"February 18, 2625",2625-02-18
"July 5, 4332",4332-07-05
"October 25, 7008",7008-10-25
"July 20, 8866",8866-07-20
"December 18, 3347",3347-12-18
"December 8, 8050",8050-12-08
"October 2, 9204",9204-10-02
"May 1, 5263",5263-05-01
"May 10, 6964",6964-05-10
"January 19, 7942",7942-01-19
"February 19, 3885",3885-02-19
"July 13, 6421",6421-07-13
"July 17, 6315",6315-07-17
"August 25, 3418",3418-08-25
"August 18, 4791",4791-08-18
"July 22, 9575",9575-07-22
"September 12, 9269",9269-09-12
"March 8, 2554",2554-03-08
"January 17, 2886",2886-01-17
"October 5, 7021",7021-10-05
"September 20, 9211",9211-09-20
"September 29, 6441",6441-09-29
"October 14, 1112",1112-10-14
"March 17, 4648",4648-03-17
"August 30, 5780",5780-08-30
"February 28, 3058",3058-02-28
"July 21, 2726",2726-07-21
"December 19, 6402",6402-12-19
"December 14, 1769",1769-12-14
"May 3, 1064",1064-05-03
"January 20, 4581",4581-01-20
"May 8, 9055",9055-05-08
"March 8, 3155",3155-03-08
"April 24, 3288",3288-04-24
"February 23, 8970",8970-02-23
"September 17, 2077",2077-09-17
"February 7, 7175",7175-02-07
"April 24, 6266",6266-04-24
"June 24, 4801",4801-06-24
"August 31, 2087",2087-08-31
"September 27, 1701",1701-09-27
"December 11, 8176",8176-12-11
"April 21, 6382",6382-04-21
"June 27, 7826",7826-06-27
"August 24, 2796",2796-08-24
"October 14, 1766",1766-10-14
"June 19, 5024",5024-06-19
"July 12, 8307",8307-07-12
"February 18, 7421",7421-02-18
"August 21, 3595",3595-08-21
"May 11, 4961",4961-05-11
"February 23, 8221",8221-02-23
"April 5, 1162",1162-04-05
"March 18, 3212",3212-03-18
"March 6, 4153",4153-03-06
"July 3, 4263",4263-07-03
"December 3, 5893",5893-12-03
"October 24, 7711",7711-10-24
"April 7, 9375",9375-04-07
"February 13, 4511",4511-02-13
"August 23, 5217",5217-08-23
"July 12, 8171",8171-07-12
"October 22, 9807",9807-10-22
"December 24, 5630",5630-12-24
"June 12, 3925",3925-06-12
"August 7, 7443",7443-08-07
"October 30, 7212",7212-10-30
"November 18, 8367",8367-11-18
"December 4, 8571",8571-12-04
"June 12, 3326",3326-06-12
"September 15, 1889",1889-09-15
"August 22, 7805",7805-08-22
"May 10, 2750",2750-05-10
"July 16, 2182",2182-07-16
"August 6, 9390",9390-08-06
"July 13, 3485",3485-07-13
"April 1, 4215",4215-04-01
"October 27, 3047",3047-10-27
"June 23, 4019",4019-06-23
"November 7, 7472",7472-11-07
"January 11, 2175",2175-01-11
"January 8, 2455",2455-01-08
"February 4, 6998",6998-02-04
"July 10, 7744",7744-07-10
"December 24, 8404",8404-12-24
"January 26, 9797",9797-01-26
"August 11, 5397",5397-08-11
"June 8, 4791",4791-06-08
"August 11, 7610",7610-08-11
"February 8, 9865",9865-02-08
"April 2, 7800",7800-04-02
"January 3, 7945",7945-01-03
"September 9, 4183",4183-09-09
"June 22, 9466",9466-06-22
"August 11, 8072",8072-08-11
"October 5, 8676",8676-10-05
"June 3, 6436",6436-06-03
"August 7, 3403",3403-08-07
"May 22, 2930",2930-05-22
"September 3, 1030",1030-09-03
"November 11, 9995",9995-11-11
"April 4, 3662",3662-04-04
"July 21, 3485",3485-07-21
"November 22, 2048",2048-11-22
"July 18, 8061",8061-07-18
"April 3, 2682",2682-04-03
"December 26, 2645",2645-12-26
"September 16, 2892",2892-09-16
"January 17, 6460",6460-01-17
"November 2, 1002",1002-11-02
"February 2, 4713",4713-02-02
"April 13, 1893",1893-04-13
"April 28, 1599",1599-04-28
"December 19, 2572",2572-12-19
"March 23, 6876",6876-03-23
"March 21, 6049",6049-03-21
"March 12, 5885",5885-03-12
"October 17, 8634",8634-10-17
"September 11, 6416",6416-09-11
"March 3, 4756",4756-03-03
"June 18, 4474",4474-06-18
"February 12, 6746",6746-02-12
"August 20, 9727",9727-08-20
"December 28, 2346",2346-12-28
"December 10, 3764",3764-12-10
"June 28, 7432",7432-06-28
"November 24, 5515",5515-11-24
"November 16, 5332",5332-11-16
"May 25, 9887",9887-05-25
"April 12, 5427",5427-04-12
"March 30, 9110",9110-03-30
"September 20, 6448",6448-09-20
"August 2, 5076",5076-08-02
"February 25, 4580",4580-02-25
"April 13, 6994",6994-04-13
"December 26, 4639",4639-12-26
"March 10, 7094",7094-03-10
"January 6, 1898",1898-01-06
"December 18, 7951",7951-12-18
"May 3, 3456",3456-05-03
"August 14, 2907",2907-08-14
"December 20, 8277",8277-12-20
"June 3, 4189",4189-06-03
"November 4, 9168",9168-11-04
"October 28, 2640",2640-10-28
"February 18, 6021",6021-02-18
"May 28, 7436",7436-05-28
"September 14, 6071",6071-09-14
"January 18, 6628",6628-01-18
"April 4, 8982",8982-04-04
"February 3, 3877",3877-02-03
"July 1, 8870",8870-07-01
"October 15, 2380",2380-10-15
"October 8, 7406",7406-10-08
"February 14, 6000",6000-02-14
"May 16, 8488",8488-05-16
"May 15, 4998",4998-05-15
"March 24, 3044",3044-03-24
"June 26, 1290",1290-06-26
"May 31, 5199",5199-05-31
"March 27, 6352",6352-03-27
"December 8, 9850",9850-12-08
"June 21, 8694",8694-06-21
"March 26, 4973",4973-03-26
"September 18, 9365",9365-09-18
"December 12, 5869",5869-12-12
"December 20, 3454",3454-12-20
"February 3, 8085",8085-02-03
"June 17, 7428",7428-06-17
"March 10, 3193",3193-03-10
"December 29, 5391",5391-12-29
"March 27, 5297",5297-03-27
"August 19, 3055",3055-08-19
"June 24, 9585",9585-06-24
"July 24, 1122",1122-07-24
"November 27, 3248",3248-11-27
"September 6, 6076",6076-09-06
"June 27, 5145",5145-06-27
"May 30, 7040",7040-05-30
"January 10, 3238",3238-01-10
"June 23, 1064",1064-06-23
"July 25, 7731",7731-07-25
"May 28, 4564",4564-05-28
"October 24, 4771",4771-10-24
"September 14, 2080",2080-09-14
"December 7, 5235",5235-12-07
"February 1, 3914",3914-02-01
"November 20, 6773",6773-11-20
"March 23, 1149",1149-03-23
"December 19, 7967",7967-12-19
"May 7, 4135",4135-05-07
"January 9, 1385",1385-01-09
"May 27, 8432",8432-05-27
"June 8, 4157",4157-06-08
"September 27, 8368",8368-09-27
"August 9, 6497",6497-08-09
"November 9, 5573",5573-11-09
"May 1, 1504",1504-05-01
"November 4, 8986",8986-11-04
"July 3, 9087",9087-07-03
"October 17, 3905",3905-10-17
"July 4, 4148",4148-07-04
"May 13, 8180",8180-05-13
"March 4, 1657",1657-03-04
"September 15, 7570",7570-09-15
"May 28, 1349",1349-05-28
"July 29, 9245",9245-07-29
"August 5, 6406",6406-08-05
"October 29, 7976",7976-10-29
"May 27, 8260",8260-05-27
"January 31, 6219",6219-01-31
"June 4, 6630",6630-06-04
"July 9, 2995",2995-07-09
"November 24, 6436",6436-11-24
"December 23, 9611",9611-12-23
"March 13, 8436",8436-03-13
"June 12, 9619",9619-06-12
"April 25, 7265",7265-04-25
"December 31, 2192",2192-12-31
"August 8, 1438",1438-08-08
"August 2, 5243",5243-08-02
"February 26, 1331",1331-02-26
"July 17, 8038",8038-07-17
"May 20, 9191",9191-05-20
"March 13, 2759",2759-03-13
"April 18, 9103",9103-04-18
"March 12, 9454",9454-03-12
"July 17, 3031",3031-07-17
"October 19, 2511",2511-10-19
"February 16, 1951",1951-02-16
"March 18, 5818",5818-03-18
"June 15, 2371",2371-06-15
"August 20, 1643",1643-08-20
"August 1, 6091",6091-08-01
"July 22, 8320",8320-07-22
"February 26, 9160",9160-02-26
"September 21, 1715",1715-09-21
"July 28, 4608",4608-07-28
"May 16, 2119",2119-05-16
"January 17, 7248",7248-01-17
"June 14, 4186",4186-06-14
"November 30, 3229",3229-11-30
"December 23, 8522",8522-12-23
"December 25, 8050",8050-12-25
"August 19, 9468",9468-08-19
"June 26, 1191",1191-06-26
"March 13, 4820",4820-03-13
"November 20, 8716",8716-11-20
"May 4, 4634",4634-05-04
"June 7, 9145",9145-06-07
"March 9, 2943",2943-03-09
"February 17, 7739",7739-02-17
"September 21, 9292",9292-09-21
"December 13, 5205",5205-12-13
"June 15, 6929",6929-06-15
"September 27, 1162",1162-09-27
"October 23, 8630",8630-10-23
"November 19, 5629",5629-11-19
"July 13, 5781",5781-07-13
"November 13, 8667",8667-11-13
"November 25, 8689",8689-11-25
"January 20, 1706",1706-01-20
"December 1, 1745",1745-12-01
"August 25, 3215",3215-08-25
"May 25, 9742",9742-05-25
"May 1, 6759",6759-05-01
"December 29, 2693",2693-12-29
"January 23, 9371",9371-01-23
"December 11, 4061",4061-12-11
"April 7, 1964",1964-04-07
"November 25, 2981",2981-11-25
"October 27, 6091",6091-10-27
"February 13, 1511",1511-02-13
"January 11, 4164",4164-01-11
"February 11, 7988",7988-02-11
"August 8, 3281",3281-08-08
"December 16, 8908",8908-12-16
"July 29, 6804",6804-07-29
"September 8, 5699",5699-09-08
"April 20, 2986",2986-04-20
"July 16, 8295",8295-07-16
"April 16, 9576",9576-04-16
"January 11, 1037",1037-01-11
"April 17, 4573",4573-04-17
"October 16, 4143",4143-10-16
"April 1, 7437",7437-04-01
"February 17, 5027",5027-02-17
"October 16, 2351",2351-10-16
"February 9, 4921",4921-02-09
"April 6, 6354",6354-04-06
"September 7, 7524",7524-09-07
"December 14, 8995",8995-12-14
"September 7, 1988",1988-09-07
"November 25, 7501",7501-11-25
"December 23, 6316",6316-12-23
"June 2, 2012",2012-06-02
"February 8, 2335",2335-02-08
"December 23, 2039",2039-12-23
"October 9, 3095",3095-10-09
"November 16, 9377",9377-11-16
"May 21, 1992",1992-05-21
"January 14, 3132",3132-01-14
"January 23, 4646",4646-01-23
"July 9, 7788",7788-07-09
"December 2, 8195",8195-12-02
"November 27, 1230",1230-11-27
"September 30, 9804",9804-09-30
"August 2, 2944",2944-08-02
"November 17, 1119",1119-11-17
"December 25, 3497",3497-12-25
"December 3, 8325",8325-12-03
"December 14, 5300",5300-12-14
"June 22, 6286",6286-06-22
"May 1, 1933",1933-05-01
"April 25, 9317",9317-04-25
"May 18, 3833",3833-05-18
"June 15, 4534",4534-06-15
"February 1, 8819",8819-02-01
"February 16, 8376",8376-02-16
"May 12, 3194",3194-05-12
"December 14, 9582",9582-12-14
"September 9, 9679",9679-09-09
"March 5, 9476",9476-03-05
"April 11, 2524",2524-04-11
"July 7, 4565",4565-07-07
"June 25, 1612",1612-06-25
"November 9, 5355",5355-11-09
"June 12, 9106",9106-06-12
"September 4, 4296",4296-09-04
"February 18, 3044",3044-02-18
"July 6, 4203",4203-07-06
"August 7, 2612",2612-08-07
"September 13, 7488",7488-09-13
"July 21, 4623",4623-07-21
"January 7, 5754",5754-01-07
"November 4, 3594",3594-11-04
"September 26, 3161",3161-09-26
"September 21, 4132",4132-09-21
"October 26, 3287",3287-10-26
"November 20, 3033",3033-11-20
"November 21, 4386",4386-11-21
"April 28, 3978",3978-04-28
"June 28, 9010",9010-06-28
"March 6, 6048",6048-03-06
"December 7, 4037",4037-12-07
"March 23, 2061",2061-03-23
"August 29, 6625",6625-08-29
"June 11, 5078",5078-06-11
"July 10, 7645",7645-07-10
"August 6, 5175",5175-08-06
"March 2, 5006",5006-03-02
"August 9, 9869",9869-08-09
"June 25, 8370",8370-06-25
"June 4, 7006",7006-06-04
"November 15, 6163",6163-11-15
"June 19, 8246",8246-06-19
"September 13, 8889",8889-09-13
"August 31, 2957",2957-08-31
"October 22, 1421",1421-10-22
"June 23, 7720",7720-06-23
"January 4, 5429",5429-01-04
"January 18, 2788",2788-01-18
"August 6, 7177",7177-08-06
"November 12, 7530",7530-11-12
"March 4, 3419",3419-03-04
"August 26, 9063",9063-08-26
"March 17, 5982",5982-03-17
"November 30, 4983",4983-11-30
"July 4, 8418",8418-07-04
"January 11, 8832",8832-01-11
"March 13, 4315",4315-03-13
"March 29, 3382",3382-03-29
"June 23, 4929",4929-06-23
"July 22, 9034",9034-07-22
"January 17, 6785",6785-01-17
"June 29, 7334",7334-06-29
"November 3, 9533",9533-11-03
"July 8, 4088",4088-07-08
"March 23, 2042",2042-03-23
"March 22, 6894",6894-03-22
"July 13, 9881",9881-07-13
"November 8, 3419",3419-11-08
"March 25, 3965",3965-03-25
"May 11, 3506",3506-05-11
"October 2, 6370",6370-10-02
"June 16, 3995",3995-06-16
"February 19, 1361",1361-02-19
"January 16, 2324",2324-01-16
"May 16, 6937",6937-05-16
"January 13, 8560",8560-01-13
"June 20, 8247",8247-06-20
"November 3, 3140",3140-11-03
"February 15, 6457",6457-02-15
"August 2, 2605",2605-08-02
"September 7, 6365",6365-09-07
"October 28, 7738",7738-10-28
"February 8, 4709",4709-02-08
"February 25, 5275",5275-02-25
"February 10, 7474",7474-02-10
"October 11, 5339",5339-10-11
"September 20, 8559",8559-09-20
"November 7, 7756",7756-11-07
"September 19, 1388",1388-09-19
"December 31, 4701",4701-12-31
"April 29, 9053",9053-04-29
"May 3, 2201",2201-05-03
"August 13, 8228",8228-08-13
"April 16, 5121",5121-04-16
"September 13, 1090",1090-09-13
"January 11, 2823",2823-01-11
"April 15, 5839",5839-04-15
"May 30, 6460",6460-05-30
"September 16, 4843",4843-09-16
"March 18, 4866",4866-03-18
"January 8, 8440",8440-01-08
"September 30, 2150",2150-09-30
"September 19, 3148",3148-09-19
"March 10, 5111",5111-03-10
"February 25, 4517",4517-02-25
"November 27, 2868",2868-11-27
"January 10, 6361",6361-01-10
"December 27, 7278",7278-12-27
"October 19, 3137",3137-10-19
"March 13, 9636",9636-03-13
"October 7, 1249",1249-10-07
"May 28, 6041",6041-05-28
"December 8, 8080",8080-12-08
"August 24, 6241",6241-08-24
"May 20, 7816",7816-05-20
"March 1, 7614",7614-03-01
"May 9, 8975",8975-05-09
"January 5, 5995",5995-01-05
"January 1, 9394",9394-01-01
"October 17, 5585",5585-10-17
"April 27, 6438",6438-04-27
"April 12, 3797",3797-04-12
"June 22, 3900",3900-06-22
"December 6, 9306",9306-12-06
"November 8, 5285",5285-11-08
"December 27, 7900",7900-12-27
"January 24, 4880",4880-01-24
"July 4, 6541",6541-07-04
"April 10, 8792",8792-04-10
"September 9, 5606",5606-09-09
"January 28, 4447",4447-01-28
"October 29, 1460",1460-10-29
"August 24, 3690",3690-08-24
"December 26, 9763",9763-12-26
"September 28, 6821",6821-09-28
"July 27, 2238",2238-07-27
"June 11, 5834",5834-06-11
"October 21, 5890",5890-10-21
"February 24, 9889",9889-02-24
"March 27, 4093",4093-03-27
"August 26, 7631",7631-08-26
"January 22, 5602",5602-01-22
"August 29, 7810",7810-08-29
"December 2, 1327",1327-12-02
"August 11, 2883",2883-08-11
"December 15, 6881",6881-12-15
"September 13, 2910",2910-09-13
"October 11, 4451",4451-10-11
"January 4, 7854",7854-01-04
"May 2, 9011",9011-05-02
"May 25, 7018",7018-05-25
"January 23, 3279",3279-01-23
"July 24, 7522",7522-07-24
"December 15, 9633",9633-12-15
"July 13, 2602",2602-07-13
"August 13, 2491",2491-08-13
"April 22, 8618",8618-04-22
"September 25, 4825",4825-09-25
"October 26, 1617",1617-10-26
"February 7, 2038",2038-02-07
"July 31, 4551",4551-07-31
"June 1, 9794",9794-06-01
"June 26, 2624",2624-06-26
"July 4, 4974",4974-07-04
"September 9, 6267",6267-09-09
"June 11, 5547",5547-06-11
"September 21, 2898",2898-09-21
"March 18, 6289",6289-03-18
"September 7, 1009",1009-09-07
"March 17, 8563",8563-03-17
"September 24, 2693",2693-09-24
"May 23, 3301",3301-05-23
"December 20, 2975",2975-12-20
"October 23, 4459",4459-10-23
"July 9, 4531",4531-07-09
"January 1, 1923",1923-01-01
"October 21, 3119",3119-10-21
"March 29, 3712",3712-03-29
"November 15, 3334",3334-11-15
"February 27, 6013",6013-02-27
"June 11, 2035",2035-06-11
"September 6, 9315",9315-09-06
"June 1, 3810",3810-06-01
"January 23, 2770",2770-01-23
"December 26, 8862",8862-12-26
"May 28, 7377",7377-05-28
"October 16, 9906",9906-10-16
"October 31, 5297",5297-10-31
"October 13, 1056",1056-10-13
"August 20, 6481",6481-08-20
"September 6, 2829",2829-09-06
"July 16, 4958",4958-07-16
"May 15, 2147",2147-05-15
"June 30, 6406",6406-06-30
"January 10, 7314",7314-01-10
"October 16, 8886",8886-10-16
"February 2, 5525",5525-02-02
"July 8, 9024",9024-07-08
"March 5, 3440",3440-03-05
"October 12, 6423",6423-10-12
"January 27, 8676",8676-01-27
"March 10, 5321",5321-03-10
"June 22, 6322",6322-06-22
"January 3, 9110",9110-01-03
"July 22, 3787",3787-07-22
"August 23, 9762",9762-08-23
"June 1, 2100",2100-06-01
"October 1, 5450",5450-10-01
"September 3, 2475",2475-09-03
"November 20, 4655",4655-11-20
"July 4, 9762",9762-07-04
"May 13, 2533",2533-05-13
"February 10, 5592",5592-02-10
"October 29, 9879",9879-10-29
"June 5, 4756",4756-06-05
"February 6, 4252",4252-02-06
"July 25, 8748",8748-07-25
"April 24, 9387",9387-04-24
"November 9, 5875",5875-11-09
"January 7, 7855",7855-01-07
"October 30, 5522",5522-10-30
"July 29, 7133",7133-07-29
"November 18, 1822",1822-11-18
"April 16, 4983",4983-04-16
"July 23, 6607",6607-07-23
"August 9, 8692",8692-08-09
"October 21, 9502",9502-10-21
"April 29, 7734",7734-04-29
"November 13, 1308",1308-11-13
"November 7, 3545",3545-11-07
"January 14, 7988",7988-01-14
"December 3, 3045",3045-12-03
"August 16, 9817",9817-08-16
"June 17, 3700",3700-06-17
"December 23, 5238",5238-12-23
"April 16, 5160",5160-04-16
"September 20, 4902",4902-09-20
"July 12, 6758",6758-07-12
"April 12, 1018",1018-04-12
"July 6, 8011",8011-07-06
"August 21, 7880",7880-08-21
"January 21, 9632",9632-01-21
"July 22, 5572",5572-07-22
"May 3, 1887",1887-05-03
"July 24, 8413",8413-07-24
"January 28, 3642",3642-01-28
"August 28, 2585",2585-08-28
"March 25, 6741",6741-03-25
"August 1, 3158",3158-08-01
"February 17, 1508",1508-02-17
"September 17, 3425",3425-09-17
"May 4, 4467",4467-05-04
"December 22, 5999",5999-12-22
"April 4, 2066",2066-04-04
"September 6, 4899",4899-09-06
"June 22, 5410",5410-06-22
"October 20, 8510",8510-10-20
"August 16, 3065",3065-08-16
"September 14, 5888",5888-09-14
"February 17, 2731",2731-02-17
"June 2, 4272",4272-06-02
"June 17, 4572",4572-06-17
"January 15, 5442",5442-01-15
"July 29, 8754",8754-07-29
"August 16, 6519",6519-08-16
"December 8, 1399",1399-12-08
"June 13, 3997",3997-06-13
"January 24, 5843",5843-01-24
"July 7, 3061",3061-07-07
"January 23, 2878",2878-01-23
"December 17, 5572",5572-12-17
"September 23, 8835",8835-09-23
"January 12, 6941",6941-01-12
"March 18, 2222",2222-03-18
"December 30, 6338",6338-12-30
"January 5, 1949",1949-01-05
"August 16, 4976",4976-08-16
"July 6, 8878",8878-07-06
"September 16, 9413",9413-09-16
"June 30, 2164",2164-06-30
"September 29, 8531",8531-09-29
"October 26, 5644",5644-10-26
"May 20, 1140",1140-05-20
"July 12, 2847",2847-07-12
"July 28, 4663",4663-07-28
"May 24, 2478",2478-05-24
"June 6, 7599",7599-06-06
"November 8, 6821",6821-11-08
"August 6, 5409",5409-08-06
"March 10, 8881",8881-03-10
"July 5, 6221",6221-07-05
"January 30, 1133",1133-01-30
"August 21, 6582",6582-08-21
"March 9, 8508",8508-03-09
"April 5, 8696",8696-04-05
"January 3, 5613",5613-01-03
"May 3, 5851",5851-05-03
"December 30, 9857",9857-12-30
"December 26, 1625",1625-12-26
"January 5, 4479",4479-01-05
"April 27, 5880",5880-04-27
"March 24, 3970",3970-03-24
"August 4, 9521",9521-08-04
"December 16, 8281",8281-12-16
"August 16, 2331",2331-08-16
"December 5, 7931",7931-12-05
"September 23, 6170",6170-09-23
"June 25, 6765",6765-06-25
"May 19, 5281",5281-05-19
"September 29, 9968",9968-09-29
"January 13, 6438",6438-01-13
"August 8, 9176",9176-08-08
"September 28, 4847",4847-09-28
"January 5, 7144",7144-01-05
"December 7, 5189",5189-12-07
"May 26, 2282",2282-05-26
"September 22, 3053",3053-09-22
"October 20, 5869",5869-10-20
"December 22, 7105",7105-12-22
"January 29, 9723",9723-01-29
"August 24, 5403",5403-08-24
"March 19, 8748",8748-03-19
"October 18, 1918",1918-10-18
"December 28, 2726",2726-12-28
"November 21, 1079",1079-11-21
"April 22, 4871",4871-04-22
"May 27, 9125",9125-05-27
"February 2, 7777",7777-02-02
"November 23, 3960",3960-11-23
"April 24, 3269",3269-04-24
"November 14, 6912",6912-11-14
"November 29, 8056",8056-11-29
"October 23, 9355",9355-10-23
"December 3, 6224",6224-12-03
"February 1, 5994",5994-02-01
"June 16, 1557",1557-06-16
"March 1, 6337",6337-03-01
"February 4, 4235",4235-02-04
"July 23, 1457",1457-07-23
"November 7, 2395",2395-11-07
"August 17, 6622",6622-08-17
"May 5, 6285",6285-05-05
"September 7, 5215",5215-09-07
"January 10, 1575",1575-01-10
"June 15, 7882",7882-06-15
"March 18, 8882",8882-03-18
"November 9, 5240",5240-11-09
"August 16, 3897",3897-08-16
"August 8, 5888",5888-08-08
"April 13, 4875",4875-04-13
"May 26, 8751",8751-05-26
"October 22, 4400",4400-10-22
"January 9, 9806",9806-01-09
"March 19, 1270",1270-03-19
"September 18, 7232",7232-09-18
"October 30, 4068",4068-10-30
"June 12, 3052",3052-06-12
"June 15, 4367",4367-06-15
"May 2, 5098",5098-05-02
"May 11, 5789",5789-05-11
"March 7, 1201",1201-03-07
"July 15, 6130",6130-07-15
"December 16, 4727",4727-12-16
"June 25, 4418",4418-06-25
"May 20, 8303",8303-05-20
"December 28, 1408",1408-12-28
"September 11, 7841",7841-09-11
"July 12, 2282",2282-07-12
"June 17, 5102",5102-06-17
"November 28, 9404",9404-11-28
"June 11, 1420",1420-06-11
"November 19, 7100",7100-11-19
"September 20, 9482",9482-09-20
"December 23, 5549",5549-12-23
"February 19, 3855",3855-02-19
"April 26, 3012",3012-04-26
"March 1, 1965",1965-03-01
"July 26, 7143",7143-07-26
"January 13, 2086",2086-01-13
"July 25, 2447",2447-07-25
"February 23, 9346",9346-02-23
"January 15, 2661",2661-01-15
"March 17, 8268",8268-03-17
"August 5, 6666",6666-08-05
"August 5, 5950",5950-08-05
"July 4, 4154",4154-07-04
"April 14, 4966",4966-04-14
"November 7, 6259",6259-11-07
"February 13, 8912",8912-02-13
"February 27, 8088",8088-02-27
"February 28, 3803",3803-02-28
"November 27, 9413",9413-11-27
"May 7, 7012",7012-05-07
"December 18, 7534",7534-12-18
"April 25, 6264",6264-04-25
"September 15, 1466",1466-09-15
"November 29, 1878",1878-11-29
"June 2, 4750",4750-06-02
"January 13, 5281",5281-01-13
"September 5, 1439",1439-09-05
"March 23, 2685",2685-03-23
"July 31, 7997",7997-07-31
"December 17, 9311",9311-12-17
"June 1, 8324",8324-06-01
"April 3, 2161",2161-04-03
"September 28, 5385",5385-09-28
"November 14, 6886",6886-11-14
"March 16, 9330",9330-03-16
"July 4, 1904",1904-07-04
"November 7, 4878",4878-11-07
"February 3, 8312",8312-02-03
"April 17, 9604",9604-04-17
"November 21, 4467",4467-11-21
"March 3, 5852",5852-03-03
"December 9, 5601",5601-12-09
"January 16, 1257",1257-01-16
"March 9, 3112",3112-03-09
"August 2, 9575",9575-08-02
"August 29, 3949",3949-08-29
"July 4, 9286",9286-07-04
"August 6, 8497",8497-08-06
"September 16, 9528",9528-09-16
"June 18, 1910",1910-06-18
"May 28, 5977",5977-05-28
"December 26, 2336",2336-12-26
"October 5, 3200",3200-10-05
"December 10, 7555",7555-12-10
"December 11, 3996",3996-12-11
"November 5, 4481",4481-11-05
"February 5, 8069",8069-02-05
"January 13, 6903",6903-01-13
"June 24, 7191",7191-06-24
"February 27, 3799",3799-02-27
"July 31, 8972",8972-07-31
"October 4, 1560",1560-10-04
"August 2, 5297",5297-08-02
"December 21, 7583",7583-12-21
"October 24, 6430",6430-10-24
"May 20, 3471",3471-05-20
"October 21, 9735",9735-10-21
"September 18, 6017",6017-09-18
"July 19, 4155",4155-07-19
"October 6, 9576",9576-10-06
"August 23, 8910",8910-08-23
"October 20, 9937",9937-10-20
"August 30, 3132",3132-08-30
"April 14, 4179",4179-04-14
"October 5, 6759",6759-10-05
"July 22, 8710",8710-07-22
"April 15, 1525",1525-04-15
"April 3, 7943",7943-04-03
"March 7, 5578",5578-03-07
"July 11, 3081",3081-07-11
"April 13, 8788",8788-04-13
"October 29, 4271",4271-10-29
"May 7, 4131",4131-05-07
"January 2, 1058",1058-01-02
"December 6, 5675",5675-12-06
"September 3, 3378",3378-09-03
"December 17, 1214",1214-12-17
"October 7, 9980",9980-10-07
"December 12, 5757",5757-12-12
"March 7, 8547",8547-03-07
"March 12, 2490",2490-03-12
"May 4, 4155",4155-05-04
"September 26, 4066",4066-09-26
"July 2, 6310",6310-07-02
"August 7, 7879",7879-08-07
"June 13, 8290",8290-06-13
"August 15, 4653",4653-08-15
"August 10, 2115",2115-08-10
"August 6, 3541",3541-08-06
"October 20, 3581",3581-10-20
"July 18, 1207",1207-07-18
"December 25, 9141",9141-12-25
"September 8, 4727",4727-09-08
"July 18, 3538",3538-07-18
"October 7, 1731",1731-10-07
"December 3, 8020",8020-12-03
"May 7, 4305",4305-05-07
"December 15, 9361",9361-12-15
"September 20, 9176",9176-09-20
"February 25, 7997",7997-02-25
"November 10, 6289",6289-11-10
"May 19, 7751",7751-05-19
"November 26, 5831",5831-11-26
"June 26, 8289",8289-06-26
"May 27, 7835",7835-05-27
"April 6, 4775",4775-04-06
"November 23, 7217",7217-11-23
"July 31, 5467",5467-07-31
"August 22, 6461",6461-08-22
"December 3, 7403",7403-12-03
"April 26, 1144",1144-04-26
"April 25, 4938",4938-04-25
"April 11, 4911",4911-04-11
"August 28, 4670",4670-08-28
"July 15, 4977",4977-07-15
"February 15, 6103",6103-02-15
"December 20, 2742",2742-12-20
"October 30, 6304",6304-10-30
"May 28, 9527",9527-05-28
"January 13, 6730",6730-01-13
"November 18, 3418",3418-11-18
"January 17, 7112",7112-01-17
"May 30, 9012",9012-05-30
"May 14, 2952",2952-05-14
"April 24, 8728",8728-04-24
"April 25, 5479",5479-04-25
"April 11, 3936",3936-04-11
"March 10, 5627",5627-03-10
"July 15, 1370",1370-07-15
"March 17, 8587",8587-03-17
"September 28, 7560",7560-09-28
"September 18, 1902",1902-09-18
"July 28, 8250",8250-07-28
"March 22, 6587",6587-03-22
"January 18, 7446",7446-01-18
"April 13, 4965",4965-04-13
"March 14, 1954",1954-03-14
"June 9, 3383",3383-06-09
"November 14, 9589",9589-11-14
"August 17, 7081",7081-08-17
"August 27, 5239",5239-08-27
"May 24, 4491",4491-05-24
"March 9, 4351",4351-03-09
"July 23, 9622",9622-07-23
"March 22, 4621",4621-03-22
"November 3, 6184",6184-11-03
"September 18, 8745",8745-09-18
"March 20, 6367",6367-03-20
"July 5, 1339",1339-07-05
"April 21, 2790",2790-04-21
"September 7, 8175",8175-09-07
"March 11, 7717",7717-03-11
"September 18, 2914",2914-09-18
"October 26, 8168",8168-10-26
"December 10, 5037",5037-12-10
"January 3, 7487",7487-01-03
"July 15, 5955",5955-07-15
"March 19, 5770",5770-03-19
"April 11, 9784",9784-04-11
"October 23, 1268",1268-10-23
"August 27, 9628",9628-08-27
"January 22, 4260",4260-01-22
"December 8, 7389",7389-12-08
"May 29, 9544",9544-05-29
"August 31, 6635",6635-08-31
"June 2, 3695",3695-06-02
"August 15, 5309",5309-08-15
"July 5, 7173",7173-07-05
"May 12, 2512",2512-05-12
"September 24, 5345",5345-09-24
"December 15, 7971",7971-12-15
"February 27, 2418",2418-02-27
"September 5, 2113",2113-09-05
"August 21, 5544",5544-08-21
"December 9, 3506",3506-12-09
"July 20, 3426",3426-07-20
"June 19, 2270",2270-06-19
"March 21, 7554",7554-03-21
"October 10, 4322",4322-10-10
"March 26, 3051",3051-03-26
"March 31, 2827",2827-03-31
"June 30, 9806",9806-06-30
"October 17, 9928",9928-10-17
"April 7, 9434",9434-04-07
"April 8, 5606",5606-04-08
"October 18, 7316",7316-10-18
"March 30, 5691",5691-03-30
"July 8, 5042",5042-07-08
"June 3, 9627",9627-06-03
"August 3, 3500",3500-08-03
"March 22, 5802",5802-03-22
"July 16, 7881",7881-07-16
"July 20, 4202",4202-07-20
"November 28, 4667",4667-11-28
"February 14, 9848",9848-02-14
"July 24, 5170",5170-07-24
"November 4, 8237",8237-11-04
"February 12, 2213",2213-02-12
"October 25, 8627",8627-10-25
"June 14, 8887",8887-06-14
"July 15, 8270",8270-07-15
"September 6, 9747",9747-09-06
"January 8, 8306",8306-01-08
"March 17, 4649",4649-03-17
"April 10, 6768",6768-04-10
"December 8, 7150",7150-12-08
"February 15, 7115",7115-02-15
"July 28, 5503",5503-07-28
"December 14, 3584",3584-12-14
"December 28, 5638",5638-12-28
"June 22, 6682",6682-06-22
"February 14, 9691",9691-02-14
"May 31, 6327",6327-05-31
"July 27, 4287",4287-07-27
"May 18, 6161",6161-05-18
"July 23, 2802",2802-07-23
"October 19, 3039",3039-10-19
"January 26, 5594",5594-01-26
"December 20, 4311",4311-12-20
"April 29, 1038",1038-04-29
"December 5, 7116",7116-12-05
"February 27, 4836",4836-02-27
"April 1, 9761",9761-04-01
"August 24, 6328",6328-08-24
"June 10, 8535",8535-06-10
"April 16, 2978",2978-04-16
"May 8, 8847",8847-05-08
"February 7, 2129",2129-02-07
"April 14, 5402",5402-04-14
"April 23, 7662",7662-04-23
"December 30, 8499",8499-12-30
"April 20, 5801",5801-04-20
"April 1, 5803",5803-04-01
"August 28, 5711",5711-08-28
"December 19, 3168",3168-12-19
"May 14, 8308",8308-05-14
"June 30, 1333",1333-06-30
"December 7, 8106",8106-12-07
"July 17, 3574",3574-07-17
"April 23, 2591",2591-04-23
"August 18, 8001",8001-08-18
"December 5, 8118",8118-12-05
"May 29, 6780",6780-05-29
"July 1, 1924",1924-07-01
"March 18, 7885",7885-03-18
"May 17, 7552",7552-05-17
"September 16, 9407",9407-09-16
"March 20, 5694",5694-03-20
"March 19, 1262",1262-03-19
"May 29, 4732",4732-05-29
"November 8, 8002",8002-11-08
"March 23, 3870",3870-03-23
"July 21, 2911",2911-07-21
"September 11, 7537",7537-09-11
"December 11, 8182",8182-12-11
"April 10, 6419",6419-04-10
"December 17, 8858",8858-12-17
"August 15, 2044",2044-08-15
"May 2, 5252",5252-05-02
"November 25, 1260",1260-11-25
"December 6, 9531",9531-12-06
"August 3, 7905",7905-08-03
"August 14, 8511",8511-08-14
"January 9, 5471",5471-01-09
"August 13, 7339",7339-08-13
"December 24, 6871",6871-12-24
"September 13, 3216",3216-09-13
"March 20, 2853",2853-03-20
"November 3, 6256",6256-11-03
"March 11, 5238",5238-03-11
"May 6, 9303",9303-05-06
"March 16, 3748",3748-03-16
"January 22, 3012",3012-01-22
"March 16, 6422",6422-03-16
"June 8, 9185",9185-06-08
"April 4, 3294",3294-04-04
"January 16, 4706",4706-01-16
"April 21, 2523",2523-04-21
"June 29, 4364",4364-06-29
"April 14, 1744",1744-04-14
"September 23, 1354",1354-09-23
"March 11, 3377",3377-03-11
"December 17, 7632",7632-12-17
"January 4, 6296",6296-01-04
"March 12, 6273",6273-03-12
"January 10, 3814",3814-01-10
"January 6, 8851",8851-01-06
"June 25, 7927",7927-06-25
"September 28, 6094",6094-09-28
"September 12, 3777",3777-09-12
"March 14, 3031",3031-03-14
"August 11, 6298",6298-08-11
"April 11, 6744",6744-04-11
"May 9, 8365",8365-05-09
"June 27, 2276",2276-06-27
"March 8, 7936",7936-03-08
"January 20, 4804",4804-01-20
"December 15, 2828",2828-12-15
"December 2, 3811",3811-12-02
"November 14, 6307",6307-11-14
"September 13, 9291",9291-09-13
"January 16, 1802",1802-01-16
"January 17, 1079",1079-01-17
"September 24, 9596",9596-09-24
"March 7, 1371",1371-03-07
"February 5, 8832",8832-02-05
"December 10, 8772",8772-12-10
"April 30, 5666",5666-04-30
"October 22, 6968",6968-10-22
"September 14, 6399",6399-09-14
"October 25, 5424",5424-10-25
"January 20, 1808",1808-01-20
"February 29, 9992",9992-02-29
"September 11, 5789",5789-09-11
"January 28, 3986",3986-01-28
"December 31, 9221",9221-12-31
"August 16, 7170",7170-08-16
"April 24, 2389",2389-04-24
"November 30, 9219",9219-11-30
"February 19, 9918",9918-02-19
"April 16, 7970",7970-04-16
"December 4, 8430",8430-12-04
"March 19, 7134",7134-03-19
"January 29, 9208",9208-01-29
"May 23, 1272",1272-05-23
"October 22, 6035",6035-10-22
"May 30, 6521",6521-05-30
"June 20, 9337",9337-06-20
"July 24, 1686",1686-07-24
"April 11, 4364",4364-04-11
"January 14, 5575",5575-01-14
"May 8, 9327",9327-05-08
"February 29, 9828",9828-02-29
"April 9, 1458",1458-04-09
"November 2, 5172",5172-11-02
"November 23, 5586",5586-11-23
"June 10, 9229",9229-06-10
"July 21, 6874",6874-07-21
"April 11, 8226",8226-04-11
"February 5, 8460",8460-02-05
"April 25, 6053",6053-04-25
"September 30, 5921",5921-09-30
"August 15, 2424",2424-08-15
"December 19, 2189",2189-12-19
"June 3, 2676",2676-06-03
"June 10, 4014",4014-06-10
"November 24, 9703",9703-11-24
"May 3, 7658",7658-05-03
"October 18, 9653",9653-10-18
"September 6, 2283",2283-09-06
"February 7, 9291",9291-02-07
"March 13, 2940",2940-03-13
"May 3, 5208",5208-05-03
"July 3, 5741",5741-07-03
"June 2, 8539",8539-06-02
"July 13, 4902",4902-07-13
"February 6, 2630",2630-02-06
"April 22, 3791",3791-04-22
"November 21, 6541",6541-11-21
"July 15, 3412",3412-07-15
"July 3, 4037",4037-07-03
"May 10, 2115",2115-05-10
"November 21, 4789",4789-11-21
"November 21, 8372",8372-11-21
"May 15, 8966",8966-05-15
"August 3, 1850",1850-08-03
"April 11, 6262",6262-04-11
"November 2, 9142",9142-11-02
"January 30, 6645",6645-01-30
"June 13, 9641",9641-06-13
"May 15, 3810",3810-05-15
"November 14, 9692",9692-11-14
"September 26, 3985",3985-09-26
"June 25, 4932",4932-06-25
"January 8, 4391",4391-01-08
"June 10, 8914",8914-06-10
"June 11, 6106",6106-06-11
"March 9, 4797",4797-03-09
"December 12, 6171",6171-12-12
"July 1, 9033",9033-07-01
"November 16, 3961",3961-11-16
"May 8, 7525",7525-05-08
"June 5, 4161",4161-06-05
"March 9, 7826",7826-03-09
"June 24, 1410",1410-06-24
"September 27, 9742",9742-09-27
"December 13, 2607",2607-12-13
"November 7, 2699",2699-11-07
"November 29, 6991",6991-11-29
"March 23, 4312",4312-03-23
"November 21, 1297",1297-11-21
"February 16, 3538",3538-02-16
"September 17, 5258",5258-09-17
"June 21, 7471",7471-06-21
"May 21, 5165",5165-05-21
"January 15, 9197",9197-01-15
"March 29, 4344",4344-03-29
"August 6, 4521",4521-08-06
"May 23, 9220",9220-05-23
"November 19, 2817",2817-11-19
"July 24, 7518",7518-07-24
"May 27, 8279",8279-05-27
"July 13, 4499",4499-07-13
"December 27, 6457",6457-12-27
"September 21, 9188",9188-09-21
"March 18, 6051",6051-03-18
"September 4, 8731",8731-09-04
"April 14, 4386",4386-04-14
"July 18, 2773",2773-07-18
"September 29, 9540",9540-09-29
"January 22, 8982",8982-01-22
"April 2, 2476",2476-04-02
"August 26, 2682",2682-08-26
"September 19, 7975",7975-09-19
"January 14, 4357",4357-01-14
"April 24, 5412",5412-04-24
"October 20, 3954",3954-10-20
"May 2, 8312",8312-05-02
"April 28, 3617",3617-04-28
"August 6, 1321",1321-08-06
"August 24, 3430",3430-08-24
"August 4, 7697",7697-08-04
"January 13, 4479",4479-01-13
"October 2, 2703",2703-10-02
"February 16, 7709",7709-02-16
"July 28, 1138",1138-07-28
"February 4, 3979",3979-02-04
"November 23, 5181",5181-11-23
"April 14, 9281",9281-04-14
"June 20, 6840",6840-06-20
"July 18, 9560",9560-07-18
"December 9, 6934",6934-12-09
"July 24, 5660",5660-07-24
"May 22, 6477",6477-05-22
"February 27, 8102",8102-02-27
"December 3, 2956",2956-12-03
"October 25, 4952",4952-10-25
"September 29, 8393",8393-09-29
"January 11, 2790",2790-01-11
"June 9, 7742",7742-06-09
"May 21, 6754",6754-05-21
"April 4, 4609",4609-04-04
"October 22, 7009",7009-10-22
"January 13, 5299",5299-01-13
"July 24, 5340",5340-07-24
"May 17, 6572",6572-05-17
"September 15, 8445",8445-09-15
"February 13, 2942",2942-02-13
"August 15, 7031",7031-08-15
"September 15, 6535",6535-09-15
"January 30, 3014",3014-01-30
"January 19, 6558",6558-01-19
"April 23, 5362",5362-04-23
"June 11, 1163",1163-06-11
"August 11, 8679",8679-08-11
"August 6, 1743",1743-08-06
"August 12, 4931",4931-08-12
"October 22, 3581",3581-10-22
"December 23, 4551",4551-12-23
"July 22, 3370",3370-07-22
"November 22, 3575",3575-11-22
"July 24, 2723",2723-07-24
"January 26, 4196",4196-01-26
"May 27, 7989",7989-05-27
"June 2, 9934",9934-06-02
"October 26, 9368",9368-10-26
"May 5, 2373",2373-05-05
"April 23, 8464",8464-04-23
"August 10, 3261",3261-08-10
"December 4, 5093",5093-12-04
"December 1, 6727",6727-12-01
"September 3, 6274",6274-09-03
"November 12, 7538",7538-11-12
"November 9, 8333",8333-11-09
"February 10, 1140",1140-02-10
"September 21, 9569",9569-09-21
"September 3, 9992",9992-09-03
"October 10, 7018",7018-10-10
"July 12, 3622",3622-07-12
"September 13, 9513",9513-09-13
"October 11, 3325",3325-10-11
"December 27, 5174",5174-12-27
"December 4, 8627",8627-12-04
"February 16, 1377",1377-02-16
"February 14, 5576",5576-02-14
"May 11, 8193",8193-05-11
"January 16, 2135",2135-01-16
"January 10, 4784",4784-01-10
"December 23, 6826",6826-12-23
"September 3, 1771",1771-09-03
"July 1, 4117",4117-07-01
"September 15, 7353",7353-09-15
"November 28, 7140",7140-11-28
"April 27, 9512",9512-04-27
"January 28, 7175",7175-01-28
"May 6, 1912",1912-05-06
"October 17, 1642",1642-10-17
"December 16, 6128",6128-12-16
"October 17, 7507",7507-10-17
"May 6, 7005",7005-05-06
"August 13, 3847",3847-08-13
"December 14, 3809",3809-12-14
"August 20, 3940",3940-08-20
"May 25, 9491",9491-05-25
"November 17, 3097",3097-11-17
"March 28, 8920",8920-03-28
"August 14, 8473",8473-08-14
"June 27, 3814",3814-06-27
"March 3, 3622",3622-03-03
"July 14, 8919",8919-07-14
"February 13, 9238",9238-02-13
"April 15, 6237",6237-04-15
"July 19, 3037",3037-07-19
"January 7, 1462",1462-01-07
"February 7, 7995",7995-02-07
"December 4, 4051",4051-12-04
"September 4, 7338",7338-09-04
"June 8, 4186",4186-06-08
"February 18, 2049",2049-02-18
"August 6, 9533",9533-08-06
"January 19, 3182",3182-01-19
"May 13, 9421",9421-05-13
"February 24, 1731",1731-02-24
"February 21, 2522",2522-02-21
"November 7, 7000",7000-11-07
"October 15, 4476",4476-10-15
"December 13, 1698",1698-12-13
"July 7, 3385",3385-07-07
"July 6, 3613",3613-07-06
"April 28, 3801",3801-04-28
"September 11, 7725",7725-09-11
"November 5, 9746",9746-11-05
"January 31, 7675",7675-01-31
"December 4, 6480",6480-12-04
"July 7, 6331",6331-07-07
"July 1, 2128",2128-07-01
"December 9, 7165",7165-12-09
"June 10, 9973",9973-06-10
"August 13, 1586",1586-08-13
"August 24, 4661",4661-08-24
"July 13, 8279",8279-07-13
"December 6, 1838",1838-12-06
"September 5, 3255",3255-09-05
"August 7, 6492",6492-08-07
"October 7, 2336",2336-10-07
"August 2, 6074",6074-08-02
"July 30, 1957",1957-07-30
"August 11, 6466",6466-08-11
"October 27, 3266",3266-10-27
"December 8, 2146",2146-12-08
"May 9, 7228",7228-05-09
"March 1, 7768",7768-03-01
"November 27, 3468",3468-11-27
"July 29, 7870",7870-07-29
"March 3, 6595",6595-03-03
"August 20, 4444",4444-08-20
"December 17, 7537",7537-12-17
"April 10, 1110",1110-04-10
"March 4, 7680",7680-03-04
"February 24, 5935",5935-02-24
"September 12, 2280",2280-09-12
"December 28, 9267",9267-12-28
"February 16, 6083",6083-02-16
"April 26, 9927",9927-04-26
"September 8, 8379",8379-09-08
"December 29, 3236",3236-12-29
"February 18, 7763",7763-02-18
"April 28, 8291",8291-04-28
"September 8, 8055",8055-09-08
"May 13, 9676",9676-05-13
"June 14, 6239",6239-06-14
"September 8, 1005",1005-09-08
"December 22, 3890",3890-12-22
"January 29, 9665",9665-01-29
"October 9, 5675",5675-10-09
"September 21, 7905",7905-09-21
"February 10, 4109",4109-02-10
"November 20, 6656",6656-11-20
"August 20, 8247",8247-08-20
"March 24, 3027",3027-03-24
"December 20, 4773",4773-12-20
"July 22, 6825",6825-07-22
"October 18, 6549",6549-10-18
"November 17, 6904",6904-11-17
"July 17, 4258",4258-07-17
"February 21, 8410",8410-02-21
"December 1, 4440",4440-12-01
"December 20, 4033",4033-12-20
"June 20, 7111",7111-06-20
"September 3, 3859",3859-09-03
"July 19, 4917",4917-07-19
"April 22, 4161",4161-04-22
"January 31, 8784",8784-01-31
"May 6, 7445",7445-05-06
"December 22, 6776",6776-12-22
"March 9, 4546",4546-03-09
"November 4, 8187",8187-11-04
"April 17, 6053",6053-04-17
"January 30, 2280",2280-01-30
"August 22, 9688",9688-08-22
"February 2, 3092",3092-02-02
"March 9, 6599",6599-03-09
"November 4, 1074",1074-11-04
"August 28, 4665",4665-08-28
"June 14, 6851",6851-06-14
"February 11, 6403",6403-02-11
"June 9, 6693",6693-06-09
"May 1, 2873",2873-05-01
"March 20, 3053",3053-03-20
"November 10, 1752",1752-11-10
"July 29, 9732",9732-07-29
"February 3, 5961",5961-02-03
"March 14, 8728",8728-03-14
"May 18, 4498",4498-05-18
"December 24, 2085",2085-12-24
"July 8, 6089",6089-07-08
"May 9, 4932",4932-05-09
"March 16, 8325",8325-03-16
"October 8, 8888",8888-10-08
"December 17, 7184",7184-12-17
"July 19, 3097",3097-07-19
"March 6, 3223",3223-03-06
"May 7, 9943",9943-05-07
"May 27, 2248",2248-05-27
"April 21, 9760",9760-04-21
"December 7, 3661",3661-12-07
"June 30, 3448",3448-06-30
"October 9, 4527",4527-10-09
"March 31, 6762",6762-03-31
"November 29, 4506",4506-11-29
"December 9, 4674",4674-12-09
"April 12, 9801",9801-04-12
"November 26, 7090",7090-11-26
"November 2, 6418",6418-11-02
"November 10, 2181",2181-11-10
"May 13, 8863",8863-05-13
"October 15, 4445",4445-10-15
"July 28, 7999",7999-07-28
"November 30, 3414",3414-11-30
"March 29, 7557",7557-03-29
"September 12, 8715",8715-09-12
"May 5, 2775",2775-05-05
"December 31, 4717",4717-12-31
"November 24, 2795",2795-11-24
"October 2, 3203",3203-10-02
"January 5, 9801",9801-01-05
"April 8, 5550",5550-04-08
"August 16, 2972",2972-08-16
"October 4, 2813",2813-10-04
"June 3, 8006",8006-06-03
"December 9, 8608",8608-12-09
"June 14, 2804",2804-06-14
"January 1, 4740",4740-01-01
"November 25, 6930",6930-11-25
"August 26, 6440",6440-08-26
"June 8, 8504",8504-06-08
"May 23, 7835",7835-05-23
"August 16, 5787",5787-08-16
"May 29, 9954",9954-05-29
"June 25, 9342",9342-06-25
"June 28, 4093",4093-06-28
"July 29, 3626",3626-07-29
"July 13, 4018",4018-07-13
"January 21, 6420",6420-01-21
"August 19, 4486",4486-08-19
"January 8, 5258",5258-01-08
"December 20, 2664",2664-12-20
"August 27, 4516",4516-08-27
"May 3, 4832",4832-05-03
"April 3, 9345",9345-04-03
"June 8, 5064",5064-06-08
"October 1, 9557",9557-10-01
"April 27, 4621",4621-04-27
"April 9, 6164",6164-04-09
"February 23, 4537",4537-02-23
"December 16, 5883",5883-12-16
"July 25, 7468",7468-07-25
"April 16, 5519",5519-04-16
"July 1, 9758",9758-07-01
"February 1, 5790",5790-02-01
"February 21, 1065",1065-02-21
"January 26, 9753",9753-01-26
"April 24, 5640",5640-04-24
"February 17, 1635",1635-02-17
"May 12, 5694",5694-05-12
"September 29, 5060",5060-09-29
"January 13, 8416",8416-01-13
"November 28, 2606",2606-11-28
"September 30, 6246",6246-09-30
"June 29, 9808",9808-06-29
"November 21, 4148",4148-11-21
"September 12, 1223",1223-09-12
"May 10, 9088",9088-05-10
"February 20, 3322",3322-02-20
"August 2, 3395",3395-08-02
"October 13, 8602",8602-10-13
"December 29, 9229",9229-12-29
"December 30, 3938",3938-12-30
"May 2, 4385",4385-05-02
"November 4, 5288",5288-11-04
"December 2, 1271",1271-12-02
"December 15, 4695",4695-12-15
"March 25, 5909",5909-03-25
"May 29, 5391",5391-05-29
"January 17, 4740",4740-01-17
"August 22, 7408",7408-08-22
"July 4, 7430",7430-07-04
"August 2, 9486",9486-08-02
"June 6, 3290",3290-06-06
"September 29, 3468",3468-09-29
"October 9, 8091",8091-10-09
"August 11, 6775",6775-08-11
"December 22, 6053",6053-12-22
"February 1, 4146",4146-02-01
"November 6, 2226",2226-11-06
"September 10, 1854",1854-09-10
"February 6, 3792",3792-02-06
"March 6, 2842",2842-03-06
"September 21, 4737",4737-09-21
"December 3, 9300",9300-12-03
"June 29, 6508",6508-06-29
"September 19, 9282",9282-09-19
"February 5, 7809",7809-02-05
"October 29, 6395",6395-10-29
"March 31, 1528",1528-03-31
"April 28, 9971",9971-04-28
"July 3, 8572",8572-07-03
"May 2, 5479",5479-05-02
"June 10, 8898",8898-06-10
"January 17, 9113",9113-01-17
"December 29, 6592",6592-12-29
"February 19, 3869",3869-02-19
"January 19, 4217",4217-01-19
"March 2, 7967",7967-03-02
"September 17, 7730",7730-09-17
"July 29, 5306",5306-07-29
"March 3, 1681",1681-03-03
"November 23, 2164",2164-11-23
"May 25, 1644",1644-05-25
"April 2, 8345",8345-04-02
"May 6, 4935",4935-05-06
"January 3, 4170",4170-01-03
"December 27, 7176",7176-12-27
"August 10, 5242",5242-08-10
"April 2, 6031",6031-04-02
"January 19, 4264",4264-01-19
"January 13, 2275",2275-01-13
"June 10, 6418",6418-06-10
"January 27, 2542",2542-01-27
"September 19, 9610",9610-09-19
"August 29, 1849",1849-08-29
"December 16, 4726",4726-12-16
"August 5, 9902",9902-08-05
"March 1, 9411",9411-03-01
"August 30, 5751",5751-08-30
"November 25, 2742",2742-11-25
"May 13, 2727",2727-05-13
"February 17, 7773",7773-02-17
"December 11, 4431",4431-12-11
"August 10, 7592",7592-08-10
"August 27, 3296",3296-08-27
"November 30, 7451",7451-11-30
"August 14, 2010",2010-08-14
"October 27, 6032",6032-10-27
"February 3, 3816",3816-02-03
"October 24, 4764",4764-10-24
"January 18, 7577",7577-01-18
"October 9, 7276",7276-10-09
"July 22, 9759",9759-07-22
"February 13, 8587",8587-02-13
"December 31, 3993",3993-12-31
"August 19, 7392",7392-08-19
"February 11, 7098",7098-02-11
"July 20, 4346",4346-07-20
"October 4, 8918",8918-10-04
"December 9, 1250",1250-12-09
"January 28, 2613",2613-01-28
"July 5, 9866",9866-07-05
"April 21, 9841",9841-04-21
"December 6, 1780",1780-12-06
"December 7, 9029",9029-12-07
"June 23, 9169",9169-06-23
"January 22, 9487",9487-01-22
"May 30, 4605",4605-05-30
"March 22, 5148",5148-03-22
"June 4, 9873",9873-06-04
"November 11, 6119",6119-11-11
"May 25, 9581",9581-05-25
"October 30, 3466",3466-10-30
"August 6, 3114",3114-08-06
"April 23, 4689",4689-04-23
"January 30, 6378",6378-01-30
"August 13, 3614",3614-08-13
"September 10, 6291",6291-09-10
"May 30, 5159",5159-05-30
"March 7, 4824",4824-03-07
"January 25, 3285",3285-01-25
"February 1, 8782",8782-02-01
"February 26, 9085",9085-02-26
"July 22, 3974",3974-07-22
"June 7, 3932",3932-06-07
"September 15, 7931",7931-09-15
"September 23, 9585",9585-09-23
"September 17, 1265",1265-09-17
"October 22, 2610",2610-10-22
"September 26, 2368",2368-09-26
"March 29, 8375",8375-03-29
"March 24, 5717",5717-03-24
"April 22, 5907",5907-04-22
"January 19, 5551",5551-01-19
"February 21, 6585",6585-02-21
"July 28, 1551",1551-07-28
"November 30, 7067",7067-11-30
"April 21, 1692",1692-04-21
"August 13, 6882",6882-08-13
"November 1, 5288",5288-11-01
"January 19, 1186",1186-01-19
"June 12, 7496",7496-06-12
"September 18, 6020",6020-09-18
"June 10, 1368",1368-06-10
"March 4, 6790",6790-03-04
"December 13, 4755",4755-12-13
"June 25, 7187",7187-06-25
"January 18, 6650",6650-01-18
"October 21, 4245",4245-10-21
"December 16, 7600",7600-12-16
"September 7, 4832",4832-09-07
"November 26, 8284",8284-11-26
"August 29, 1770",1770-08-29
"December 15, 9433",9433-12-15
"August 14, 1867",1867-08-14
"October 7, 7491",7491-10-07
"February 20, 2058",2058-02-20
"March 13, 7411",7411-03-13
"December 23, 9963",9963-12-23
"January 4, 2290",2290-01-04
"July 23, 7106",7106-07-23
"December 25, 2816",2816-12-25
"November 2, 6896",6896-11-02
"June 18, 2007",2007-06-18
"September 26, 7590",7590-09-26
"June 19, 6379",6379-06-19
"May 14, 8005",8005-05-14
"May 7, 8466",8466-05-07
"January 30, 3192",3192-01-30
"August 13, 9634",9634-08-13
"April 7, 1839",1839-04-07
"April 4, 9809",9809-04-04
"April 3, 8854",8854-04-03
"October 29, 5948",5948-10-29
"May 30, 4179",4179-05-30
"February 4, 6348",6348-02-04
"June 4, 6182",6182-06-04
"August 30, 9485",9485-08-30
"November 14, 2747",2747-11-14
"June 11, 8469",8469-06-11
"July 11, 4794",4794-07-11
"August 8, 1838",1838-08-08
"April 10, 3086",3086-04-10
"July 18, 8439",8439-07-18
"August 25, 7605",7605-08-25
"March 31, 4902",4902-03-31
"February 7, 6214",6214-02-07
"January 24, 7060",7060-01-24
"January 1, 9970",9970-01-01
"May 23, 8953",8953-05-23
"August 29, 9491",9491-08-29
"June 26, 5965",5965-06-26
"September 16, 1246",1246-09-16
"April 13, 5610",5610-04-13
"January 26, 7600",7600-01-26
"January 17, 4374",4374-01-17
"December 19, 1072",1072-12-19
"March 19, 8162",8162-03-19
"January 3, 5478",5478-01-03
"September 18, 1216",1216-09-18
"January 17, 1098",1098-01-17
"June 15, 3586",3586-06-15
"February 20, 4702",4702-02-20
"March 23, 5905",5905-03-23
"March 24, 2728",2728-03-24
"July 26, 3972",3972-07-26
"August 2, 3559",3559-08-02
"October 3, 7710",7710-10-03
"February 20, 8746",8746-02-20
"November 16, 9816",9816-11-16
"October 9, 4750",4750-10-09
"June 20, 7113",7113-06-20
"August 30, 6256",6256-08-30
"November 2, 8505",8505-11-02
"March 21, 8641",8641-03-21
"July 13, 3300",3300-07-13
"July 22, 9841",9841-07-22
"August 18, 7596",7596-08-18
"August 11, 5072",5072-08-11
"September 8, 9209",9209-09-08
"May 23, 7624",7624-05-23
"June 15, 2752",2752-06-15
"August 26, 3168",3168-08-26
"September 28, 9876",9876-09-28
"November 2, 2702",2702-11-02
"April 13, 3367",3367-04-13
"June 26, 4542",4542-06-26
"April 9, 3085",3085-04-09
"August 28, 2158",2158-08-28
"February 25, 1301",1301-02-25
"August 13, 7125",7125-08-13
"March 27, 7912",7912-03-27
"January 22, 1453",1453-01-22
"January 21, 9951",9951-01-21
"February 18, 2462",2462-02-18
"January 10, 7202",7202-01-10
"April 8, 5002",5002-04-08
"June 8, 1795",1795-06-08
"June 9, 4760",4760-06-09
"March 15, 4621",4621-03-15
"June 4, 3642",3642-06-04
"February 19, 8558",8558-02-19
"November 11, 3397",3397-11-11
"April 6, 3316",3316-04-06
"September 22, 4478",4478-09-22
"February 23, 2875",2875-02-23
"April 23, 5872",5872-04-23
"December 15, 4112",4112-12-15
"June 10, 3675",3675-06-10
"August 27, 3494",3494-08-27
"April 26, 9869",9869-04-26
"August 22, 5080",5080-08-22
"June 18, 1313",1313-06-18
"November 2, 2576",2576-11-02
"August 31, 6048",6048-08-31
"October 1, 2413",2413-10-01
"August 31, 5307",5307-08-31
"December 16, 1291",1291-12-16
"March 6, 6098",6098-03-06
"February 24, 9543",9543-02-24
"November 15, 9496",9496-11-15
"April 21, 3395",3395-04-21
"July 22, 5368",5368-07-22
"February 27, 1565",1565-02-27
"January 8, 6131",6131-01-08
"February 7, 6036",6036-02-07
"January 4, 5584",5584-01-04
"January 29, 3281",3281-01-29
"May 27, 3361",3361-05-27
"September 6, 9853",9853-09-06
"July 28, 5369",5369-07-28
"October 29, 7777",7777-10-29
"June 5, 2431",2431-06-05
"April 10, 2066",2066-04-10
"September 30, 3010",3010-09-30
"October 14, 6818",6818-10-14
"January 5, 7641",7641-01-05
"February 3, 9320",9320-02-03
"March 31, 6931",6931-03-31
"August 7, 2397",2397-08-07
"June 26, 2870",2870-06-26
"July 29, 9688",9688-07-29
"May 28, 3407",3407-05-28
"February 24, 2382",2382-02-24
"September 25, 6616",6616-09-25
"April 1, 9505",9505-04-01
"November 6, 7945",7945-11-06
"August 15, 5115",5115-08-15
"January 24, 9609",9609-01-24
"December 4, 4638",4638-12-04
"March 3, 5767",5767-03-03
"February 25, 3193",3193-02-25
"April 28, 3415",3415-04-28
"August 10, 2042",2042-08-10
"February 28, 6821",6821-02-28
"June 23, 5132",5132-06-23
"December 4, 6488",6488-12-04
"August 4, 3931",3931-08-04
"February 13, 6842",6842-02-13
"January 28, 2286",2286-01-28
"June 25, 6247",6247-06-25
"May 29, 1185",1185-05-29
"April 28, 1083",1083-04-28
"February 9, 5364",5364-02-09
"April 13, 5823",5823-04-13
"December 26, 5596",5596-12-26
"February 13, 2149",2149-02-13
"January 8, 5073",5073-01-08
"August 11, 5138",5138-08-11
"September 17, 4559",4559-09-17
"December 11, 1749",1749-12-11
"August 7, 5985",5985-08-07
"May 3, 8487",8487-05-03
"January 21, 4453",4453-01-21
"November 13, 3633",3633-11-13
"June 21, 9052",9052-06-21
"October 23, 1969",1969-10-23
"April 26, 8469",8469-04-26
"August 25, 8390",8390-08-25
"January 3, 5475",5475-01-03
"December 7, 6412",6412-12-07
"January 6, 1182",1182-01-06
"September 25, 4154",4154-09-25
"October 12, 9378",9378-10-12
"January 11, 8434",8434-01-11
"April 27, 4712",4712-04-27
"January 3, 1521",1521-01-03
"February 27, 2616",2616-02-27
"May 26, 3859",3859-05-26
"September 18, 3036",3036-09-18
"May 31, 7483",7483-05-31
"July 2, 1106",1106-07-02
"April 23, 2469",2469-04-23
"August 28, 6955",6955-08-28
"September 1, 2788",2788-09-01
"March 28, 2610",2610-03-28
"December 1, 8981",8981-12-01
"February 24, 6395",6395-02-24
"October 26, 9753",9753-10-26
"October 4, 1447",1447-10-04
"August 2, 1702",1702-08-02
"August 1, 7846",7846-08-01
"July 23, 3409",3409-07-23
"February 22, 9496",9496-02-22
"February 13, 8590",8590-02-13
"September 2, 4365",4365-09-02
"July 3, 5268",5268-07-03
"October 6, 8091",8091-10-06
"April 12, 5764",5764-04-12
"June 21, 2808",2808-06-21
"May 20, 5814",5814-05-20
"January 2, 2980",2980-01-02
"June 21, 3005",3005-06-21
"May 26, 6955",6955-05-26
"May 25, 2738",2738-05-25
"June 17, 9520",9520-06-17
"September 22, 8678",8678-09-22
"August 5, 3085",3085-08-05
"April 20, 5192",5192-04-20
"March 18, 2256",2256-03-18
"August 20, 2864",2864-08-20
"April 12, 1344",1344-04-12
"September 26, 6713",6713-09-26
"July 17, 3343",3343-07-17
"September 24, 4514",4514-09-24
"May 30, 5635",5635-05-30
"November 5, 8180",8180-11-05
"July 2, 5285",5285-07-02
"March 29, 4045",4045-03-29
"October 25, 8141",8141-10-25
"January 28, 4687",4687-01-28
"January 13, 1327",1327-01-13
"October 4, 9994",9994-10-04
"August 15, 1296",1296-08-15
"October 5, 4807",4807-10-05
"April 1, 1327",1327-04-01
"January 25, 6403",6403-01-25
"December 31, 1392",1392-12-31
"November 23, 9439",9439-11-23
"July 22, 2657",2657-07-22
"May 6, 5681",5681-05-06
"December 25, 1533",1533-12-25
"February 14, 7195",7195-02-14
"September 29, 5329",5329-09-29
"April 13, 9756",9756-04-13
"January 11, 7873",7873-01-11
"March 3, 9297",9297-03-03
"April 1, 7031",7031-04-01
"March 26, 2949",2949-03-26
"May 23, 2816",2816-05-23
"September 7, 2149",2149-09-07
"July 20, 1171",1171-07-20
"December 14, 5003",5003-12-14
"May 26, 3557",3557-05-26
"November 30, 2057",2057-11-30
"October 10, 5821",5821-10-10
"August 29, 1761",1761-08-29
"November 18, 2290",2290-11-18
"August 19, 6462",6462-08-19
"May 17, 6333",6333-05-17
"August 1, 5766",5766-08-01
"July 28, 7163",7163-07-28
"July 25, 6057",6057-07-25
"June 18, 2543",2543-06-18
"September 26, 7927",7927-09-26
"May 27, 8313",8313-05-27
"April 15, 1008",1008-04-15
"May 8, 4576",4576-05-08
"December 29, 6468",6468-12-29
"May 30, 6391",6391-05-30
"September 13, 3949",3949-09-13
"March 7, 2472",2472-03-07
"October 17, 4707",4707-10-17
"July 20, 8537",8537-07-20
"December 28, 7200",7200-12-28
"March 19, 5198",5198-03-19
"June 16, 8046",8046-06-16
"January 6, 8676",8676-01-06
"November 21, 9225",9225-11-21
"January 1, 2107",2107-01-01
"October 2, 6486",6486-10-02
"February 23, 6659",6659-02-23
"December 31, 9597",9597-12-31
"November 24, 7559",7559-11-24
"January 31, 3254",3254-01-31
"January 6, 2445",2445-01-06
"June 27, 3518",3518-06-27
"January 4, 6911",6911-01-04
"August 29, 2490",2490-08-29
"July 7, 2637",2637-07-07
"February 24, 3590",3590-02-24
"February 10, 8570",8570-02-10
"October 30, 1943",1943-10-30
"June 15, 9534",9534-06-15
"July 9, 2088",2088-07-09
"October 30, 9236",9236-10-30
"July 11, 5637",5637-07-11
"October 28, 4241",4241-10-28
"August 4, 8062",8062-08-04
"May 27, 2208",2208-05-27
"May 13, 3868",3868-05-13
"November 11, 3597",3597-11-11
"August 10, 3878",3878-08-10
"March 8, 3120",3120-03-08
"May 21, 9383",9383-05-21
"December 11, 8571",8571-12-11
"October 23, 4457",4457-10-23
"October 24, 4773",4773-10-24
"August 28, 9158",9158-08-28
"February 23, 6307",6307-02-23
"February 23, 8675",8675-02-23
"May 5, 7784",7784-05-05
"July 11, 6970",6970-07-11
"December 7, 6935",6935-12-07
"December 19, 7627",7627-12-19
"December 23, 4062",4062-12-23
"April 29, 9726",9726-04-29
"June 22, 2512",2512-06-22
"December 25, 4765",4765-12-25
"April 30, 5846",5846-04-30
"September 22, 5303",5303-09-22
"December 26, 8592",8592-12-26
"August 31, 2667",2667-08-31
"March 30, 7653",7653-03-30
"August 26, 9456",9456-08-26
"January 11, 1393",1393-01-11
"January 3, 9589",9589-01-03
"July 15, 5421",5421-07-15
"April 8, 8256",8256-04-08
"June 5, 1551",1551-06-05
"July 24, 3272",3272-07-24
"December 31, 3091",3091-12-31
"June 19, 1164",1164-06-19
"August 20, 2641",2641-08-20
"November 8, 8287",8287-11-08
"October 2, 1391",1391-10-02
"February 21, 3731",3731-02-21
"January 10, 2859",2859-01-10
"April 13, 5556",5556-04-13
"November 3, 4703",4703-11-03
"July 3, 1134",1134-07-03
"August 16, 7569",7569-08-16
"January 19, 6521",6521-01-19
"April 15, 6556",6556-04-15
"March 27, 4949",4949-03-27
"January 12, 3156",3156-01-12
"November 25, 8219",8219-11-25
"May 11, 7628",7628-05-11
"May 29, 5658",5658-05-29
"October 16, 6191",6191-10-16
"February 5, 3467",3467-02-05
"April 20, 6204",6204-04-20
"November 30, 8134",8134-11-30
"December 12, 4017",4017-12-12
"September 1, 7268",7268-09-01
"March 21, 6051",6051-03-21
"December 28, 2352",2352-12-28
"November 3, 9554",9554-11-03
"June 8, 4207",4207-06-08
"January 21, 8527",8527-01-21
"April 14, 9825",9825-04-14
"March 20, 6908",6908-03-20
"December 31, 4873",4873-12-31
"November 25, 4872",4872-11-25
"August 16, 3139",3139-08-16
"August 4, 3931",3931-08-04
"September 20, 4915",4915-09-20
"August 6, 6596",6596-08-06
"June 10, 9865",9865-06-10
"May 14, 7303",7303-05-14
"February 28, 6240",6240-02-28
"June 27, 8616",8616-06-27
"March 17, 2108",2108-03-17
"March 15, 8671",8671-03-15
"September 14, 4931",4931-09-14
"February 2, 9765",9765-02-02
"October 31, 6960",6960-10-31
"August 15, 4018",4018-08-15
"October 27, 1724",1724-10-27
"August 30, 9979",9979-08-30
"May 14, 5196",5196-05-14
"December 5, 5897",5897-12-05
"November 4, 8375",8375-11-04
"November 4, 1291",1291-11-04
"April 7, 7239",7239-04-07
"July 22, 2449",2449-07-22
"February 28, 2086",2086-02-28
"March 20, 3608",3608-03-20
"December 27, 6252",6252-12-27
"April 3, 2276",2276-04-03
"March 23, 2381",2381-03-23
"April 29, 7321",7321-04-29
"April 26, 9184",9184-04-26
"November 11, 4395",4395-11-11
"May 16, 2450",2450-05-16
"December 25, 4991",4991-12-25
"October 26, 4525",4525-10-26
"January 29, 6197",6197-01-29
"September 27, 6008",6008-09-27
"November 13, 7353",7353-11-13
"October 6, 1952",1952-10-06
"January 20, 6796",6796-01-20
"January 18, 3097",3097-01-18
"May 28, 5565",5565-05-28
"January 12, 6867",6867-01-12
"November 26, 3237",3237-11-26
"April 30, 2627",2627-04-30
"June 15, 8815",8815-06-15
"September 22, 3547",3547-09-22
"April 9, 9910",9910-04-09
"December 31, 1191",1191-12-31
"July 13, 3281",3281-07-13
"March 24, 9422",9422-03-24
"August 27, 9550",9550-08-27
"June 21, 5064",5064-06-21
"July 2, 7035",7035-07-02
"December 3, 7900",7900-12-03
"July 3, 9956",9956-07-03
"November 19, 2742",2742-11-19
"December 7, 7463",7463-12-07
"October 6, 7092",7092-10-06
"June 2, 7029",7029-06-02
"September 5, 1539",1539-09-05
"July 25, 7122",7122-07-25
"August 9, 5164",5164-08-09
"December 2, 7194",7194-12-02
"February 4, 3646",3646-02-04
"February 14, 8966",8966-02-14
"April 22, 7096",7096-04-22
"December 7, 2914",2914-12-07
"April 17, 5300",5300-04-17
"January 8, 2823",2823-01-08
"December 12, 2149",2149-12-12
"June 1, 8813",8813-06-01
"February 4, 2902",2902-02-04
"January 12, 8291",8291-01-12
"March 14, 8284",8284-03-14
"December 27, 8098",8098-12-27
"April 3, 3598",3598-04-03
"May 23, 9625",9625-05-23
"April 4, 9223",9223-04-04
"February 5, 2746",2746-02-05
"August 3, 7210",7210-08-03
"March 1, 8001",8001-03-01
"March 26, 5869",5869-03-26
"December 11, 3321",3321-12-11
"April 13, 4197",4197-04-13
"September 9, 1561",1561-09-09
"June 21, 5603",5603-06-21
"November 7, 4404",4404-11-07
"December 30, 5475",5475-12-30
"July 24, 6991",6991-07-24
"August 20, 5837",5837-08-20
"June 20, 6472",6472-06-20
"May 19, 6374",6374-05-19
"October 26, 4696",4696-10-26
"February 24, 2563",2563-02-24
"December 22, 9285",9285-12-22
"January 2, 4445",4445-01-02
"January 24, 1004",1004-01-24
"October 14, 1859",1859-10-14
"March 3, 3886",3886-03-03
"April 26, 9134",9134-04-26
"February 7, 7382",7382-02-07
"June 8, 8672",8672-06-08
"May 10, 4578",4578-05-10
"April 5, 3397",3397-04-05
"October 12, 9422",9422-10-12
"October 20, 8040",8040-10-20
"February 4, 7821",7821-02-04
"April 11, 1767",1767-04-11
"February 1, 1680",1680-02-01
"January 28, 9672",9672-01-28
"August 5, 5712",5712-08-05
"March 11, 2611",2611-03-11
"April 1, 2651",2651-04-01
"November 3, 6522",6522-11-03
"April 13, 2840",2840-04-13
"April 16, 9780",9780-04-16
"May 8, 3784",3784-05-08
"October 30, 5492",5492-10-30
"December 25, 2830",2830-12-25
"May 22, 8419",8419-05-22
"September 29, 5811",5811-09-29
"February 2, 5490",5490-02-02
"August 7, 7791",7791-08-07
"August 8, 3220",3220-08-08
"July 9, 3854",3854-07-09
"December 11, 5023",5023-12-11
"December 17, 1809",1809-12-17
"October 20, 3598",3598-10-20
"December 24, 4171",4171-12-24
"October 6, 2612",2612-10-06
"December 27, 5609",5609-12-27
"November 24, 2417",2417-11-24
"November 11, 9336",9336-11-11
"November 29, 9493",9493-11-29
"August 4, 7728",7728-08-04
"August 20, 8720",8720-08-20
"September 30, 2743",2743-09-30
"September 8, 3363",3363-09-08
"August 15, 6091",6091-08-15
"May 14, 2635",2635-05-14
"September 22, 8719",8719-09-22
"May 25, 4163",4163-05-25
"April 6, 9734",9734-04-06
"July 14, 4760",4760-07-14
"September 2, 1123",1123-09-02
"April 8, 8312",8312-04-08
"December 9, 2346",2346-12-09
"August 8, 6978",6978-08-08
"April 1, 4573",4573-04-01
"March 7, 7020",7020-03-07
"May 11, 2178",2178-05-11
"June 4, 9861",9861-06-04
"December 23, 8217",8217-12-23
"April 30, 7872",7872-04-30
"January 14, 6410",6410-01-14
"April 12, 3666",3666-04-12
"January 10, 8584",8584-01-10
"December 11, 6032",6032-12-11
"July 24, 4431",4431-07-24
"November 23, 2433",2433-11-23
"August 13, 7215",7215-08-13
"April 25, 9531",9531-04-25
"June 1, 8005",8005-06-01
"October 13, 6217",6217-10-13
"October 6, 2764",2764-10-06
"June 24, 1808",1808-06-24
"July 8, 9661",9661-07-08
"April 12, 9268",9268-04-12
"March 30, 4920",4920-03-30
"September 21, 4124",4124-09-21
"July 3, 1470",1470-07-03
"January 7, 5381",5381-01-07
"July 8, 3933",3933-07-08
"October 14, 2295",2295-10-14
"January 22, 8199",8199-01-22
"May 27, 6357",6357-05-27
"December 29, 5890",5890-12-29
"September 1, 7717",7717-09-01
"June 26, 2934",2934-06-26
"August 15, 9150",9150-08-15
"March 12, 8940",8940-03-12
"January 5, 6596",6596-01-05
"November 9, 9709",9709-11-09
"December 17, 4342",4342-12-17
"August 9, 3579",3579-08-09
"February 2, 7004",7004-02-02
"May 22, 2183",2183-05-22
"February 19, 2017",2017-02-19
"March 30, 9403",9403-03-30
"April 1, 7928",7928-04-01
"March 24, 7879",7879-03-24
"May 19, 5163",5163-05-19
"November 29, 3770",3770-11-29
"July 31, 8635",8635-07-31
"January 5, 6679",6679-01-05
"November 22, 9056",9056-11-22
"May 28, 5966",5966-05-28
"May 6, 5842",5842-05-06
"July 29, 1650",1650-07-29
"March 28, 8327",8327-03-28
"December 19, 2207",2207-12-19
"October 4, 9841",9841-10-04
"October 1, 4217",4217-10-01
"September 27, 9314",9314-09-27
"February 3, 9411",9411-02-03
"December 8, 4167",4167-12-08
"February 2, 3890",3890-02-02
"July 24, 8352",8352-07-24
"August 26, 6831",6831-08-26
"February 26, 4776",4776-02-26
"January 18, 5819",5819-01-18
"April 29, 8659",8659-04-29
"March 31, 3885",3885-03-31
"October 5, 5095",5095-10-05
"March 19, 1954",1954-03-19
"June 10, 1148",1148-06-10
"May 8, 2161",2161-05-08
"November 30, 9188",9188-11-30
"November 9, 6575",6575-11-09
"August 1, 3787",3787-08-01
"December 2, 7726",7726-12-02
"February 12, 6684",6684-02-12
"May 4, 3542",3542-05-04
"October 14, 7787",7787-10-14
"March 19, 5981",5981-03-19
"October 28, 8643",8643-10-28
"October 26, 4051",4051-10-26
"November 24, 2193",2193-11-24
"October 22, 9967",9967-10-22
"June 23, 9136",9136-06-23
"June 3, 6602",6602-06-03
"July 12, 7438",7438-07-12
"June 6, 7966",7966-06-06
"May 13, 7495",7495-05-13
"October 20, 5315",5315-10-20
"April 13, 7966",7966-04-13
"August 13, 6959",6959-08-13
"December 20, 8665",8665-12-20
"June 26, 5393",5393-06-26
"June 23, 1483",1483-06-23
"April 5, 7909",7909-04-05
"November 28, 2237",2237-11-28
"April 10, 7779",7779-04-10
"April 6, 8380",8380-04-06
"January 7, 2132",2132-01-07
"April 6, 7610",7610-04-06
"December 13, 2089",2089-12-13
"January 7, 2349",2349-01-07
"October 31, 9773",9773-10-31
"February 26, 3740",3740-02-26
"February 24, 5142",5142-02-24
"November 24, 7661",7661-11-24
"December 28, 8723",8723-12-28
"May 23, 9145",9145-05-23
"November 15, 7933",7933-11-15
"February 16, 5844",5844-02-16
"August 14, 5521",5521-08-14
"July 21, 9248",9248-07-21
"May 15, 9547",9547-05-15
"October 17, 1457",1457-10-17
"April 23, 4988",4988-04-23
"November 30, 8430",8430-11-30
"August 9, 6055",6055-08-09
"December 30, 6290",6290-12-30
"January 27, 7584",7584-01-27
"March 28, 7003",7003-03-28
"January 25, 1428",1428-01-25
"June 8, 5578",5578-06-08
"January 26, 8213",8213-01-26
"March 31, 9548",9548-03-31
"January 5, 9930",9930-01-05
"August 6, 5958",5958-08-06
"April 29, 8683",8683-04-29
"June 12, 1294",1294-06-12
"November 30, 3480",3480-11-30
"May 29, 7510",7510-05-29
"July 10, 3075",3075-07-10
"April 7, 1277",1277-04-07
"August 30, 8240",8240-08-30
"September 4, 4777",4777-09-04
"August 18, 2134",2134-08-18
"May 24, 4356",4356-05-24
"November 25, 5732",5732-11-25
"November 4, 1325",1325-11-04
"March 19, 9372",9372-03-19
"September 8, 6243",6243-09-08
"April 6, 3911",3911-04-06
"November 24, 5117",5117-11-24
"June 11, 8843",8843-06-11
"December 8, 4950",4950-12-08
"July 31, 5046",5046-07-31
"December 27, 3855",3855-12-27
"September 27, 4176",4176-09-27
"October 9, 6121",6121-10-09
"October 28, 9999",9999-10-28
"November 28, 1548",1548-11-28
"July 30, 4726",4726-07-30
"November 5, 6261",6261-11-05
"March 31, 9028",9028-03-31
"November 18, 8289",8289-11-18
"March 9, 4022",4022-03-09
"June 8, 9826",9826-06-08
"March 6, 2844",2844-03-06
"June 14, 3404",3404-06-14
"May 6, 7413",7413-05-06
"September 3, 9851",9851-09-03
"September 22, 7284",7284-09-22
"September 4, 8444",8444-09-04
"May 11, 4696",4696-05-11
"December 20, 9505",9505-12-20
"August 12, 5608",5608-08-12
"October 29, 9650",9650-10-29
"June 29, 5002",5002-06-29
"May 4, 9968",9968-05-04
"November 6, 2975",2975-11-06
"December 6, 6739",6739-12-06
"July 17, 2020",2020-07-17
"October 22, 4832",4832-10-22
"December 28, 5039",5039-12-28
"July 13, 8078",8078-07-13
"November 18, 7180",7180-11-18
"April 4, 9496",9496-04-04
"May 3, 3613",3613-05-03
"December 16, 4634",4634-12-16
"February 4, 4512",4512-02-04
"April 9, 2163",2163-04-09
"June 27, 9290",9290-06-27
"June 29, 2038",2038-06-29
"March 21, 8343",8343-03-21
"February 5, 5663",5663-02-05
"July 2, 4593",4593-07-02
"July 5, 8140",8140-07-05
"July 28, 6709",6709-07-28
"June 27, 8343",8343-06-27
"February 28, 3138",3138-02-28
"February 4, 9688",9688-02-04
"September 26, 5394",5394-09-26
"May 27, 3321",3321-05-27
"June 28, 4039",4039-06-28
"June 20, 9123",9123-06-20
"August 12, 6574",6574-08-12
"February 1, 5026",5026-02-01
"December 28, 4869",4869-12-28
"March 4, 6027",6027-03-04
"November 27, 5150",5150-11-27
"July 1, 9667",9667-07-01
"May 23, 2828",2828-05-23
"June 27, 2935",2935-06-27
"June 14, 4706",4706-06-14
"November 27, 1182",1182-11-27
"March 14, 2280",2280-03-14
"June 22, 3179",3179-06-22
"September 14, 7681",7681-09-14
"December 24, 4565",4565-12-24
"January 30, 6812",6812-01-30
"February 25, 9041",9041-02-25
"January 6, 8376",8376-01-06
"May 25, 7436",7436-05-25
"June 28, 4401",4401-06-28
"June 17, 9690",9690-06-17
"December 2, 7429",7429-12-02
"February 8, 7181",7181-02-08
"January 11, 3043",3043-01-11
"February 24, 5570",5570-02-24
"April 14, 8102",8102-04-14
"June 1, 8988",8988-06-01
"January 5, 1872",1872-01-05
"November 14, 3280",3280-11-14
"February 25, 2072",2072-02-25
"October 2, 2039",2039-10-02
"June 29, 9172",9172-06-29
"November 7, 7866",7866-11-07
"October 28, 8615",8615-10-28
"September 11, 5646",5646-09-11
"June 10, 4024",4024-06-10
"November 30, 2673",2673-11-30
"December 25, 9220",9220-12-25
"April 25, 4906",4906-04-25
"October 16, 7118",7118-10-16
"November 25, 5062",5062-11-25
"March 15, 5556",5556-03-15
"September 10, 2527",2527-09-10
"December 14, 5423",5423-12-14
"January 1, 2190",2190-01-01
"March 9, 9455",9455-03-09
"March 6, 4375",4375-03-06
"April 12, 8044",8044-04-12
"November 21, 7546",7546-11-21
"February 2, 1944",1944-02-02
"October 24, 4718",4718-10-24
"October 20, 3581",3581-10-20
"November 29, 6081",6081-11-29
"March 21, 1468",1468-03-21
"November 12, 3823",3823-11-12
"November 14, 7292",7292-11-14
"February 5, 2780",2780-02-05
"July 23, 8665",8665-07-23
"January 30, 4144",4144-01-30
"September 13, 1302",1302-09-13
"July 26, 6678",6678-07-26
"September 17, 3577",3577-09-17
"January 8, 8982",8982-01-08
"August 18, 3514",3514-08-18
"July 11, 3817",3817-07-11
"May 17, 3593",3593-05-17
"November 16, 6056",6056-11-16
"March 5, 8440",8440-03-05
"February 4, 3480",3480-02-04
"June 14, 2669",2669-06-14
"August 11, 1142",1142-08-11
"April 4, 4408",4408-04-04
"April 30, 3798",3798-04-30
"July 24, 1238",1238-07-24
"July 3, 8030",8030-07-03
"September 22, 6549",6549-09-22
"September 24, 6040",6040-09-24
"April 3, 5760",5760-04-03
"August 4, 7388",7388-08-04
"January 26, 7330",7330-01-26
"September 6, 7523",7523-09-06
"August 8, 3207",3207-08-08
"December 19, 5734",5734-12-19
"August 14, 3136",3136-08-14
"January 28, 6955",6955-01-28
"October 12, 7670",7670-10-12
"January 17, 5589",5589-01-17
"February 27, 8203",8203-02-27
"April 29, 7608",7608-04-29
"May 8, 5445",5445-05-08
"November 18, 9575",9575-11-18
"November 17, 4002",4002-11-17
"January 1, 9116",9116-01-01
"September 6, 5179",5179-09-06
"August 4, 4026",4026-08-04
"January 19, 5953",5953-01-19
"July 24, 5251",5251-07-24
"December 11, 5185",5185-12-11
"April 9, 3695",3695-04-09
"July 14, 4676",4676-07-14
"May 23, 7205",7205-05-23
"July 3, 5100",5100-07-03
"September 14, 1884",1884-09-14
"June 6, 8960",8960-06-06
"June 18, 2544",2544-06-18
"November 6, 4693",4693-11-06
"June 29, 9066",9066-06-29
"April 3, 3835",3835-04-03
"May 7, 7181",7181-05-07
"July 14, 7648",7648-07-14
"September 7, 2478",2478-09-07
"July 25, 2109",2109-07-25
"May 28, 6827",6827-05-28
"June 19, 9134",9134-06-19
"March 10, 6463",6463-03-10
"November 14, 7147",7147-11-14
"December 9, 4599",4599-12-09
"July 29, 2203",2203-07-29
"February 26, 7937",7937-02-26
"March 31, 3616",3616-03-31
"June 3, 9269",9269-06-03
"March 27, 5000",5000-03-27
"March 26, 9240",9240-03-26
"February 27, 9063",9063-02-27
"July 17, 8406",8406-07-17
"October 4, 7362",7362-10-04
"December 1, 3571",3571-12-01
"March 4, 6343",6343-03-04
"August 16, 4090",4090-08-16
"July 28, 7594",7594-07-28
"December 12, 1610",1610-12-12
"March 16, 6285",6285-03-16
"February 17, 8106",8106-02-17
"May 4, 6028",6028-05-04
"November 19, 6708",6708-11-19
"July 16, 7787",7787-07-16
"December 21, 6008",6008-12-21
"July 4, 1742",1742-07-04
"August 14, 2967",2967-08-14
"December 17, 1253",1253-12-17
"May 9, 7430",7430-05-09
"January 14, 6150",6150-01-14
"April 19, 7419",7419-04-19
"July 15, 8467",8467-07-15
"October 31, 1660",1660-10-31
"September 28, 4991",4991-09-28
"May 24, 6473",6473-05-24
"December 25, 9110",9110-12-25
"March 14, 2698",2698-03-14
"May 22, 1732",1732-05-22
"November 27, 8831",8831-11-27
"December 7, 5069",5069-12-07
"March 5, 1751",1751-03-05
"March 19, 9255",9255-03-19
"July 7, 4170",4170-07-07
"October 31, 7542",7542-10-31
"January 4, 3894",3894-01-04
"April 27, 9357",9357-04-27
"September 7, 1316",1316-09-07
"November 6, 9194",9194-11-06
"March 14, 7864",7864-03-14
"April 9, 6636",6636-04-09
"June 28, 5947",5947-06-28
"December 19, 9086",9086-12-19
"September 3, 9777",9777-09-03
"June 2, 2531",2531-06-02
"May 4, 5550",5550-05-04
"April 28, 3471",3471-04-28
"November 12, 8599",8599-11-12
"November 17, 6191",6191-11-17
"November 30, 4557",4557-11-30
"September 24, 7182",7182-09-24
"June 12, 9006",9006-06-12
"August 17, 8747",8747-08-17
"August 11, 4498",4498-08-11
"September 19, 4795",4795-09-19
"September 5, 3670",3670-09-05
"January 10, 7544",7544-01-10
"February 27, 6833",6833-02-27
"June 18, 5675",5675-06-18
"April 26, 2656",2656-04-26
"November 24, 9799",9799-11-24
"September 14, 7196",7196-09-14
"January 14, 8824",8824-01-14
"June 2, 7739",7739-06-02
"February 14, 4611",4611-02-14
"October 21, 1077",1077-10-21
"May 7, 8000",8000-05-07
"April 19, 1608",1608-04-19
"August 22, 9177",9177-08-22
"January 1, 9664",9664-01-01
"February 24, 5115",5115-02-24
"January 9, 7746",7746-01-09
"May 26, 2374",2374-05-26
"June 13, 9895",9895-06-13
"June 29, 1815",1815-06-29
"March 22, 8049",8049-03-22
"September 9, 1730",1730-09-09
"September 12, 7083",7083-09-12
"November 26, 5750",5750-11-26
"May 29, 9387",9387-05-29
"March 30, 2851",2851-03-30
"May 24, 9412",9412-05-24
"December 6, 3234",3234-12-06
"February 12, 3857",3857-02-12
"September 9, 7907",7907-09-09
"April 7, 9885",9885-04-07
"January 3, 9714",9714-01-03
"June 25, 3059",3059-06-25
"April 8, 3081",3081-04-08
"August 16, 1338",1338-08-16
"July 16, 8457",8457-07-16
"February 7, 6684",6684-02-07
"September 25, 9367",9367-09-25
"April 17, 2372",2372-04-17
"February 24, 4810",4810-02-24
"April 4, 2023",2023-04-04
"April 24, 2081",2081-04-24
"April 10, 5634",5634-04-10
"August 18, 7591",7591-08-18
"March 12, 9049",9049-03-12
"May 1, 8870",8870-05-01
"May 4, 5449",5449-05-04
"June 4, 5680",5680-06-04
"August 6, 5378",5378-08-06
"May 12, 8997",8997-05-12
"November 30, 6447",6447-11-30
"August 3, 2590",2590-08-03
"April 10, 4942",4942-04-10
"May 21, 3101",3101-05-21
"November 9, 2100",2100-11-09
"August 25, 4573",4573-08-25
"June 27, 5078",5078-06-27
"April 27, 3037",3037-04-27
"December 8, 9121",9121-12-08
"February 6, 5942",5942-02-06
"January 12, 3894",3894-01-12
"February 26, 6738",6738-02-26
"December 17, 2041",2041-12-17
"June 29, 3119",3119-06-29
"July 19, 3991",3991-07-19
"November 4, 5609",5609-11-04
"September 12, 3303",3303-09-12
"August 25, 3602",3602-08-25
"January 20, 5033",5033-01-20
"June 26, 8432",8432-06-26
"March 19, 8269",8269-03-19
"September 13, 1936",1936-09-13
"March 20, 4901",4901-03-20
"June 19, 6187",6187-06-19
"July 23, 9633",9633-07-23
"October 12, 2079",2079-10-12
"November 22, 7015",7015-11-22
"February 9, 3960",3960-02-09
"April 10, 1234",1234-04-10
"November 25, 7960",7960-11-25
"May 12, 1699",1699-05-12
"November 5, 7397",7397-11-05
"March 19, 1679",1679-03-19
"December 24, 8839",8839-12-24
"January 27, 5285",5285-01-27
"July 28, 2096",2096-07-28
"February 21, 2935",2935-02-21
"November 9, 1019",1019-11-09
"March 22, 7076",7076-03-22
"June 12, 1144",1144-06-12
"July 11, 1053",1053-07-11
"July 13, 4753",4753-07-13
"May 13, 5418",5418-05-13
"January 6, 4517",4517-01-06
"July 25, 1317",1317-07-25
"August 7, 7523",7523-08-07
"June 18, 7469",7469-06-18
"June 22, 5304",5304-06-22
"November 2, 1796",1796-11-02
"September 11, 2979",2979-09-11
"June 16, 3164",3164-06-16
"February 10, 8309",8309-02-10
"November 10, 8129",8129-11-10
"February 25, 6721",6721-02-25
"July 27, 3087",3087-07-27
"March 12, 7146",7146-03-12
"September 22, 3507",3507-09-22
"September 10, 4964",4964-09-10
"July 8, 2113",2113-07-08
"May 22, 8845",8845-05-22
"March 8, 2776",2776-03-08
"December 7, 7886",7886-12-07
"October 20, 5296",5296-10-20
"June 4, 7591",7591-06-04
"October 12, 3031",3031-10-12
"October 19, 6060",6060-10-19
"August 28, 9111",9111-08-28
"February 28, 9865",9865-02-28
"April 2, 3038",3038-04-02
"December 19, 6825",6825-12-19
"May 3, 2709",2709-05-03
"June 7, 6111",6111-06-07
"June 7, 1348",1348-06-07
"October 4, 8143",8143-10-04
"April 9, 1445",1445-04-09
"June 23, 7173",7173-06-23
"April 14, 2381",2381-04-14
"January 17, 4579",4579-01-17
"September 6, 4346",4346-09-06
"August 24, 2237",2237-08-24
"May 27, 5008",5008-05-27
"September 5, 8843",8843-09-05
"November 2, 3071",3071-11-02
"July 21, 7776",7776-07-21
"February 15, 6954",6954-02-15
"March 10, 2922",2922-03-10
"March 1, 2145",2145-03-01
"November 1, 6714",6714-11-01
"March 4, 3218",3218-03-04
"May 27, 7930",7930-05-27
"November 11, 2782",2782-11-11
"August 28, 8041",8041-08-28
"July 14, 4874",4874-07-14
"March 22, 6221",6221-03-22
"October 27, 8561",8561-10-27
"October 17, 7292",7292-10-17
"May 10, 5465",5465-05-10
"December 2, 6143",6143-12-02
"June 25, 2336",2336-06-25
"February 25, 8679",8679-02-25
"March 24, 7367",7367-03-24
"October 5, 1751",1751-10-05
"May 30, 4885",4885-05-30
"July 10, 3827",3827-07-10
"June 26, 5199",5199-06-26
"July 28, 2623",2623-07-28
"October 7, 3749",3749-10-07
"October 17, 6635",6635-10-17
"October 29, 3162",3162-10-29
"August 25, 5642",5642-08-25
"August 10, 1477",1477-08-10
"October 29, 5114",5114-10-29
"March 20, 1673",1673-03-20
"December 30, 6516",6516-12-30
"April 13, 8575",8575-04-13
"March 28, 9126",9126-03-28
"September 1, 9665",9665-09-01
"May 6, 7788",7788-05-06
"May 10, 2134",2134-05-10
"September 7, 6969",6969-09-07
"June 22, 2044",2044-06-22
"July 11, 8619",8619-07-11
"July 9, 8519",8519-07-09
"February 8, 4681",4681-02-08
"September 28, 7055",7055-09-28
"March 28, 7465",7465-03-28
"January 28, 7604",7604-01-28
"November 12, 9063",9063-11-12
"June 7, 7108",7108-06-07
"September 9, 6990",6990-09-09
"September 2, 5526",5526-09-02
"March 20, 9692",9692-03-20
"June 6, 7274",7274-06-06
"March 31, 8386",8386-03-31
"June 6, 3307",3307-06-06
"October 30, 4244",4244-10-30
"May 23, 4678",4678-05-23
"October 2, 2555",2555-10-02
"July 25, 6143",6143-07-25
"December 31, 9767",9767-12-31
"March 26, 3274",3274-03-26
"March 25, 4364",4364-03-25
"August 21, 8192",8192-08-21
"September 8, 5895",5895-09-08
"February 11, 5642",5642-02-11
"December 19, 5996",5996-12-19
"February 3, 5330",5330-02-03
"February 15, 1946",1946-02-15
"April 25, 6632",6632-04-25
"September 13, 1273",1273-09-13
"March 16, 6641",6641-03-16
"December 14, 2197",2197-12-14
"February 24, 4692",4692-02-24
"March 19, 7445",7445-03-19
"April 9, 6559",6559-04-09
"February 19, 8001",8001-02-19
"December 5, 5464",5464-12-05
"October 23, 4512",4512-10-23
"June 1, 6714",6714-06-01
"November 22, 9850",9850-11-22
"January 9, 4298",4298-01-09
"January 23, 9852",9852-01-23
"May 24, 8855",8855-05-24
"December 2, 9025",9025-12-02
"December 4, 1632",1632-12-04
"March 8, 7058",7058-03-08
"February 3, 1478",1478-02-03
"October 30, 3159",3159-10-30
"March 12, 2024",2024-03-12
"November 5, 4526",4526-11-05
"April 12, 7746",7746-04-12
"January 15, 9588",9588-01-15
"April 20, 7560",7560-04-20
"February 26, 7233",7233-02-26
"October 14, 2990",2990-10-14
"March 22, 8360",8360-03-22
"November 17, 4601",4601-11-17
"May 5, 9489",9489-05-05
"September 17, 1550",1550-09-17
"August 10, 7135",7135-08-10
"February 12, 1321",1321-02-12
"February 11, 1542",1542-02-11
"November 30, 4478",4478-11-30
"January 23, 5420",5420-01-23
"August 31, 3161",3161-08-31
"July 17, 5039",5039-07-17
"June 22, 7175",7175-06-22
"February 23, 1602",1602-02-23
"September 9, 8856",8856-09-09
"August 22, 5981",5981-08-22
"February 9, 9481",9481-02-09
"December 24, 6837",6837-12-24
"March 28, 7017",7017-03-28
"June 1, 3047",3047-06-01
"March 28, 6842",6842-03-28
"May 26, 5258",5258-05-26
"November 15, 8821",8821-11-15
"February 24, 9029",9029-02-24
"July 23, 1513",1513-07-23
"February 27, 3463",3463-02-27
"November 13, 2132",2132-11-13
"September 12, 6250",6250-09-12
"July 27, 3132",3132-07-27
"May 23, 3544",3544-05-23
"January 18, 9181",9181-01-18
"April 28, 4678",4678-04-28
"November 20, 1837",1837-11-20
"September 13, 9199",9199-09-13
"February 27, 3338",3338-02-27
"July 20, 6687",6687-07-20
"February 1, 3374",3374-02-01
"October 25, 7558",7558-10-25
"May 8, 8354",8354-05-08
"August 26, 8039",8039-08-26
"January 23, 1179",1179-01-23
"June 14, 1519",1519-06-14
"November 13, 5380",5380-11-13
"December 19, 3365",3365-12-19
"September 7, 8916",8916-09-07
"November 26, 2335",2335-11-26
"April 28, 4335",4335-04-28
"June 2, 1054",1054-06-02
"July 7, 3760",3760-07-07
"July 11, 8574",8574-07-11
"March 19, 4798",4798-03-19
"April 7, 3033",3033-04-07
"August 23, 5477",5477-08-23
"July 14, 3622",3622-07-14
"June 3, 5269",5269-06-03
"December 10, 5615",5615-12-10
"December 21, 1513",1513-12-21
"August 18, 2790",2790-08-18
"November 17, 2626",2626-11-17
"November 1, 7875",7875-11-01
"December 17, 3826",3826-12-17
"February 5, 8140",8140-02-05
"March 4, 8677",8677-03-04
"November 25, 3964",3964-11-25
"September 28, 5855",5855-09-28
"May 27, 8813",8813-05-27
"November 11, 7551",7551-11-11
"May 8, 9155",9155-05-08
"December 5, 8190",8190-12-05
"December 4, 4556",4556-12-04
"September 20, 3352",3352-09-20
"August 31, 8502",8502-08-31
"March 21, 9459",9459-03-21
"August 9, 4130",4130-08-09
"February 18, 5699",5699-02-18
"December 4, 8926",8926-12-04
"June 13, 1117",1117-06-13
"November 22, 5775",5775-11-22
"January 30, 5750",5750-01-30
"November 2, 5330",5330-11-02
"June 10, 4193",4193-06-10
"February 8, 3176",3176-02-08
"April 28, 9948",9948-04-28
"June 29, 6606",6606-06-29
"March 30, 3910",3910-03-30
"August 29, 7891",7891-08-29
"October 10, 1119",1119-10-10
"November 29, 8194",8194-11-29
"September 1, 8952",8952-09-01
"May 30, 5541",5541-05-30
"January 4, 1480",1480-01-04
"August 12, 8992",8992-08-12
"May 22, 9809",9809-05-22
"August 13, 6157",6157-08-13
"February 7, 2480",2480-02-07
"March 19, 8613",8613-03-19
"December 11, 8917",8917-12-11
"July 22, 3560",3560-07-22
"November 16, 1809",1809-11-16
"December 2, 8321",8321-12-02
"July 3, 2313",2313-07-03
"October 25, 2323",2323-10-25
"January 7, 2825",2825-01-07
"March 3, 6610",6610-03-03
"August 31, 1763",1763-08-31
"August 15, 3105",3105-08-15
"January 4, 7166",7166-01-04
"June 29, 4759",4759-06-29
"December 22, 2921",2921-12-22
"December 10, 9498",9498-12-10
"July 16, 3945",3945-07-16
"April 5, 8819",8819-04-05
"January 20, 9211",9211-01-20
"May 1, 8981",8981-05-01
"October 29, 5572",5572-10-29
"August 12, 4270",4270-08-12
"March 16, 7158",7158-03-16
"May 10, 4289",4289-05-10
"June 10, 4269",4269-06-10
"November 27, 7546",7546-11-27
"December 16, 4002",4002-12-16
"November 18, 2245",2245-11-18
"November 28, 9738",9738-11-28
"February 25, 2371",2371-02-25
"December 14, 5534",5534-12-14
"February 20, 3321",3321-02-20
"May 15, 1993",1993-05-15
"July 15, 7370",7370-07-15
"June 19, 6718",6718-06-19
"October 10, 3305",3305-10-10
"September 28, 2459",2459-09-28
"February 7, 6951",6951-02-07
"November 29, 1409",1409-11-29
"April 28, 6385",6385-04-28
"July 31, 6498",6498-07-31
"August 31, 2255",2255-08-31
"May 9, 2279",2279-05-09
"September 2, 3625",3625-09-02
"September 26, 1436",1436-09-26
"May 17, 5456",5456-05-17
"June 25, 3118",3118-06-25
"February 15, 1960",1960-02-15
"September 24, 9756",9756-09-24
"March 24, 8965",8965-03-24
"December 31, 1773",1773-12-31
"March 8, 3776",3776-03-08
"April 8, 6006",6006-04-08
"February 8, 8066",8066-02-08
"April 18, 5259",5259-04-18
"January 26, 6031",6031-01-26
"November 19, 9478",9478-11-19
"May 22, 2639",2639-05-22
"January 12, 6076",6076-01-12
"September 26, 7855",7855-09-26
"May 9, 9832",9832-05-09
"June 5, 1471",1471-06-05
"March 22, 8612",8612-03-22
"May 16, 6783",6783-05-16
"July 11, 9805",9805-07-11
"January 20, 3170",3170-01-20
"September 22, 9825",9825-09-22
"July 7, 3416",3416-07-07
"August 3, 9324",9324-08-03
"November 20, 4650",4650-11-20
"July 2, 1502",1502-07-02
"November 24, 7531",7531-11-24
"March 13, 1163",1163-03-13
"September 2, 2753",2753-09-02
"November 27, 4919",4919-11-27
"February 12, 3880",3880-02-12
"September 17, 3015",3015-09-17
"August 12, 5020",5020-08-12
"November 3, 6305",6305-11-03
"March 7, 3304",3304-03-07
"December 31, 8396",8396-12-31
"December 31, 1647",1647-12-31
"September 3, 5493",5493-09-03
"March 2, 5364",5364-03-02
"February 11, 2758",2758-02-11
"December 26, 4350",4350-12-26
"January 20, 6806",6806-01-20
"December 4, 1730",1730-12-04
"July 9, 3586",3586-07-09
"July 25, 3112",3112-07-25
"September 6, 8202",8202-09-06
"September 19, 3231",3231-09-19
"March 20, 4857",4857-03-20
"May 11, 8556",8556-05-11
"October 6, 9281",9281-10-06
"October 31, 6039",6039-10-31
"August 24, 1290",1290-08-24
"November 18, 6058",6058-11-18
"October 6, 1796",1796-10-06
"May 26, 3822",3822-05-26
"March 27, 7909",7909-03-27
"September 28, 7069",7069-09-28
"January 23, 4305",4305-01-23
"September 8, 7394",7394-09-08
"December 26, 2849",2849-12-26
"May 1, 2646",2646-05-01
"December 14, 7282",7282-12-14
"August 31, 4646",4646-08-31
"April 10, 1651",1651-04-10
"November 19, 2278",2278-11-19
"July 21, 8863",8863-07-21
"December 11, 1747",1747-12-11
"May 31, 5707",5707-05-31
"January 20, 6949",6949-01-20
"May 25, 7135",7135-05-25
"July 11, 1200",1200-07-11
"August 10, 8103",8103-08-10
"September 28, 9273",9273-09-28
"March 30, 2951",2951-03-30
"January 18, 9315",9315-01-18
"October 11, 4693",4693-10-11
"March 18, 5253",5253-03-18
"April 26, 1441",1441-04-26
"September 29, 2647",2647-09-29
"November 30, 2191",2191-11-30
"June 5, 8858",8858-06-05
"April 14, 3683",3683-04-14
"October 10, 1067",1067-10-10
"September 15, 5377",5377-09-15
"April 15, 1039",1039-04-15
"December 18, 7461",7461-12-18
"November 4, 1670",1670-11-04
"March 20, 5450",5450-03-20
"May 28, 9827",9827-05-28
"September 10, 7510",7510-09-10
"December 4, 2373",2373-12-04
"April 13, 3578",3578-04-13
"July 15, 9752",9752-07-15
"January 1, 8215",8215-01-01
"March 3, 1404",1404-03-03
"August 11, 7472",7472-08-11
"April 5, 7265",7265-04-05
"November 30, 1848",1848-11-30
"April 20, 1227",1227-04-20
"April 16, 8451",8451-04-16
"February 12, 6471",6471-02-12
"October 17, 7562",7562-10-17
"July 9, 8404",8404-07-09
"April 21, 5433",5433-04-21
"October 5, 4243",4243-10-05
"April 12, 8873",8873-04-12
"June 21, 8074",8074-06-21
"June 26, 5441",5441-06-26
"November 7, 6163",6163-11-07
"July 17, 9590",9590-07-17
"April 20, 3729",3729-04-20
"December 11, 8841",8841-12-11
"June 6, 6633",6633-06-06
"December 17, 8034",8034-12-17
"May 23, 3871",3871-05-23
"July 12, 4963",4963-07-12
"August 5, 8311",8311-08-05
"November 12, 6224",6224-11-12
"February 19, 6502",6502-02-19
"July 30, 2758",2758-07-30
"February 16, 6216",6216-02-16
"June 9, 7160",7160-06-09
"August 28, 5135",5135-08-28
"June 29, 3570",3570-06-29
"April 27, 2658",2658-04-27
"March 25, 4294",4294-03-25
"February 19, 8316",8316-02-19
"April 11, 9394",9394-04-11
"March 17, 3002",3002-03-17
"October 30, 5460",5460-10-30
"September 17, 3953",3953-09-17
"January 5, 2841",2841-01-05
"November 13, 5226",5226-11-13
"December 9, 9497",9497-12-09
"June 7, 1240",1240-06-07
"November 24, 5957",5957-11-24
"June 14, 4443",4443-06-14
"June 15, 2653",2653-06-15
"September 7, 1488",1488-09-07
"September 6, 6281",6281-09-06
"July 19, 5712",5712-07-19
"March 30, 9161",9161-03-30
"May 12, 7218",7218-05-12
"August 13, 3606",3606-08-13
"January 24, 5619",5619-01-24
"September 24, 2435",2435-09-24
"June 26, 8194",8194-06-26
"January 16, 5053",5053-01-16
"October 1, 3389",3389-10-01
"December 18, 5659",5659-12-18
"March 20, 5836",5836-03-20
"December 31, 5796",5796-12-31
"February 20, 6289",6289-02-20
"August 26, 9422",9422-08-26
"March 5, 6194",6194-03-05
"June 29, 6097",6097-06-29
"September 23, 5460",5460-09-23
"November 8, 6322",6322-11-08
"December 27, 5174",5174-12-27
"March 7, 4879",4879-03-07
"October 15, 4743",4743-10-15
"November 22, 8640",8640-11-22
"August 14, 5580",5580-08-14
"August 21, 2528",2528-08-21
"March 10, 9306",9306-03-10
"August 3, 7085",7085-08-03
"August 25, 3364",3364-08-25
"January 19, 3825",3825-01-19
"June 24, 3491",3491-06-24
"February 9, 9183",9183-02-09
"December 20, 3192",3192-12-20
"February 19, 7527",7527-02-19
"September 25, 3234",3234-09-25
"January 29, 9375",9375-01-29
"June 12, 8571",8571-06-12
"December 9, 8106",8106-12-09
"April 26, 5173",5173-04-26
"March 26, 6321",6321-03-26
"May 19, 7295",7295-05-19
"March 19, 9773",9773-03-19
"September 14, 5687",5687-09-14
"April 1, 5304",5304-04-01
"June 13, 8395",8395-06-13
"April 23, 4524",4524-04-23
"November 29, 3451",3451-11-29
"February 8, 5511",5511-02-08
"December 31, 2622",2622-12-31
"December 20, 6399",6399-12-20
"September 12, 2247",2247-09-12
"August 20, 7233",7233-08-20
"January 16, 8490",8490-01-16
"April 7, 6194",6194-04-07
"October 5, 4448",4448-10-05
"December 14, 9894",9894-12-14
"February 19, 8161",8161-02-19
"August 8, 5732",5732-08-08
"May 9, 1584",1584-05-09
"December 11, 3289",3289-12-11
"December 28, 3493",3493-12-28
"October 27, 4877",4877-10-27
"June 7, 7335",7335-06-07
"September 15, 2799",2799-09-15
"March 8, 8575",8575-03-08
"January 17, 5413",5413-01-17
"October 12, 6942",6942-10-12
"June 10, 5958",5958-06-10
"September 2, 3070",3070-09-02
"January 6, 6087",6087-01-06
"September 18, 1273",1273-09-18
"April 12, 8969",8969-04-12
"October 30, 3370",3370-10-30
"May 4, 5432",5432-05-04
"September 22, 7515",7515-09-22
"July 1, 8659",8659-07-01
"February 4, 2979",2979-02-04
"September 14, 4138",4138-09-14
"June 15, 9566",9566-06-15
"February 4, 8816",8816-02-04
"June 15, 7469",7469-06-15
"August 28, 9833",9833-08-28
"October 15, 2789",2789-10-15
"September 25, 8363",8363-09-25
"December 30, 5614",5614-12-30
"November 15, 7603",7603-11-15
"July 26, 9978",9978-07-26
"July 28, 3271",3271-07-28
"May 23, 2730",2730-05-23
"February 4, 5723",5723-02-04
"June 17, 4634",4634-06-17
"December 27, 6380",6380-12-27
"July 5, 3821",3821-07-05
"April 3, 9480",9480-04-03
"March 30, 2499",2499-03-30
"August 21, 9757",9757-08-21
"November 25, 6588",6588-11-25
"April 16, 4631",4631-04-16
"February 12, 8009",8009-02-12
"July 4, 9766",9766-07-04
"September 14, 8031",8031-09-14
"January 25, 7093",7093-01-25
"February 8, 9444",9444-02-08
"September 11, 8212",8212-09-11
"May 23, 1405",1405-05-23
"February 5, 8765",8765-02-05
"August 27, 2114",2114-08-27
"July 23, 1750",1750-07-23
"September 20, 1984",1984-09-20
"July 5, 1246",1246-07-05
"July 20, 1099",1099-07-20
"October 16, 1605",1605-10-16
"December 1, 4806",4806-12-01
"November 30, 2032",2032-11-30
"September 29, 4597",4597-09-29
"February 29, 5096",5096-02-29
"April 4, 3331",3331-04-04
"January 14, 9539",9539-01-14
"June 20, 2729",2729-06-20
"February 23, 3446",3446-02-23
"December 3, 4531",4531-12-03
"March 8, 1758",1758-03-08
"November 12, 5167",5167-11-12
"December 14, 8156",8156-12-14
"January 31, 4623",4623-01-31
"February 5, 7700",7700-02-05
"October 11, 6128",6128-10-11
"September 20, 6455",6455-09-20
"August 3, 4888",4888-08-03
"November 28, 9079",9079-11-28
"February 20, 3012",3012-02-20
"April 12, 4327",4327-04-12
"April 18, 4482",4482-04-18
"July 31, 2165",2165-07-31
"July 2, 7452",7452-07-02
"March 23, 2835",2835-03-23
"September 15, 2745",2745-09-15
"October 11, 2874",2874-10-11
"November 1, 5767",5767-11-01
"February 16, 2360",2360-02-16
"October 15, 7112",7112-10-15
"March 11, 8100",8100-03-11
"August 10, 5704",5704-08-10
"August 19, 2817",2817-08-19
"December 7, 7449",7449-12-07
"August 24, 7342",7342-08-24
"July 20, 8219",8219-07-20
"May 2, 6392",6392-05-02
"December 14, 9036",9036-12-14
"August 4, 4229",4229-08-04
"April 12, 8923",8923-04-12
"November 24, 3863",3863-11-24
"October 16, 2301",2301-10-16
"August 14, 8623",8623-08-14
"January 12, 2684",2684-01-12
"February 8, 6109",6109-02-08
"September 14, 2114",2114-09-14
"November 11, 9677",9677-11-11
"March 16, 1452",1452-03-16
"March 1, 2557",2557-03-01
"September 3, 5374",5374-09-03
"August 8, 6429",6429-08-08
"July 15, 5356",5356-07-15
"April 21, 6476",6476-04-21
"June 22, 2957",2957-06-22
"July 9, 9809",9809-07-09
"February 22, 1229",1229-02-22
"May 31, 7731",7731-05-31
"February 14, 8902",8902-02-14
"June 25, 5161",5161-06-25
"July 18, 6063",6063-07-18
"August 31, 7716",7716-08-31
"August 7, 7567",7567-08-07
"February 9, 3088",3088-02-09
"January 2, 6137",6137-01-02
"January 10, 1228",1228-01-10
"April 7, 6647",6647-04-07
"April 3, 8714",8714-04-03
"September 20, 7508",7508-09-20
"May 25, 4948",4948-05-25
"November 12, 4901",4901-11-12
"March 24, 1976",1976-03-24
"July 27, 5248",5248-07-27
"February 8, 1791",1791-02-08
"April 22, 3035",3035-04-22
"August 21, 2549",2549-08-21
"February 18, 8166",8166-02-18
"April 14, 4446",4446-04-14
"September 10, 8778",8778-09-10
"February 19, 5520",5520-02-19
"August 22, 2716",2716-08-22
"May 11, 2274",2274-05-11
"June 8, 8681",8681-06-08
"October 14, 3263",3263-10-14
"March 4, 8283",8283-03-04
"October 12, 4682",4682-10-12
"March 25, 4357",4357-03-25
"July 16, 9169",9169-07-16
"December 23, 1953",1953-12-23
"May 17, 5073",5073-05-17
"June 21, 7922",7922-06-21
"July 8, 6681",6681-07-08
"March 25, 1183",1183-03-25
"March 24, 8141",8141-03-24
"January 15, 7779",7779-01-15
"February 23, 5797",5797-02-23
"June 3, 2941",2941-06-03
"December 31, 5193",5193-12-31
"February 3, 3902",3902-02-03
"February 13, 3205",3205-02-13
"December 13, 6895",6895-12-13
"March 28, 4218",4218-03-28
"June 8, 6976",6976-06-08
"March 23, 1269",1269-03-23
"June 26, 6622",6622-06-26
"April 23, 4658",4658-04-23
"May 29, 2916",2916-05-29
"April 11, 1597",1597-04-11
"July 8, 8457",8457-07-08
"May 2, 3742",3742-05-02
"June 11, 9044",9044-06-11
"April 17, 4521",4521-04-17
"June 29, 4021",4021-06-29
"May 9, 6155",6155-05-09
"October 30, 5971",5971-10-30
"December 4, 4875",4875-12-04
"July 30, 1464",1464-07-30
"February 24, 4133",4133-02-24
"September 7, 9612",9612-09-07
"November 6, 9724",9724-11-06
"March 19, 8541",8541-03-19
"July 2, 6260",6260-07-02
"June 1, 8572",8572-06-01
"June 30, 1921",1921-06-30
"February 10, 4823",4823-02-10
"August 15, 7330",7330-08-15
"April 14, 1360",1360-04-14
"May 2, 2500",2500-05-02
"September 22, 8167",8167-09-22
"August 16, 1122",1122-08-16
"May 3, 9436",9436-05-03
"August 10, 7587",7587-08-10
"August 16, 1220",1220-08-16
"March 17, 4476",4476-03-17
"June 25, 5371",5371-06-25
"August 12, 3292",3292-08-12
"September 9, 6398",6398-09-09
"December 20, 5363",5363-12-20
"March 15, 5460",5460-03-15
"March 21, 1413",1413-03-21
"June 3, 8984",8984-06-03
"November 21, 8715",8715-11-21
"November 1, 4103",4103-11-01
"June 6, 9002",9002-06-06
"December 27, 5307",5307-12-27
"April 20, 4854",4854-04-20
"February 14, 5212",5212-02-14
"April 27, 6886",6886-04-27
"December 16, 5874",5874-12-16
"January 26, 5676",5676-01-26
"February 20, 9122",9122-02-20
"November 15, 4928",4928-11-15
"September 29, 2519",2519-09-29
"January 29, 4976",4976-01-29
"January 23, 9258",9258-01-23
"December 23, 4003",4003-12-23
"May 8, 7343",7343-05-08
"March 25, 3215",3215-03-25
"July 17, 6613",6613-07-17
"April 5, 4234",4234-04-05
"May 13, 4062",4062-05-13
"August 28, 1956",1956-08-28
"March 8, 6166",6166-03-08
"October 14, 8714",8714-10-14
"October 4, 1973",1973-10-04
"August 24, 8650",8650-08-24
"November 3, 4658",4658-11-03
"October 6, 6842",6842-10-06
"September 7, 2303",2303-09-07
"March 17, 1264",1264-03-17
"December 10, 2475",2475-12-10
"March 30, 9751",9751-03-30
"April 26, 2229",2229-04-26
"January 26, 3790",3790-01-26
"July 20, 1854",1854-07-20
"October 31, 3033",3033-10-31
"November 6, 5287",5287-11-06
"December 19, 1745",1745-12-19
"July 19, 2768",2768-07-19
"August 1, 7567",7567-08-01
"December 27, 3720",3720-12-27
"April 27, 9944",9944-04-27
"July 9, 2003",2003-07-09
"December 30, 1865",1865-12-30
"October 7, 1110",1110-10-07
"November 20, 9303",9303-11-20
"June 4, 1154",1154-06-04
"September 21, 9457",9457-09-21
"June 18, 4917",4917-06-18
"September 5, 8090",8090-09-05
"April 1, 1808",1808-04-01
"March 30, 2794",2794-03-30
"February 18, 7692",7692-02-18
"March 12, 8190",8190-03-12
"March 24, 6291",6291-03-24
"March 13, 8246",8246-03-13
"December 8, 4799",4799-12-08
"November 23, 8635",8635-11-23
"May 6, 2215",2215-05-06
"June 18, 8034",8034-06-18
"October 2, 2400",2400-10-02
"December 29, 1644",1644-12-29
"February 28, 9086",9086-02-28
"December 12, 2592",2592-12-12
"March 24, 3291",3291-03-24
"July 7, 9567",9567-07-07
"December 18, 1931",1931-12-18
"January 27, 3131",3131-01-27
"February 2, 2053",2053-02-02
"February 27, 9248",9248-02-27
"September 27, 2051",2051-09-27
"February 10, 1044",1044-02-10
"January 21, 5972",5972-01-21
"March 6, 8873",8873-03-06
"July 20, 3676",3676-07-20
"January 28, 3414",3414-01-28
"March 2, 1574",1574-03-02
"July 6, 9233",9233-07-06
"December 9, 1911",1911-12-09
"January 9, 5443",5443-01-09
"May 29, 4679",4679-05-29
"June 12, 8182",8182-06-12
"August 30, 7078",7078-08-30
"March 9, 3212",3212-03-09
"September 15, 6466",6466-09-15
"September 18, 3265",3265-09-18
"February 16, 9133",9133-02-16
"November 3, 6687",6687-11-03
"November 5, 7952",7952-11-05
"July 31, 9110",9110-07-31
"September 12, 3136",3136-09-12
"March 26, 6388",6388-03-26
"January 5, 4308",4308-01-05
"January 3, 9401",9401-01-03
"October 2, 8764",8764-10-02
"February 21, 7796",7796-02-21
"July 24, 1703",1703-07-24
"September 8, 6081",6081-09-08
"August 23, 3123",3123-08-23
"November 26, 6828",6828-11-26
"July 2, 1072",1072-07-02
"August 14, 1913",1913-08-14
"May 29, 3019",3019-05-29
"July 18, 3270",3270-07-18
"March 13, 4023",4023-03-13
"May 30, 2652",2652-05-30
"February 7, 7224",7224-02-07
"January 24, 7608",7608-01-24
"May 16, 3174",3174-05-16
"February 25, 9038",9038-02-25
"February 1, 2424",2424-02-01
"June 20, 9071",9071-06-20
"September 7, 9746",9746-09-07
"March 24, 1870",1870-03-24
"March 14, 3161",3161-03-14
"December 28, 3147",3147-12-28
"November 24, 4690",4690-11-24
"November 24, 9684",9684-11-24
"December 31, 3614",3614-12-31
"March 17, 2865",2865-03-17
"March 20, 5532",5532-03-20
"July 4, 8295",8295-07-04
"November 3, 7801",7801-11-03
"May 31, 4407",4407-05-31
"January 7, 7908",7908-01-07
"June 27, 5734",5734-06-27
"March 23, 6818",6818-03-23
"May 7, 8356",8356-05-07
"June 17, 4277",4277-06-17
"May 25, 3506",3506-05-25
"January 11, 5898",5898-01-11
"October 23, 3881",3881-10-23
"January 30, 4959",4959-01-30
"July 19, 9445",9445-07-19
"December 1, 3764",3764-12-01
"August 22, 7092",7092-08-22
"March 11, 1080",1080-03-11
"December 16, 8519",8519-12-16
"May 28, 8849",8849-05-28
"January 22, 3890",3890-01-22
"January 21, 4232",4232-01-21
"January 21, 9662",9662-01-21
"November 23, 2851",2851-11-23
"June 15, 1742",1742-06-15
"August 14, 1707",1707-08-14
"December 22, 1720",1720-12-22
"January 9, 6672",6672-01-09
"December 4, 4952",4952-12-04
"July 3, 9416",9416-07-03
"August 27, 1693",1693-08-27
"January 24, 8118",8118-01-24
"August 5, 9677",9677-08-05
"January 17, 5939",5939-01-17
"February 19, 1918",1918-02-19
"May 11, 8740",8740-05-11
"June 18, 9778",9778-06-18
"July 12, 9223",9223-07-12
"November 29, 6120",6120-11-29
"October 17, 1137",1137-10-17
"November 24, 9546",9546-11-24
"September 17, 8745",8745-09-17
"March 21, 2013",2013-03-21
"May 12, 4656",4656-05-12
"December 16, 7753",7753-12-16
"April 20, 9858",9858-04-20
"February 5, 5151",5151-02-05
"June 8, 9016",9016-06-08
"April 8, 8821",8821-04-08
"May 29, 7953",7953-05-29
"February 20, 8788",8788-02-20
"July 11, 1756",1756-07-11
"June 27, 7536",7536-06-27
"September 23, 4013",4013-09-23
"April 19, 9350",9350-04-19
"January 4, 4664",4664-01-04
"August 30, 6176",6176-08-30
"June 5, 5112",5112-06-05
"January 21, 9523",9523-01-21
"April 16, 6517",6517-04-16
"January 11, 5254",5254-01-11
"April 22, 6738",6738-04-22
"December 3, 4447",4447-12-03
"September 26, 9766",9766-09-26
"June 29, 6616",6616-06-29
"October 28, 4599",4599-10-28
"February 5, 7269",7269-02-05
"December 10, 9554",9554-12-10
"February 28, 3185",3185-02-28
"July 19, 3619",3619-07-19
"July 7, 7743",7743-07-07
"July 25, 2958",2958-07-25
"May 6, 1490",1490-05-06
"August 16, 8933",8933-08-16
"July 5, 5052",5052-07-05
"March 18, 5705",5705-03-18
"April 1, 6339",6339-04-01
"April 20, 6301",6301-04-20
"December 1, 4724",4724-12-01
"September 3, 5630",5630-09-03
"January 30, 6324",6324-01-30
"November 27, 6332",6332-11-27
"August 14, 6192",6192-08-14
"May 17, 2753",2753-05-17
"August 17, 2631",2631-08-17
"April 16, 9473",9473-04-16
"January 19, 9619",9619-01-19
"September 3, 5427",5427-09-03
"June 30, 5818",5818-06-30
"February 11, 1281",1281-02-11
"March 9, 2601",2601-03-09
"February 17, 4637",4637-02-17
"July 5, 5380",5380-07-05
"November 11, 8259",8259-11-11
"June 21, 2715",2715-06-21
"October 7, 5586",5586-10-07
"September 4, 5199",5199-09-04
"March 14, 1160",1160-03-14
"April 8, 5988",5988-04-08
"July 15, 8599",8599-07-15
"February 20, 2984",2984-02-20
"June 22, 2734",2734-06-22
"January 23, 7809",7809-01-23
"December 13, 3111",3111-12-13
"November 15, 3491",3491-11-15
"March 5, 2089",2089-03-05
"March 17, 1188",1188-03-17
"June 11, 5493",5493-06-11
"July 30, 6423",6423-07-30
"May 24, 2721",2721-05-24
"October 19, 4110",4110-10-19
"August 6, 4873",4873-08-06
"December 16, 3270",3270-12-16
"December 21, 1248",1248-12-21
"January 23, 6711",6711-01-23
"March 29, 5504",5504-03-29
"January 16, 2818",2818-01-16
"July 13, 4485",4485-07-13
"April 12, 7308",7308-04-12
"August 25, 4188",4188-08-25
"April 9, 3615",3615-04-09
"April 8, 3181",3181-04-08
"March 6, 6587",6587-03-06
"July 18, 7968",7968-07-18
"January 11, 9311",9311-01-11
"November 24, 6731",6731-11-24
"October 3, 5970",5970-10-03
"August 10, 5996",5996-08-10
"April 27, 2835",2835-04-27
"June 13, 6596",6596-06-13
"September 1, 8645",8645-09-01
"April 7, 1686",1686-04-07
"December 16, 5057",5057-12-16
"May 25, 2217",2217-05-25
"April 28, 1768",1768-04-28
"June 15, 4712",4712-06-15
"September 17, 9107",9107-09-17
"March 29, 6474",6474-03-29
"December 12, 7979",7979-12-12
"June 18, 4322",4322-06-18
"September 4, 2624",2624-09-04
"May 26, 3700",3700-05-26
"April 9, 6957",6957-04-09
"July 26, 6675",6675-07-26
"February 5, 3485",3485-02-05
"February 24, 5781",5781-02-24
"October 16, 6632",6632-10-16
"December 1, 1148",1148-12-01
"January 15, 4537",4537-01-15
"January 2, 8252",8252-01-02
"April 30, 2821",2821-04-30
"February 16, 4888",4888-02-16
"December 13, 8239",8239-12-13
"December 12, 4566",4566-12-12
"June 15, 8855",8855-06-15
"May 22, 8102",8102-05-22
"June 11, 5926",5926-06-11
"September 8, 8023",8023-09-08
"April 1, 2399",2399-04-01
"January 6, 7880",7880-01-06
"April 20, 2486",2486-04-20
"February 22, 7082",7082-02-22
"March 14, 4237",4237-03-14
"January 11, 4917",4917-01-11
"October 30, 9322",9322-10-30
"June 18, 5287",5287-06-18
"August 21, 8906",8906-08-21
"June 8, 2471",2471-06-08
"December 21, 5243",5243-12-21
"January 3, 7492",7492-01-03
"October 3, 6437",6437-10-03
"November 26, 1724",1724-11-26
"May 17, 1203",1203-05-17
"January 27, 6134",6134-01-27
"January 13, 5249",5249-01-13
"September 3, 5788",5788-09-03
"March 26, 3826",3826-03-26
"April 25, 3405",3405-04-25
"December 18, 4745",4745-12-18
"December 19, 8903",8903-12-19
"September 18, 3680",3680-09-18
"January 20, 4589",4589-01-20
"February 19, 8279",8279-02-19
"May 9, 6468",6468-05-09
"July 7, 4221",4221-07-07
"May 10, 7373",7373-05-10
"February 15, 4913",4913-02-15
"July 27, 7628",7628-07-27
"October 10, 4801",4801-10-10
"May 8, 9019",9019-05-08
"February 28, 3232",3232-02-28
"December 11, 2459",2459-12-11
"October 21, 4695",4695-10-21
"July 16, 9975",9975-07-16
"June 22, 8265",8265-06-22
"October 15, 7571",7571-10-15
"November 27, 3628",3628-11-27
"August 10, 9131",9131-08-10
"November 21, 7807",7807-11-21
"December 19, 7997",7997-12-19
"October 28, 3721",3721-10-28
"July 23, 3860",3860-07-23
"October 4, 6610",6610-10-04
"September 12, 7468",7468-09-12
"June 16, 6394",6394-06-16
"October 2, 1222",1222-10-02
"August 27, 4599",4599-08-27
"September 3, 6867",6867-09-03
"August 19, 2097",2097-08-19
"May 10, 5411",5411-05-10
"December 2, 9614",9614-12-02
"August 29, 2703",2703-08-29
"April 6, 8161",8161-04-06
"October 5, 4693",4693-10-05
"September 16, 1933",1933-09-16
"July 15, 7077",7077-07-15
"October 9, 6637",6637-10-09
"May 7, 6313",6313-05-07
"January 10, 7920",7920-01-10
"January 30, 9358",9358-01-30
"September 22, 4054",4054-09-22
"July 18, 1768",1768-07-18
"September 17, 6161",6161-09-17
"September 30, 5473",5473-09-30
"September 30, 9927",9927-09-30
"June 4, 3218",3218-06-04
"October 5, 9841",9841-10-05
"November 23, 4171",4171-11-23
"April 10, 9175",9175-04-10
"February 12, 2643",2643-02-12
"July 16, 5177",5177-07-16
"June 28, 9931",9931-06-28
"October 11, 1677",1677-10-11
"April 29, 6440",6440-04-29
"September 12, 3831",3831-09-12
"September 3, 3564",3564-09-03
"December 6, 8269",8269-12-06
"January 24, 1035",1035-01-24
"August 9, 4757",4757-08-09
"February 8, 5090",5090-02-08
"May 3, 8127",8127-05-03
"June 15, 6541",6541-06-15
"May 22, 7452",7452-05-22
"December 27, 2677",2677-12-27
"July 13, 9999",9999-07-13
"March 30, 4132",4132-03-30
"March 2, 4675",4675-03-02
"January 30, 6566",6566-01-30
"October 16, 4607",4607-10-16
"December 16, 7944",7944-12-16
"October 12, 7158",7158-10-12
"May 23, 3297",3297-05-23
"August 5, 8416",8416-08-05
"February 28, 3161",3161-02-28
"June 18, 7862",7862-06-18
"July 10, 7948",7948-07-10
"March 13, 2382",2382-03-13
"October 13, 4394",4394-10-13
"April 25, 9422",9422-04-25
"June 25, 1695",1695-06-25
"February 21, 9446",9446-02-21
"August 26, 3238",3238-08-26
"September 13, 7011",7011-09-13
"March 24, 6789",6789-03-24
"August 15, 4243",4243-08-15
"July 16, 3850",3850-07-16
"December 10, 5317",5317-12-10
"June 21, 5857",5857-06-21
"December 13, 9045",9045-12-13
"May 2, 1125",1125-05-02
"February 25, 4424",4424-02-25
"January 31, 3997",3997-01-31
"May 31, 3345",3345-05-31
"April 29, 2654",2654-04-29
"May 3, 4400",4400-05-03
"May 7, 1290",1290-05-07
"December 22, 1330",1330-12-22
"February 15, 8483",8483-02-15
"April 25, 8395",8395-04-25
"October 21, 9754",9754-10-21
"June 19, 5839",5839-06-19
"November 16, 1903",1903-11-16
"March 23, 5233",5233-03-23
"March 10, 6339",6339-03-10
"December 15, 9908",9908-12-15
"February 25, 2695",2695-02-25
"July 24, 6129",6129-07-24
"June 24, 8187",8187-06-24
"December 18, 5386",5386-12-18
"June 10, 7376",7376-06-10
"September 6, 2802",2802-09-06
"June 28, 7819",7819-06-28
"April 29, 6100",6100-04-29
"November 18, 9709",9709-11-18
"November 9, 4606",4606-11-09
"April 20, 2237",2237-04-20
"May 14, 4141",4141-05-14
"November 17, 6235",6235-11-17
"November 23, 4168",4168-11-23
"March 28, 3271",3271-03-28
"November 4, 9110",9110-11-04
"April 20, 7965",7965-04-20
"November 28, 6205",6205-11-28
"February 8, 4270",4270-02-08
"September 10, 2870",2870-09-10
"November 30, 7734",7734-11-30
"January 20, 2476",2476-01-20
"December 15, 4706",4706-12-15
"September 20, 1194",1194-09-20
"December 28, 2422",2422-12-28
"January 5, 1602",1602-01-05
"November 2, 4749",4749-11-02
"July 24, 7345",7345-07-24
"November 6, 6478",6478-11-06
"May 30, 5235",5235-05-30
"November 2, 2627",2627-11-02
"June 4, 4620",4620-06-04
"December 16, 9273",9273-12-16
"September 9, 5306",5306-09-09
"June 13, 7317",7317-06-13
"June 7, 1292",1292-06-07
"December 8, 8221",8221-12-08
"November 14, 5986",5986-11-14
"March 9, 8422",8422-03-09
"May 13, 4719",4719-05-13
"March 16, 5542",5542-03-16
"January 25, 3044",3044-01-25
"September 2, 4750",4750-09-02
"May 25, 8040",8040-05-25
"August 26, 9733",9733-08-26
"July 29, 1396",1396-07-29
"February 5, 8391",8391-02-05
"October 26, 4248",4248-10-26
"November 8, 4720",4720-11-08
"April 30, 7495",7495-04-30
"April 3, 9687",9687-04-03
"October 11, 7528",7528-10-11
"March 29, 1452",1452-03-29
"April 5, 6876",6876-04-05
"June 19, 1641",1641-06-19
"February 2, 9300",9300-02-02
"November 8, 9236",9236-11-08
"June 12, 9195",9195-06-12
"April 23, 2514",2514-04-23
"August 24, 6703",6703-08-24
"July 20, 1733",1733-07-20
"September 4, 1779",1779-09-04
"September 10, 2606",2606-09-10
"July 28, 2740",2740-07-28
"March 28, 2174",2174-03-28
"May 31, 7003",7003-05-31
"March 18, 2876",2876-03-18
"August 15, 9197",9197-08-15
"October 21, 3698",3698-10-21
"November 17, 2054",2054-11-17
"March 21, 9666",9666-03-21
"September 28, 5137",5137-09-28
"August 1, 5100",5100-08-01
"April 11, 4883",4883-04-11
"December 31, 1931",1931-12-31
"August 15, 5738",5738-08-15
"June 18, 4945",4945-06-18
"June 25, 9622",9622-06-25
"December 28, 1798",1798-12-28
"March 4, 6655",6655-03-04
"November 16, 5599",5599-11-16
"November 6, 7259",7259-11-06
"September 17, 1713",1713-09-17
"March 20, 7025",7025-03-20
"March 27, 5781",5781-03-27
"May 26, 8370",8370-05-26
"May 27, 5547",5547-05-27
"May 13, 8976",8976-05-13
"October 12, 2779",2779-10-12
"February 20, 7294",7294-02-20
"June 25, 2027",2027-06-25
"January 12, 3380",3380-01-12
"May 19, 6150",6150-05-19
"August 3, 2826",2826-08-03
"June 24, 2323",2323-06-24
"April 16, 9759",9759-04-16
"May 29, 3994",3994-05-29
"May 1, 3611",3611-05-01
"August 19, 3747",3747-08-19
"December 26, 1648",1648-12-26
"February 28, 8404",8404-02-28
"April 20, 8849",8849-04-20
"March 27, 7404",7404-03-27
"March 11, 1278",1278-03-11
"September 12, 1602",1602-09-12
"November 5, 8382",8382-11-05
"May 21, 9007",9007-05-21
"October 13, 3589",3589-10-13
"February 15, 6497",6497-02-15
"November 5, 1486",1486-11-05
"May 1, 1484",1484-05-01
"December 4, 3514",3514-12-04
"August 22, 9710",9710-08-22
"November 4, 3671",3671-11-04
"October 2, 2752",2752-10-02
"December 25, 2580",2580-12-25
"July 6, 6748",6748-07-06
"July 18, 4668",4668-07-18
"August 21, 4708",4708-08-21
"March 11, 5450",5450-03-11
"March 9, 9681",9681-03-09
"May 29, 8284",8284-05-29
"January 15, 8697",8697-01-15
"April 26, 5545",5545-04-26
"February 15, 1221",1221-02-15
"June 24, 6859",6859-06-24
"February 16, 9791",9791-02-16
"February 9, 4326",4326-02-09
"July 19, 6652",6652-07-19
"January 6, 1270",1270-01-06
"November 29, 8689",8689-11-29
"October 28, 9207",9207-10-28
"July 7, 9005",9005-07-07
"December 30, 5764",5764-12-30
"May 6, 7316",7316-05-06
"June 11, 1780",1780-06-11
"November 2, 1460",1460-11-02
"February 24, 3298",3298-02-24
"July 12, 7771",7771-07-12
"June 23, 1413",1413-06-23
"March 14, 3398",3398-03-14
"July 23, 3635",3635-07-23
"December 14, 7691",7691-12-14
"October 18, 6643",6643-10-18
"February 19, 1082",1082-02-19
"March 1, 5012",5012-03-01
"June 25, 9059",9059-06-25
"November 23, 1925",1925-11-23
"September 4, 7678",7678-09-04
"April 30, 5227",5227-04-30
"November 13, 6846",6846-11-13
"May 15, 2885",2885-05-15
"January 29, 5561",5561-01-29
"June 20, 3443",3443-06-20
"June 13, 2748",2748-06-13
"November 10, 7157",7157-11-10
"May 27, 1084",1084-05-27
"January 13, 8208",8208-01-13
"September 23, 9546",9546-09-23
"November 26, 8151",8151-11-26
"September 9, 4231",4231-09-09
"August 2, 4050",4050-08-02
"November 27, 7387",7387-11-27
"April 28, 5298",5298-04-28
"September 29, 6866",6866-09-29
"June 18, 5460",5460-06-18
"October 23, 2835",2835-10-23
"December 8, 3314",3314-12-08
"August 12, 9660",9660-08-12
"August 28, 7977",7977-08-28
"January 1, 3943",3943-01-01
"February 7, 4841",4841-02-07
"March 5, 3248",3248-03-05
"October 24, 4755",4755-10-24
"August 31, 3989",3989-08-31
"November 3, 5508",5508-11-03
"June 23, 2368",2368-06-23
"August 30, 8469",8469-08-30
"March 19, 4277",4277-03-19
"July 28, 6186",6186-07-28
"December 6, 1330",1330-12-06
"June 13, 6116",6116-06-13
"November 5, 7928",7928-11-05
"July 10, 8480",8480-07-10
"March 24, 8715",8715-03-24
"May 16, 6877",6877-05-16
"July 29, 9842",9842-07-29
"October 18, 5658",5658-10-18
"June 7, 3349",3349-06-07
"July 17, 3122",3122-07-17
"February 16, 2294",2294-02-16
"May 30, 1478",1478-05-30
"May 8, 5449",5449-05-08
"August 23, 2225",2225-08-23
"March 9, 9530",9530-03-09
"November 2, 3360",3360-11-02
"May 12, 3298",3298-05-12
"October 13, 9724",9724-10-13
"January 15, 7548",7548-01-15
"July 11, 9448",9448-07-11
"May 25, 9581",9581-05-25
"February 13, 4429",4429-02-13
"October 27, 8920",8920-10-27
"April 30, 8742",8742-04-30
"June 5, 3461",3461-06-05
"October 1, 7812",7812-10-01
"October 16, 4483",4483-10-16
"November 17, 5144",5144-11-17
"November 14, 6325",6325-11-14
"May 3, 1624",1624-05-03
"June 7, 8439",8439-06-07
"February 3, 8190",8190-02-03
"January 19, 3639",3639-01-19
"June 13, 7509",7509-06-13
"September 9, 3897",3897-09-09
"September 19, 3489",3489-09-19
"April 8, 6869",6869-04-08
"June 14, 1273",1273-06-14
"October 16, 4558",4558-10-16
"December 11, 1141",1141-12-11
"April 29, 3485",3485-04-29
"August 9, 3077",3077-08-09
"September 30, 4834",4834-09-30
"September 3, 3369",3369-09-03
"February 17, 6737",6737-02-17
"July 16, 9267",9267-07-16
"March 17, 5462",5462-03-17
"November 7, 9267",9267-11-07
"April 7, 4759",4759-04-07
"March 3, 6258",6258-03-03
"April 10, 5487",5487-04-10
"December 28, 7910",7910-12-28
"January 8, 9657",9657-01-08
"October 1, 2897",2897-10-01
"April 16, 6646",6646-04-16
"February 25, 6514",6514-02-25
"May 9, 7440",7440-05-09
"September 26, 7852",7852-09-26
"October 6, 4276",4276-10-06
"November 7, 8659",8659-11-07
"November 21, 3853",3853-11-21
"December 24, 1891",1891-12-24
"February 27, 8078",8078-02-27
"October 2, 2231",2231-10-02
"February 10, 1003",1003-02-10
"April 16, 1358",1358-04-16
"July 15, 8111",8111-07-15
"July 3, 1574",1574-07-03
"October 3, 1128",1128-10-03
"March 2, 4149",4149-03-02
"February 9, 1000",1000-02-09
"August 30, 4484",4484-08-30
"November 27, 6110",6110-11-27
"February 3, 5380",5380-02-03
"August 30, 9368",9368-08-30
"December 20, 7523",7523-12-20
"June 28, 2831",2831-06-28
"August 1, 2116",2116-08-01
"October 22, 1614",1614-10-22
"July 17, 5226",5226-07-17
"July 9, 3472",3472-07-09
"October 19, 8415",8415-10-19
"November 28, 3190",3190-11-28
"June 22, 5859",5859-06-22
"January 30, 9519",9519-01-30
"May 1, 5281",5281-05-01
"November 24, 1873",1873-11-24
"March 3, 4215",4215-03-03
"April 5, 5794",5794-04-05
"December 28, 8505",8505-12-28
"March 3, 1257",1257-03-03
"January 12, 4416",4416-01-12
"June 25, 9847",9847-06-25
"November 5, 1401",1401-11-05
"November 30, 2378",2378-11-30
"August 17, 4468",4468-08-17
"October 25, 2628",2628-10-25
"January 15, 4017",4017-01-15
"March 8, 6247",6247-03-08
"April 22, 3350",3350-04-22
"October 7, 2381",2381-10-07
"September 25, 8311",8311-09-25
"October 20, 9546",9546-10-20
"November 9, 8829",8829-11-09
"September 23, 1348",1348-09-23
"December 31, 6471",6471-12-31
"October 29, 3004",3004-10-29
"September 21, 1164",1164-09-21
"November 26, 2292",2292-11-26
"September 7, 1988",1988-09-07
"June 6, 9323",9323-06-06
"May 20, 3696",3696-05-20
"November 9, 6227",6227-11-09
"December 8, 7657",7657-12-08
"March 5, 8980",8980-03-05
"June 26, 7401",7401-06-26
"July 28, 4136",4136-07-28
"May 6, 4101",4101-05-06
"January 22, 1259",1259-01-22
"July 26, 9071",9071-07-26
"December 4, 7467",7467-12-04
"December 23, 6508",6508-12-23
"September 23, 1726",1726-09-23
"July 4, 9399",9399-07-04
"May 19, 8944",8944-05-19
"May 19, 2760",2760-05-19
"June 10, 3474",3474-06-10
"March 31, 1748",1748-03-31
"March 9, 5565",5565-03-09
"February 10, 8786",8786-02-10
"March 16, 5334",5334-03-16
"May 4, 1343",1343-05-04
"September 30, 1426",1426-09-30
"March 22, 6712",6712-03-22
"July 10, 5966",5966-07-10
"December 10, 6347",6347-12-10
"February 14, 5736",5736-02-14
"November 24, 3009",3009-11-24
"May 18, 1152",1152-05-18
"April 19, 7623",7623-04-19
"September 1, 1505",1505-09-01
"April 4, 8540",8540-04-04
"August 3, 1723",1723-08-03
"January 8, 9837",9837-01-08
"November 11, 4224",4224-11-11
"March 28, 9152",9152-03-28
"June 5, 4233",4233-06-05
"March 27, 9255",9255-03-27
"August 14, 6502",6502-08-14
"September 18, 3327",3327-09-18
"May 23, 4069",4069-05-23
"May 7, 1280",1280-05-07
"April 17, 8708",8708-04-17
"February 11, 4123",4123-02-11
"September 21, 3159",3159-09-21
"July 25, 3696",3696-07-25
"December 19, 8919",8919-12-19
"July 14, 6144",6144-07-14
"May 18, 1022",1022-05-18
"June 10, 8466",8466-06-10
"September 11, 1506",1506-09-11
"September 17, 7467",7467-09-17
"May 1, 5999",5999-05-01
"September 14, 7418",7418-09-14
"May 16, 9072",9072-05-16
"January 24, 6610",6610-01-24
"September 11, 3658",3658-09-11
"April 28, 9217",9217-04-28
"November 19, 9526",9526-11-19
"February 11, 1543",1543-02-11
"April 2, 4290",4290-04-02
"June 8, 5180",5180-06-08
"May 3, 2015",2015-05-03
"October 7, 7867",7867-10-07
"November 24, 5217",5217-11-24
"June 27, 6239",6239-06-27
"September 21, 6425",6425-09-21
"November 14, 7253",7253-11-14
"February 7, 2882",2882-02-07
"June 17, 5286",5286-06-17
"February 15, 8563",8563-02-15
"July 19, 5263",5263-07-19
"May 21, 9339",9339-05-21
"October 1, 7327",7327-10-01
"December 17, 7209",7209-12-17
"February 11, 2673",2673-02-11
"December 4, 4682",4682-12-04
"September 12, 9442",9442-09-12
"August 22, 8341",8341-08-22
"May 18, 4982",4982-05-18
"November 6, 5673",5673-11-06
"September 20, 2997",2997-09-20
"December 5, 7662",7662-12-05
"November 17, 5613",5613-11-17
"March 2, 5273",5273-03-02
"May 29, 6368",6368-05-29
"October 31, 4989",4989-10-31
"July 14, 9811",9811-07-14
"May 19, 4358",4358-05-19
"May 13, 2695",2695-05-13
"July 18, 8724",8724-07-18
"October 7, 9631",9631-10-07
"October 9, 6678",6678-10-09
"August 9, 8759",8759-08-09
"March 16, 7227",7227-03-16
"April 25, 5683",5683-04-25
"November 17, 5137",5137-11-17
"August 10, 5957",5957-08-10
"September 15, 1992",1992-09-15
"November 19, 7914",7914-11-19
"August 29, 3907",3907-08-29
"August 15, 2580",2580-08-15
"October 17, 4821",4821-10-17
"October 25, 5118",5118-10-25
"April 5, 8412",8412-04-05
"September 28, 6357",6357-09-28
"June 15, 6176",6176-06-15
"March 28, 9655",9655-03-28
"February 7, 7192",7192-02-07
"September 26, 8812",8812-09-26
"June 26, 2886",2886-06-26
"December 28, 1490",1490-12-28
"February 3, 4944",4944-02-03
"October 5, 6814",6814-10-05
"December 24, 8177",8177-12-24
"September 14, 2665",2665-09-14
"April 20, 7876",7876-04-20
"May 18, 4923",4923-05-18
"July 30, 7203",7203-07-30
"August 27, 8265",8265-08-27
"December 5, 9552",9552-12-05
"October 23, 2830",2830-10-23
"January 25, 7588",7588-01-25
"March 18, 2602",2602-03-18
"June 23, 3363",3363-06-23
"August 11, 8960",8960-08-11
"July 15, 5551",5551-07-15
"September 17, 1938",1938-09-17
"May 12, 5811",5811-05-12
"October 14, 2284",2284-10-14
"September 12, 6757",6757-09-12
"January 18, 7247",7247-01-18
"January 24, 1482",1482-01-24
"July 12, 6966",6966-07-12
"March 4, 2192",2192-03-04
"May 31, 7608",7608-05-31
"May 27, 1046",1046-05-27
"January 28, 3925",3925-01-28
"February 20, 7321",7321-02-20
"June 8, 8632",8632-06-08
"May 16, 2891",2891-05-16
"July 23, 9494",9494-07-23
"April 13, 3604",3604-04-13
"November 30, 8854",8854-11-30
"July 13, 9150",9150-07-13
"November 10, 4845",4845-11-10
"July 22, 6617",6617-07-22
"September 6, 2342",2342-09-06
"October 9, 4737",4737-10-09
"May 4, 9404",9404-05-04
"February 1, 5287",5287-02-01
"March 12, 7298",7298-03-12
"July 30, 5535",5535-07-30
"April 28, 7007",7007-04-28
"June 30, 8543",8543-06-30
"October 6, 5510",5510-10-06
"September 26, 3515",3515-09-26
"April 8, 7626",7626-04-08
"April 17, 5032",5032-04-17
"September 19, 9610",9610-09-19
"April 18, 5685",5685-04-18
"June 10, 8898",8898-06-10
"September 9, 9630",9630-09-09
"March 1, 2222",2222-03-01
"March 3, 3593",3593-03-03
"November 27, 8354",8354-11-27
"April 29, 8394",8394-04-29
"August 4, 6209",6209-08-04
"January 6, 2788",2788-01-06
"December 21, 8968",8968-12-21
"October 28, 9650",9650-10-28
"September 22, 3162",3162-09-22
"August 2, 9224",9224-08-02
"November 6, 1006",1006-11-06
"August 11, 6793",6793-08-11
"December 11, 2237",2237-12-11
"September 20, 6686",6686-09-20
"September 22, 2657",2657-09-22
"March 12, 1829",1829-03-12
"May 23, 8980",8980-05-23
"May 15, 4520",4520-05-15
"February 13, 3777",3777-02-13
"April 28, 9679",9679-04-28
"September 22, 5663",5663-09-22
"November 24, 4477",4477-11-24
"November 18, 3402",3402-11-18
"September 27, 7223",7223-09-27
"May 27, 8329",8329-05-27
"March 4, 2109",2109-03-04
"June 12, 3193",3193-06-12
"December 5, 1269",1269-12-05
"April 7, 1186",1186-04-07
"February 10, 1357",1357-02-10
"September 2, 4396",4396-09-02
"May 21, 2390",2390-05-21
"February 10, 3378",3378-02-10
"September 2, 3132",3132-09-02
"January 25, 9912",9912-01-25
"May 22, 8814",8814-05-22
"March 14, 1819",1819-03-14
"August 27, 1769",1769-08-27
"May 4, 3910",3910-05-04
"June 23, 6197",6197-06-23
"January 4, 2366",2366-01-04
"February 20, 5845",5845-02-20
"July 23, 5105",5105-07-23
"May 21, 8597",8597-05-21
"November 27, 5627",5627-11-27
"May 14, 1121",1121-05-14
"June 24, 9013",9013-06-24
"February 27, 7862",7862-02-27
"July 23, 4447",4447-07-23
"October 29, 4940",4940-10-29
"September 28, 5452",5452-09-28
"May 23, 5305",5305-05-23
"September 27, 3393",3393-09-27
"July 26, 4488",4488-07-26
"January 2, 5921",5921-01-02
"April 27, 8111",8111-04-27
"October 13, 7771",7771-10-13
"March 19, 6494",6494-03-19
"August 14, 8294",8294-08-14
"February 29, 8060",8060-02-29
"August 24, 7813",7813-08-24
"November 15, 1480",1480-11-15
"September 21, 8798",8798-09-21
"April 14, 6642",6642-04-14
"December 10, 1361",1361-12-10
"October 1, 6741",6741-10-01
"July 13, 4670",4670-07-13
"June 16, 5036",5036-06-16
"June 15, 1356",1356-06-15
"April 22, 3937",3937-04-22
"October 13, 9045",9045-10-13
"August 11, 6438",6438-08-11
"November 25, 5406",5406-11-25
"March 21, 9646",9646-03-21
"November 13, 7189",7189-11-13
"December 11, 9839",9839-12-11
"June 22, 2125",2125-06-22
"February 22, 5854",5854-02-22
"July 8, 8907",8907-07-08
"April 25, 7742",7742-04-25
"July 3, 8122",8122-07-03
"May 20, 5031",5031-05-20
"July 13, 8864",8864-07-13
"July 7, 6630",6630-07-07
"October 29, 1313",1313-10-29
"May 26, 5363",5363-05-26
"February 3, 1444",1444-02-03
"September 1, 6597",6597-09-01
"August 19, 9716",9716-08-19
"February 8, 1997",1997-02-08
"March 30, 6453",6453-03-30
"September 1, 3895",3895-09-01
"January 16, 7244",7244-01-16
"January 19, 2057",2057-01-19
"September 26, 1952",1952-09-26
"December 17, 3817",3817-12-17
"May 3, 9317",9317-05-03
"October 9, 9217",9217-10-09
"August 5, 8249",8249-08-05
"July 11, 2079",2079-07-11
"June 11, 6221",6221-06-11
"January 24, 5362",5362-01-24
"October 29, 9601",9601-10-29
"May 16, 4874",4874-05-16
"November 25, 3771",3771-11-25
"August 12, 7931",7931-08-12
"January 9, 6389",6389-01-09
"May 16, 1394",1394-05-16
"September 30, 4707",4707-09-30
"October 12, 4557",4557-10-12
"February 21, 7346",7346-02-21
"August 26, 9924",9924-08-26
"December 4, 9084",9084-12-04
"May 24, 6181",6181-05-24
"November 2, 3486",3486-11-02
"September 10, 8047",8047-09-10
"April 3, 5715",5715-04-03
"May 30, 2090",2090-05-30
"March 19, 1118",1118-03-19
"October 7, 8852",8852-10-07
"April 25, 2474",2474-04-25
"September 17, 7814",7814-09-17
"March 25, 8754",8754-03-25
"October 22, 9966",9966-10-22
"April 1, 1324",1324-04-01
"February 3, 6814",6814-02-03
"August 31, 6103",6103-08-31
"July 6, 1793",1793-07-06
"August 11, 6765",6765-08-11
"March 19, 3081",3081-03-19
"December 25, 6318",6318-12-25
"January 8, 4155",4155-01-08
"August 2, 9005",9005-08-02
"October 25, 7488",7488-10-25
"September 8, 5457",5457-09-08
"May 8, 7151",7151-05-08
"November 13, 8506",8506-11-13
"December 9, 9317",9317-12-09
"June 5, 1559",1559-06-05
"September 14, 3907",3907-09-14
"July 4, 7725",7725-07-04
"April 6, 2351",2351-04-06
"January 19, 9018",9018-01-19
"January 1, 6934",6934-01-01
"August 5, 6639",6639-08-05
"March 19, 2997",2997-03-19
"June 12, 6187",6187-06-12
"March 4, 4369",4369-03-04
"November 29, 2868",2868-11-29
"March 28, 1457",1457-03-28
"July 17, 4333",4333-07-17
"January 14, 7903",7903-01-14
"November 6, 4805",4805-11-06
"June 4, 5900",5900-06-04
"June 18, 2259",2259-06-18
"January 11, 8887",8887-01-11
"August 15, 2777",2777-08-15
"March 7, 1882",1882-03-07
"August 26, 3286",3286-08-26
"October 12, 6536",6536-10-12
"November 17, 6583",6583-11-17
"November 29, 3859",3859-11-29
"May 16, 1065",1065-05-16
"August 25, 5447",5447-08-25
"April 20, 9908",9908-04-20
"November 27, 9549",9549-11-27
"October 22, 8508",8508-10-22
"May 15, 3028",3028-05-15
"August 31, 9870",9870-08-31
"February 7, 5326",5326-02-07
"November 4, 1503",1503-11-04
"March 25, 4471",4471-03-25
"October 20, 3097",3097-10-20
"September 13, 3565",3565-09-13
"March 28, 4905",4905-03-28
"September 9, 8843",8843-09-09
"June 29, 7701",7701-06-29
"June 15, 6665",6665-06-15
"September 4, 3626",3626-09-04
"April 29, 9197",9197-04-29
"May 19, 6106",6106-05-19
"June 28, 9047",9047-06-28
"February 16, 2333",2333-02-16
"January 8, 2166",2166-01-08
"April 15, 2888",2888-04-15
"July 31, 2598",2598-07-31
"October 29, 2515",2515-10-29
"December 20, 9501",9501-12-20
"December 14, 7949",7949-12-14
"August 23, 7462",7462-08-23
"November 29, 1271",1271-11-29
"December 10, 6030",6030-12-10
"July 18, 6697",6697-07-18
"October 6, 5210",5210-10-06
"February 21, 9026",9026-02-21
"August 26, 5937",5937-08-26
"November 5, 1235",1235-11-05
"February 4, 9135",9135-02-04
"November 29, 7030",7030-11-29
"June 21, 8967",8967-06-21
"April 13, 5229",5229-04-13
"March 2, 8290",8290-03-02
"March 2, 7241",7241-03-02
"January 12, 2221",2221-01-12
"April 29, 5807",5807-04-29
"April 22, 6439",6439-04-22
"February 14, 1385",1385-02-14
"October 22, 4202",4202-10-22
"March 14, 6010",6010-03-14
"August 10, 7399",7399-08-10
"January 17, 9062",9062-01-17
"January 6, 5849",5849-01-06
"September 11, 1768",1768-09-11
"June 13, 1748",1748-06-13
"November 12, 2001",2001-11-12
"August 12, 4017",4017-08-12
"March 9, 8633",8633-03-09
"January 12, 5107",5107-01-12
"June 1, 6450",6450-06-01
"September 7, 5608",5608-09-07
"July 1, 6823",6823-07-01
"March 7, 3793",3793-03-07
"April 24, 2579",2579-04-24
"August 23, 2389",2389-08-23
"November 10, 1276",1276-11-10
"April 16, 2860",2860-04-16
"December 5, 1991",1991-12-05
"June 29, 7550",7550-06-29
"January 13, 3145",3145-01-13
"June 25, 8632",8632-06-25
"September 22, 3256",3256-09-22
"November 12, 6122",6122-11-12
"August 7, 8577",8577-08-07
"February 13, 7269",7269-02-13
"January 10, 5287",5287-01-10
"August 9, 7400",7400-08-09
"April 7, 4020",4020-04-07
"October 14, 6487",6487-10-14
"April 28, 1767",1767-04-28
"April 8, 8536",8536-04-08
"May 1, 3130",3130-05-01
"November 5, 7684",7684-11-05
"September 2, 5745",5745-09-02
"May 18, 2330",2330-05-18
"December 30, 7426",7426-12-30
"July 16, 1456",1456-07-16
"January 18, 3667",3667-01-18
"October 29, 3324",3324-10-29
"July 15, 2692",2692-07-15
"January 9, 4449",4449-01-09
"October 15, 2529",2529-10-15
"February 25, 9574",9574-02-25
"June 16, 9055",9055-06-16
"October 5, 5486",5486-10-05
"July 18, 1128",1128-07-18
"April 12, 5270",5270-04-12
"December 12, 1688",1688-12-12
"November 23, 6858",6858-11-23
"September 15, 1139",1139-09-15
"October 22, 2294",2294-10-22
"November 19, 7023",7023-11-19
"January 25, 8647",8647-01-25
"May 8, 4053",4053-05-08
"June 29, 7724",7724-06-29
"April 12, 7092",7092-04-12
"September 20, 1101",1101-09-20
"June 27, 4483",4483-06-27
"December 18, 2573",2573-12-18
"May 8, 4669",4669-05-08
"April 13, 3798",3798-04-13
"August 9, 6516",6516-08-09
"June 14, 3452",3452-06-14
"July 31, 3166",3166-07-31
"July 16, 8625",8625-07-16
"December 15, 6451",6451-12-15
"April 30, 6492",6492-04-30
"August 7, 6497",6497-08-07
"November 25, 3458",3458-11-25
"June 2, 2137",2137-06-02
"December 25, 2979",2979-12-25
"January 3, 5454",5454-01-03
"October 24, 7350",7350-10-24
"September 6, 8273",8273-09-06
"July 27, 8200",8200-07-27
"April 6, 7217",7217-04-06
"May 27, 1814",1814-05-27
"November 24, 2677",2677-11-24
"July 8, 8660",8660-07-08
"November 28, 2457",2457-11-28
"February 15, 6855",6855-02-15
"September 30, 2669",2669-09-30
"June 30, 9733",9733-06-30
"October 25, 1780",1780-10-25
"August 3, 6485",6485-08-03
"July 6, 6895",6895-07-06
"August 6, 1833",1833-08-06
"July 15, 7501",7501-07-15
"September 23, 2891",2891-09-23
"March 26, 3837",3837-03-26
"July 19, 8199",8199-07-19
"November 30, 9651",9651-11-30
"July 28, 5748",5748-07-28
"June 2, 8184",8184-06-02
"November 19, 5153",5153-11-19
"September 29, 3587",3587-09-29
"February 1, 4014",4014-02-01
"November 4, 5666",5666-11-04
"April 5, 1685",1685-04-05
"December 9, 9639",9639-12-09
"June 11, 5959",5959-06-11
"September 30, 1492",1492-09-30
"May 10, 4680",4680-05-10
"June 23, 9964",9964-06-23
"October 8, 5531",5531-10-08
"September 12, 1317",1317-09-12
"October 23, 3211",3211-10-23
"January 15, 8713",8713-01-15
"October 16, 9342",9342-10-16
"March 22, 5291",5291-03-22
"July 11, 5487",5487-07-11
"August 27, 6165",6165-08-27
"February 1, 7964",7964-02-01
"August 11, 3580",3580-08-11
"September 24, 9596",9596-09-24
"March 2, 2462",2462-03-02
"November 7, 6504",6504-11-07
"March 23, 8061",8061-03-23
"June 12, 6851",6851-06-12
"June 15, 5668",5668-06-15
"November 20, 8418",8418-11-20
"January 25, 9675",9675-01-25
"January 19, 8296",8296-01-19
"March 15, 2806",2806-03-15
"June 18, 3771",3771-06-18
"June 11, 7878",7878-06-11
"December 6, 6985",6985-12-06
"January 3, 4303",4303-01-03
"November 21, 6708",6708-11-21
"December 21, 9877",9877-12-21
"November 28, 1861",1861-11-28
"June 9, 5969",5969-06-09
"February 14, 7888",7888-02-14
"January 2, 1355",1355-01-02
"April 20, 5792",5792-04-20
"October 2, 1761",1761-10-02
"March 12, 7450",7450-03-12
"April 20, 1974",1974-04-20
"November 29, 9089",9089-11-29
"April 28, 9923",9923-04-28
"August 7, 2671",2671-08-07
"November 23, 9875",9875-11-23
"August 5, 8365",8365-08-05
"October 3, 1458",1458-10-03
"June 9, 5243",5243-06-09
"June 7, 4185",4185-06-07
"February 18, 5516",5516-02-18
"December 25, 4224",4224-12-25
"March 22, 6334",6334-03-22
"April 7, 8466",8466-04-07
"June 15, 4921",4921-06-15
"March 29, 4485",4485-03-29
"January 28, 7147",7147-01-28
"December 26, 7950",7950-12-26
"February 25, 4756",4756-02-25
"August 1, 4538",4538-08-01
"April 15, 6396",6396-04-15
"March 6, 6873",6873-03-06
"July 26, 6601",6601-07-26
"October 2, 5433",5433-10-02
"November 22, 9697",9697-11-22
"November 30, 8905",8905-11-30
"April 17, 7770",7770-04-17
"December 24, 8983",8983-12-24
"December 24, 7432",7432-12-24
"December 8, 8833",8833-12-08
"December 9, 7949",7949-12-09
"August 12, 7882",7882-08-12
"October 8, 8590",8590-10-08
"June 17, 7591",7591-06-17
"April 28, 2576",2576-04-28
"August 1, 6389",6389-08-01
"November 4, 4870",4870-11-04
"November 13, 2044",2044-11-13
"January 18, 8940",8940-01-18
"April 1, 6623",6623-04-01
"February 8, 4932",4932-02-08
"October 9, 7117",7117-10-09
"January 1, 6937",6937-01-01
"February 12, 8078",8078-02-12
"May 13, 8250",8250-05-13
"September 18, 1722",1722-09-18
"March 13, 3889",3889-03-13
"August 3, 8224",8224-08-03
"January 15, 4080",4080-01-15
"December 11, 4114",4114-12-11
"February 27, 4318",4318-02-27
"April 2, 7826",7826-04-02
"January 15, 6897",6897-01-15
"June 14, 3616",3616-06-14
"December 18, 4594",4594-12-18
"July 31, 4722",4722-07-31
"May 7, 3749",3749-05-07
"November 24, 7499",7499-11-24
"June 7, 3196",3196-06-07
"March 12, 5002",5002-03-12
"December 24, 4517",4517-12-24
"February 3, 3203",3203-02-03
"December 29, 4846",4846-12-29
"September 28, 6944",6944-09-28
"January 28, 8764",8764-01-28
"December 16, 5725",5725-12-16
"June 10, 4198",4198-06-10
"August 23, 4030",4030-08-23
"June 14, 7864",7864-06-14
"April 23, 5867",5867-04-23
"May 26, 8690",8690-05-26
"December 23, 8568",8568-12-23
"December 21, 3162",3162-12-21
"January 9, 9823",9823-01-09
"January 27, 8040",8040-01-27
"May 30, 2599",2599-05-30
"May 4, 9841",9841-05-04
"July 17, 8904",8904-07-17
"November 4, 4387",4387-11-04
"July 1, 3181",3181-07-01
"June 6, 8890",8890-06-06
"July 11, 8877",8877-07-11
"March 7, 5151",5151-03-07
"June 20, 9183",9183-06-20
"January 11, 7233",7233-01-11
"April 30, 7349",7349-04-30
"November 17, 4687",4687-11-17
"December 29, 3347",3347-12-29
"May 12, 6313",6313-05-12
"July 31, 7680",7680-07-31
"October 9, 6972",6972-10-09
"June 9, 2991",2991-06-09
"January 2, 2346",2346-01-02
"December 11, 9320",9320-12-11
"September 11, 9299",9299-09-11
"January 11, 4347",4347-01-11
"May 21, 8333",8333-05-21
"October 6, 3836",3836-10-06
"July 27, 3362",3362-07-27
"September 16, 7868",7868-09-16
"March 25, 8274",8274-03-25
"April 2, 4874",4874-04-02
"May 26, 3102",3102-05-26
"May 19, 8435",8435-05-19
"November 7, 6706",6706-11-07
"May 5, 5306",5306-05-05
"October 6, 3820",3820-10-06
"May 1, 5497",5497-05-01
"January 5, 6562",6562-01-05
"March 24, 9234",9234-03-24
"January 29, 4109",4109-01-29
"November 14, 7524",7524-11-14
"November 21, 6271",6271-11-21
"May 25, 7171",7171-05-25
"July 2, 4920",4920-07-02
"July 6, 2680",2680-07-06
"March 5, 3925",3925-03-05
"November 20, 7958",7958-11-20
"May 26, 1827",1827-05-26
"January 9, 3900",3900-01-09
"November 24, 2428",2428-11-24
"April 17, 5324",5324-04-17
"November 2, 7323",7323-11-02
"December 29, 5513",5513-12-29
"July 9, 1037",1037-07-09
"March 11, 1764",1764-03-11
"July 30, 3169",3169-07-30
"February 25, 3926",3926-02-25
"January 10, 6685",6685-01-10
"April 19, 6222",6222-04-19
"May 22, 7323",7323-05-22
"August 26, 7701",7701-08-26
"January 5, 4182",4182-01-05
"June 26, 6869",6869-06-26
"June 3, 7516",7516-06-03
"October 13, 5828",5828-10-13
"June 3, 3287",3287-06-03
"March 18, 4051",4051-03-18
"August 2, 1585",1585-08-02
"August 18, 5911",5911-08-18
"January 2, 8213",8213-01-02
"November 30, 6621",6621-11-30
"November 15, 7835",7835-11-15
"February 20, 2241",2241-02-20
"June 5, 6470",6470-06-05
"April 26, 6020",6020-04-26
"November 2, 5442",5442-11-02
"January 1, 4596",4596-01-01
"August 29, 2371",2371-08-29
"July 30, 2604",2604-07-30
"September 27, 3079",3079-09-27
"July 12, 2411",2411-07-12
"June 7, 5149",5149-06-07
"December 22, 9728",9728-12-22
"November 18, 1625",1625-11-18
"March 24, 1471",1471-03-24
"January 26, 1807",1807-01-26
"January 18, 4185",4185-01-18
"January 18, 2234",2234-01-18
"August 27, 7298",7298-08-27
"April 17, 7146",7146-04-17
"May 14, 4082",4082-05-14
"April 8, 2463",2463-04-08
"March 4, 2101",2101-03-04
"August 4, 9532",9532-08-04
"January 28, 8886",8886-01-28
"August 7, 5860",5860-08-07
"November 28, 3352",3352-11-28
"August 17, 1458",1458-08-17
"August 6, 8582",8582-08-06
"March 30, 7506",7506-03-30
"August 21, 1687",1687-08-21
"March 9, 1113",1113-03-09
"August 23, 2279",2279-08-23
"December 7, 4876",4876-12-07
"November 28, 8169",8169-11-28
"April 15, 9263",9263-04-15
"December 16, 4182",4182-12-16
"July 5, 4263",4263-07-05
"September 9, 5935",5935-09-09
"November 18, 3763",3763-11-18
"November 3, 3646",3646-11-03
"June 4, 3531",3531-06-04
"June 16, 8100",8100-06-16
"March 19, 7932",7932-03-19
"September 30, 7552",7552-09-30
"July 15, 9632",9632-07-15
"February 2, 4063",4063-02-02
"January 10, 7346",7346-01-10
"January 19, 5060",5060-01-19
"April 18, 3714",3714-04-18
"February 6, 2742",2742-02-06
"August 6, 1263",1263-08-06
"August 6, 7358",7358-08-06
"October 23, 7707",7707-10-23
"January 24, 4637",4637-01-24
"July 19, 9754",9754-07-19
"December 6, 3524",3524-12-06
"May 15, 2973",2973-05-15
"May 8, 5401",5401-05-08
"October 17, 3332",3332-10-17
"October 20, 7220",7220-10-20
"April 24, 8077",8077-04-24
"April 13, 1200",1200-04-13
"December 3, 2841",2841-12-03
"January 19, 2047",2047-01-19
"November 27, 7559",7559-11-27
"February 12, 9503",9503-02-12
"June 16, 8052",8052-06-16
"June 19, 4097",4097-06-19
"December 28, 6583",6583-12-28
"June 9, 2430",2430-06-09
"October 17, 2098",2098-10-17
"March 10, 3827",3827-03-10
"December 19, 5666",5666-12-19
"July 29, 3537",3537-07-29
"April 26, 3779",3779-04-26
"October 18, 6276",6276-10-18
"June 29, 8000",8000-06-29
"March 6, 2902",2902-03-06
"November 25, 2992",2992-11-25
"April 27, 3530",3530-04-27
"May 3, 4209",4209-05-03
"March 11, 2233",2233-03-11
"May 21, 1036",1036-05-21
"December 14, 3741",3741-12-14
"May 13, 8707",8707-05-13
"August 18, 4542",4542-08-18
"August 4, 5997",5997-08-04
"May 2, 7656",7656-05-02
"November 29, 7886",7886-11-29
"October 2, 5440",5440-10-02
"August 4, 6123",6123-08-04
"June 19, 3450",3450-06-19
"April 10, 3666",3666-04-10
"July 28, 2152",2152-07-28
"August 16, 1941",1941-08-16
"June 15, 5691",5691-06-15
"March 20, 9181",9181-03-20
"April 3, 6100",6100-04-03
"October 25, 6081",6081-10-25
"December 21, 2726",2726-12-21
"April 12, 9488",9488-04-12
"March 4, 5415",5415-03-04
"January 11, 8063",8063-01-11
"September 6, 9620",9620-09-06
"August 22, 5365",5365-08-22
"June 5, 1264",1264-06-05
"September 4, 7215",7215-09-04
"August 9, 9785",9785-08-09
"May 14, 4120",4120-05-14
"August 15, 3355",3355-08-15
"January 18, 8732",8732-01-18
"June 4, 6644",6644-06-04
"April 29, 6014",6014-04-29
"September 3, 7016",7016-09-03
"September 18, 4930",4930-09-18
"August 23, 4698",4698-08-23
"November 22, 1237",1237-11-22
"September 11, 6730",6730-09-11
"August 13, 6828",6828-08-13
"September 30, 8069",8069-09-30
"July 3, 5454",5454-07-03
"December 7, 6077",6077-12-07
"June 7, 7965",7965-06-07
"July 14, 3359",3359-07-14
"December 10, 5282",5282-12-10
"July 25, 2659",2659-07-25
"March 22, 9078",9078-03-22
"May 3, 1888",1888-05-03
"February 13, 7901",7901-02-13
"March 26, 9026",9026-03-26
"July 4, 8846",8846-07-04
"December 13, 5336",5336-12-13
"August 18, 2933",2933-08-18
"June 15, 5639",5639-06-15
"August 12, 3378",3378-08-12
"August 10, 3502",3502-08-10
"April 15, 4608",4608-04-15
"October 6, 5056",5056-10-06
"January 15, 5652",5652-01-15
"February 20, 4148",4148-02-20
"September 23, 3856",3856-09-23
"January 9, 9210",9210-01-09
"January 17, 4338",4338-01-17
"July 7, 3651",3651-07-07
"May 22, 5357",5357-05-22
"March 4, 7895",7895-03-04
"January 2, 6394",6394-01-02
"October 10, 1278",1278-10-10
"May 30, 8883",8883-05-30
"October 28, 7468",7468-10-28
"November 3, 3802",3802-11-03
"May 30, 8412",8412-05-30
"October 2, 9010",9010-10-02
"December 7, 1742",1742-12-07
"June 1, 6193",6193-06-01
"August 13, 9188",9188-08-13
"April 3, 1251",1251-04-03
"August 19, 5465",5465-08-19
"September 7, 7564",7564-09-07
"December 18, 4963",4963-12-18
"August 6, 5128",5128-08-06
"December 3, 5374",5374-12-03
"May 7, 1235",1235-05-07
"December 19, 6637",6637-12-19
"March 17, 6010",6010-03-17
"March 9, 9316",9316-03-09
"December 21, 6113",6113-12-21
"August 20, 5870",5870-08-20
"May 3, 2027",2027-05-03
"July 2, 6022",6022-07-02
"June 22, 3927",3927-06-22
"December 9, 4998",4998-12-09
"August 28, 3624",3624-08-28
"June 27, 4090",4090-06-27
"October 31, 5209",5209-10-31
"February 15, 3984",3984-02-15
"April 6, 6495",6495-04-06
"July 16, 2815",2815-07-16
"June 20, 2935",2935-06-20
"June 26, 3516",3516-06-26
"August 6, 7723",7723-08-06
"January 13, 8407",8407-01-13
"December 24, 6938",6938-12-24
"November 23, 7879",7879-11-23
"January 26, 7097",7097-01-26
"June 26, 3247",3247-06-26
"October 12, 1416",1416-10-12
"May 10, 5380",5380-05-10
"August 9, 5186",5186-08-09
"December 20, 1550",1550-12-20
"September 15, 9735",9735-09-15
"December 4, 3624",3624-12-04
"March 18, 2033",2033-03-18
"February 13, 9120",9120-02-13
"January 25, 2823",2823-01-25
"October 26, 2060",2060-10-26
"August 4, 8067",8067-08-04
"September 14, 8984",8984-09-14
"June 2, 7348",7348-06-02
"December 6, 1574",1574-12-06
"May 25, 3875",3875-05-25
"February 21, 1910",1910-02-21
"October 25, 7031",7031-10-25
"December 29, 3929",3929-12-29
"March 28, 6203",6203-03-28
"May 26, 2711",2711-05-26
"June 16, 4366",4366-06-16
"June 22, 2626",2626-06-22
"August 20, 6005",6005-08-20
"May 5, 4198",4198-05-05
"March 8, 3136",3136-03-08
"October 7, 3630",3630-10-07
"February 18, 5702",5702-02-18
"April 11, 4578",4578-04-11
"July 2, 2913",2913-07-02
"April 24, 6977",6977-04-24
"November 12, 1766",1766-11-12
"January 30, 3662",3662-01-30
"August 9, 2059",2059-08-09
"September 9, 8130",8130-09-09
"October 31, 1598",1598-10-31
"August 16, 7575",7575-08-16
"June 5, 8517",8517-06-05
"October 29, 9992",9992-10-29
"June 14, 9510",9510-06-14
"June 22, 3020",3020-06-22
"January 27, 4310",4310-01-27
"April 24, 7292",7292-04-24
"February 25, 6400",6400-02-25
"August 7, 5860",5860-08-07
"May 26, 2928",2928-05-26
"December 13, 3712",3712-12-13
"April 23, 1197",1197-04-23
"September 23, 3243",3243-09-23
"June 3, 7920",7920-06-03
"May 30, 9182",9182-05-30
"October 13, 1884",1884-10-13
"October 16, 1773",1773-10-16
"December 15, 9874",9874-12-15
"September 15, 2165",2165-09-15
"August 6, 4089",4089-08-06
"April 27, 9993",9993-04-27
"June 22, 3052",3052-06-22
"September 19, 7131",7131-09-19
"July 18, 2425",2425-07-18
"June 2, 9946",9946-06-02
"August 8, 6311",6311-08-08
"June 23, 7355",7355-06-23
"June 5, 9737",9737-06-05
"August 28, 5236",5236-08-28
"January 18, 9305",9305-01-18
"September 11, 3054",3054-09-11
"October 6, 2753",2753-10-06
"April 26, 7128",7128-04-26
"March 21, 3145",3145-03-21
"November 29, 3820",3820-11-29
"June 11, 1100",1100-06-11
"August 31, 4737",4737-08-31
"October 27, 2972",2972-10-27
"June 19, 9800",9800-06-19
"June 3, 4127",4127-06-03
"December 1, 6893",6893-12-01
"December 1, 1237",1237-12-01
"April 17, 6752",6752-04-17
"August 6, 6793",6793-08-06
"November 4, 1652",1652-11-04
"April 25, 5522",5522-04-25
"September 14, 2549",2549-09-14
"October 12, 2917",2917-10-12
"March 4, 1555",1555-03-04
"August 2, 6386",6386-08-02
"May 28, 2790",2790-05-28
"March 7, 2519",2519-03-07
"March 7, 3778",3778-03-07
"March 2, 7993",7993-03-02
"September 5, 5216",5216-09-05
"January 15, 7590",7590-01-15
"June 24, 9993",9993-06-24
"February 10, 4207",4207-02-10
"February 1, 6310",6310-02-01
"July 19, 3822",3822-07-19
"May 28, 6224",6224-05-28
"April 20, 3011",3011-04-20
"October 9, 9155",9155-10-09
"October 11, 2261",2261-10-11
"October 2, 9192",9192-10-02
"May 28, 3850",3850-05-28
"May 5, 2861",2861-05-05
"January 29, 8351",8351-01-29
"March 13, 7959",7959-03-13
"July 17, 9664",9664-07-17
"June 15, 1485",1485-06-15
"April 2, 1770",1770-04-02
"March 16, 5334",5334-03-16
"September 2, 2560",2560-09-02
"August 2, 1006",1006-08-02
"February 14, 4298",4298-02-14
"May 3, 6291",6291-05-03
"August 9, 7073",7073-08-09
"June 22, 6626",6626-06-22
"June 10, 8780",8780-06-10
"August 12, 9661",9661-08-12
"March 23, 5536",5536-03-23
"August 13, 7319",7319-08-13
"January 8, 7218",7218-01-08
"October 21, 9339",9339-10-21
"March 19, 5638",5638-03-19
"June 25, 7029",7029-06-25
"June 28, 6358",6358-06-28
"December 15, 8433",8433-12-15
"July 13, 6967",6967-07-13
"June 17, 5064",5064-06-17
"July 12, 7953",7953-07-12
"June 19, 7631",7631-06-19
"April 27, 9249",9249-04-27
"March 3, 9605",9605-03-03
"February 22, 5653",5653-02-22
"June 12, 9631",9631-06-12
"April 29, 3887",3887-04-29
"May 3, 7011",7011-05-03
"August 14, 5681",5681-08-14
"July 25, 2916",2916-07-25
"January 4, 6778",6778-01-04
"September 2, 6738",6738-09-02
"September 9, 2449",2449-09-09
"March 13, 1418",1418-03-13
"November 18, 3375",3375-11-18
"February 4, 1843",1843-02-04
"November 8, 7887",7887-11-08
"March 30, 5220",5220-03-30
"March 13, 4427",4427-03-13
"October 10, 2326",2326-10-10
"August 25, 7940",7940-08-25
"December 29, 5735",5735-12-29
"April 24, 5393",5393-04-24
"March 14, 5317",5317-03-14
"July 20, 4439",4439-07-20
"July 19, 5290",5290-07-19
"March 7, 1274",1274-03-07
"February 13, 4612",4612-02-13
"January 24, 6595",6595-01-24
"October 29, 3281",3281-10-29
"April 15, 9616",9616-04-15
"March 20, 1184",1184-03-20
"July 12, 3475",3475-07-12
"July 18, 6001",6001-07-18
"August 18, 9900",9900-08-18
"October 4, 8331",8331-10-04
"September 13, 9616",9616-09-13
"January 17, 2690",2690-01-17
"December 10, 6166",6166-12-10
"April 8, 7780",7780-04-08
"April 7, 9713",9713-04-07
"October 25, 9603",9603-10-25
"December 5, 2605",2605-12-05
"September 7, 8453",8453-09-07
"September 24, 4467",4467-09-24
"August 28, 5551",5551-08-28
"August 26, 3807",3807-08-26
"April 18, 2634",2634-04-18
"January 30, 1188",1188-01-30
"August 8, 3607",3607-08-08
"August 9, 6041",6041-08-09
"June 9, 3904",3904-06-09
"December 11, 6589",6589-12-11
"September 16, 5584",5584-09-16
"May 17, 6355",6355-05-17
"July 23, 9186",9186-07-23
"March 26, 6342",6342-03-26
"December 7, 5266",5266-12-07
"August 11, 3350",3350-08-11
"May 9, 6320",6320-05-09
"August 16, 2497",2497-08-16
"November 20, 5774",5774-11-20
"August 22, 1589",1589-08-22
"September 9, 3817",3817-09-09
"April 19, 2671",2671-04-19
"October 11, 8349",8349-10-11
"February 12, 2163",2163-02-12
"June 20, 4392",4392-06-20
"April 13, 5295",5295-04-13
"January 1, 1610",1610-01-01
"August 22, 5025",5025-08-22
"November 28, 6340",6340-11-28
"January 26, 5439",5439-01-26
"October 6, 8503",8503-10-06
"October 18, 5976",5976-10-18
"February 20, 1897",1897-02-20
"December 1, 7869",7869-12-01
"August 16, 4375",4375-08-16
"February 3, 5074",5074-02-03
"January 21, 6886",6886-01-21
"June 10, 7334",7334-06-10
"December 4, 6478",6478-12-04
"May 14, 1465",1465-05-14
"December 1, 6505",6505-12-01
"January 29, 1778",1778-01-29
"October 10, 5047",5047-10-10
"April 10, 4806",4806-04-10
"November 4, 3221",3221-11-04
"November 5, 4563",4563-11-05
"December 13, 6818",6818-12-13
"August 27, 2905",2905-08-27
"December 19, 1126",1126-12-19
"April 28, 2163",2163-04-28
"November 28, 2675",2675-11-28
"September 9, 9547",9547-09-09
"January 21, 9166",9166-01-21
"January 31, 7449",7449-01-31
"January 30, 4096",4096-01-30
"September 20, 1687",1687-09-20
"June 16, 1283",1283-06-16
"December 24, 6850",6850-12-24
"May 26, 3511",3511-05-26
"June 4, 8242",8242-06-04
"January 4, 6984",6984-01-04
"June 25, 5263",5263-06-25
"March 18, 1277",1277-03-18
"October 11, 6148",6148-10-11
"August 17, 5632",5632-08-17
"December 31, 4835",4835-12-31
"August 10, 8038",8038-08-10
"October 21, 6285",6285-10-21
"December 18, 4983",4983-12-18
"March 13, 8140",8140-03-13
"November 30, 4749",4749-11-30
"December 30, 4271",4271-12-30
"August 6, 5225",5225-08-06
"September 14, 1584",1584-09-14
"December 31, 6936",6936-12-31
"January 18, 7725",7725-01-18
"November 27, 2415",2415-11-27
"May 23, 6034",6034-05-23
"March 28, 9710",9710-03-28
"June 15, 6598",6598-06-15
"February 3, 5977",5977-02-03
"May 5, 9769",9769-05-05
"April 3, 6902",6902-04-03
"March 15, 1415",1415-03-15
"October 6, 8651",8651-10-06
"April 10, 9949",9949-04-10
"November 25, 7292",7292-11-25
"September 14, 9367",9367-09-14
"July 4, 9600",9600-07-04
"October 3, 7503",7503-10-03
"February 9, 6810",6810-02-09
"September 21, 1772",1772-09-21
"October 13, 2760",2760-10-13
"December 12, 5339",5339-12-12
"May 5, 4791",4791-05-05
"April 6, 8586",8586-04-06
"June 1, 9202",9202-06-01
"March 14, 6051",6051-03-14
"September 8, 9399",9399-09-08
"May 30, 9297",9297-05-30
"June 12, 8294",8294-06-12
"May 5, 4067",4067-05-05
"January 31, 2653",2653-01-31
"February 6, 2633",2633-02-06
"October 6, 9751",9751-10-06
"August 17, 3254",3254-08-17
"February 25, 2070",2070-02-25
"December 12, 8083",8083-12-12
"June 10, 5408",5408-06-10
"September 20, 4166",4166-09-20
"February 18, 5529",5529-02-18
"February 15, 3529",3529-02-15
"January 25, 1481",1481-01-25
"June 8, 1505",1505-06-08
"July 3, 4478",4478-07-03
"February 14, 1139",1139-02-14
"August 28, 2526",2526-08-28
"June 27, 3233",3233-06-27
"June 20, 5804",5804-06-20
"July 25, 7537",7537-07-25
"December 19, 3223",3223-12-19
"June 7, 5795",5795-06-07
"June 14, 2741",2741-06-14
"June 28, 5902",5902-06-28
"March 7, 7282",7282-03-07
"November 3, 7524",7524-11-03
"January 8, 3930",3930-01-08
"August 20, 3418",3418-08-20
"July 7, 1006",1006-07-07
"July 16, 1760",1760-07-16
"April 28, 2876",2876-04-28
"March 10, 1430",1430-03-10
"December 26, 4048",4048-12-26
"April 27, 9351",9351-04-27
"September 25, 6542",6542-09-25
"December 10, 1758",1758-12-10
"December 31, 3515",3515-12-31
"November 8, 6377",6377-11-08
"September 25, 2901",2901-09-25
"January 7, 8724",8724-01-07
"December 17, 6666",6666-12-17
"November 9, 2311",2311-11-09
"May 5, 1918",1918-05-05
"April 30, 8687",8687-04-30
"December 10, 6277",6277-12-10
"November 11, 4935",4935-11-11
"January 27, 8083",8083-01-27
"March 5, 9359",9359-03-05
"March 29, 5273",5273-03-29
"December 20, 6384",6384-12-20
"September 25, 3963",3963-09-25
"July 18, 7626",7626-07-18
"May 22, 7414",7414-05-22
"February 29, 7292",7292-02-29
"February 14, 9522",9522-02-14
"June 25, 4796",4796-06-25
"March 8, 8252",8252-03-08
"December 7, 8635",8635-12-07
"October 12, 4749",4749-10-12
"July 11, 7048",7048-07-11
"October 31, 2786",2786-10-31
"March 16, 8668",8668-03-16
"May 3, 8831",8831-05-03
"September 29, 9228",9228-09-29
"October 19, 7772",7772-10-19
"January 13, 6972",6972-01-13
"September 24, 8838",8838-09-24
"July 11, 4203",4203-07-11
"July 20, 7819",7819-07-20
"August 27, 9937",9937-08-27
"November 22, 3816",3816-11-22
"July 31, 3597",3597-07-31
"March 24, 1255",1255-03-24
"June 8, 5982",5982-06-08
"February 18, 6551",6551-02-18
"September 16, 4125",4125-09-16
"May 23, 4768",4768-05-23
"April 7, 6843",6843-04-07
"August 14, 4451",4451-08-14
"November 18, 6728",6728-11-18
"April 26, 9317",9317-04-26
"July 10, 5647",5647-07-10
"December 15, 1588",1588-12-15
"October 9, 7794",7794-10-09
"January 6, 4449",4449-01-06
"September 1, 3958",3958-09-01
"December 20, 2222",2222-12-20
"April 3, 2699",2699-04-03
"July 26, 7373",7373-07-26
"January 11, 3568",3568-01-11
"February 21, 9997",9997-02-21
"May 15, 3514",3514-05-15
"May 30, 3856",3856-05-30
"May 22, 6332",6332-05-22
"December 17, 2759",2759-12-17
"April 2, 2132",2132-04-02
"June 18, 9008",9008-06-18
"July 10, 7226",7226-07-10
"November 30, 6808",6808-11-30
"June 21, 5168",5168-06-21
"August 28, 5738",5738-08-28
"November 9, 9526",9526-11-09
"September 25, 5591",5591-09-25
"December 26, 5814",5814-12-26
"April 22, 7506",7506-04-22
"July 11, 4803",4803-07-11
"July 28, 4434",4434-07-28
"August 29, 1931",1931-08-29
"September 16, 3784",3784-09-16
"June 17, 2865",2865-06-17
"December 17, 8154",8154-12-17
"August 12, 6525",6525-08-12
"April 15, 8612",8612-04-15
"August 7, 1761",1761-08-07
"May 31, 9899",9899-05-31
"May 13, 4605",4605-05-13
"June 14, 1653",1653-06-14
"July 14, 6002",6002-07-14
"June 25, 5661",5661-06-25
"November 6, 5962",5962-11-06
"January 2, 2769",2769-01-02
"October 10, 5756",5756-10-10
"October 1, 6433",6433-10-01
"May 7, 1351",1351-05-07
"January 25, 4833",4833-01-25
"April 20, 5253",5253-04-20
"September 1, 2357",2357-09-01
"January 14, 4537",4537-01-14
"June 27, 3706",3706-06-27
"January 3, 6587",6587-01-03
"May 4, 6648",6648-05-04
"June 22, 5551",5551-06-22
"March 23, 7757",7757-03-23
"October 27, 3457",3457-10-27
"July 6, 5654",5654-07-06
"March 3, 5939",5939-03-03
"December 5, 3699",3699-12-05
"September 7, 4289",4289-09-07
"March 24, 3793",3793-03-24
"August 1, 8011",8011-08-01
"August 1, 2893",2893-08-01
"October 9, 4859",4859-10-09
"February 6, 2828",2828-02-06
"December 30, 7866",7866-12-30
"October 13, 4756",4756-10-13
"November 28, 7814",7814-11-28
"July 29, 5327",5327-07-29
"September 30, 1951",1951-09-30
"December 9, 2155",2155-12-09
"September 30, 1942",1942-09-30
"March 22, 1945",1945-03-22
"May 13, 9468",9468-05-13
"June 30, 1097",1097-06-30
"January 28, 2723",2723-01-28
"May 28, 7205",7205-05-28
"March 22, 5921",5921-03-22
"May 21, 6657",6657-05-21
"February 10, 2060",2060-02-10
"June 26, 9008",9008-06-26
"January 13, 8441",8441-01-13
"March 22, 2744",2744-03-22
"October 10, 1589",1589-10-10
"December 21, 1023",1023-12-21
"March 5, 6411",6411-03-05
"March 8, 3039",3039-03-08
"May 4, 1375",1375-05-04
"November 14, 2532",2532-11-14
"August 4, 4346",4346-08-04
"October 24, 5211",5211-10-24
"May 21, 8794",8794-05-21
"November 15, 8873",8873-11-15
"May 9, 9038",9038-05-09
"July 13, 5102",5102-07-13
"October 3, 8648",8648-10-03
"August 6, 7568",7568-08-06
"January 18, 2005",2005-01-18
"April 13, 1464",1464-04-13
"May 4, 2897",2897-05-04
"April 1, 4557",4557-04-01
"March 22, 4791",4791-03-22
"January 13, 2148",2148-01-13
"March 14, 1447",1447-03-14
"May 18, 7693",7693-05-18
"August 18, 1945",1945-08-18
"October 5, 1453",1453-10-05
"February 10, 8055",8055-02-10
"June 13, 1002",1002-06-13
"September 15, 3207",3207-09-15
"June 18, 2951",2951-06-18
"July 14, 5488",5488-07-14
"February 9, 6631",6631-02-09
"December 7, 2234",2234-12-07
"December 1, 4069",4069-12-01
"January 13, 7814",7814-01-13
"August 27, 4346",4346-08-27
"June 2, 8067",8067-06-02
"May 21, 7041",7041-05-21
"March 9, 1823",1823-03-09
"June 8, 8036",8036-06-08
"June 16, 4266",4266-06-16
"October 24, 2591",2591-10-24
"October 10, 1745",1745-10-10
"April 19, 6309",6309-04-19
"December 30, 7960",7960-12-30
"July 15, 3985",3985-07-15
"June 15, 2807",2807-06-15
"April 17, 8389",8389-04-17
"February 25, 9912",9912-02-25
"November 15, 9037",9037-11-15
"October 25, 6912",6912-10-25
"October 23, 2103",2103-10-23
"August 24, 6700",6700-08-24
"August 16, 7964",7964-08-16
"December 10, 3569",3569-12-10
"July 30, 8912",8912-07-30
"November 13, 4257",4257-11-13
"November 12, 1367",1367-11-12
"July 31, 5517",5517-07-31
"January 4, 4889",4889-01-04
"September 14, 8636",8636-09-14
"August 10, 2869",2869-08-10
"January 24, 8980",8980-01-24
"November 7, 6427",6427-11-07
"June 7, 6196",6196-06-07
"October 9, 5119",5119-10-09
"September 26, 6843",6843-09-26
"July 26, 4518",4518-07-26
"March 15, 4372",4372-03-15
"June 3, 8504",8504-06-03
"July 2, 9103",9103-07-02
"January 4, 5606",5606-01-04
"October 20, 5799",5799-10-20
"February 1, 3700",3700-02-01
"March 7, 4552",4552-03-07
"January 8, 8651",8651-01-08
"August 30, 4750",4750-08-30
"November 5, 3417",3417-11-05
"November 22, 3763",3763-11-22
"March 28, 6297",6297-03-28
"November 9, 2707",2707-11-09
"September 4, 9075",9075-09-04
"June 24, 2782",2782-06-24
"July 28, 1422",1422-07-28
"May 30, 1912",1912-05-30
"August 22, 1674",1674-08-22
"September 22, 7748",7748-09-22
"October 31, 2351",2351-10-31
"November 25, 2695",2695-11-25
"June 29, 2236",2236-06-29
"March 24, 6155",6155-03-24
"March 12, 2448",2448-03-12
"October 25, 2714",2714-10-25
"January 3, 9300",9300-01-03
"May 20, 1843",1843-05-20
"November 3, 4243",4243-11-03
"August 6, 9846",9846-08-06
"December 3, 4820",4820-12-03
"July 30, 8897",8897-07-30
"March 10, 4674",4674-03-10
"February 12, 7652",7652-02-12
"July 3, 3747",3747-07-03
"August 3, 9252",9252-08-03
"June 22, 6530",6530-06-22
"March 21, 5999",5999-03-21
"November 29, 5706",5706-11-29
"February 8, 2408",2408-02-08
"January 8, 8399",8399-01-08
"February 23, 8674",8674-02-23
"November 12, 8712",8712-11-12
"May 3, 7340",7340-05-03
"December 4, 9375",9375-12-04
"August 1, 7748",7748-08-01
"April 27, 4474",4474-04-27
"February 27, 9143",9143-02-27
"December 10, 3408",3408-12-10
"May 16, 6434",6434-05-16
"May 4, 8535",8535-05-04
"July 24, 1388",1388-07-24
"June 10, 5182",5182-06-10
"July 17, 2797",2797-07-17
"September 25, 5487",5487-09-25
"December 25, 3198",3198-12-25
"October 31, 4962",4962-10-31
"July 22, 1758",1758-07-22
"September 9, 1561",1561-09-09
"May 8, 1360",1360-05-08
"December 17, 3895",3895-12-17
"July 19, 5473",5473-07-19
"May 31, 3142",3142-05-31
"June 11, 6714",6714-06-11
"September 14, 6322",6322-09-14
"January 1, 8560",8560-01-01
"August 14, 5564",5564-08-14
"December 29, 9999",9999-12-29
"July 6, 9143",9143-07-06
"November 13, 4715",4715-11-13
"March 5, 6163",6163-03-05
"March 18, 2526",2526-03-18
"February 2, 4754",4754-02-02
"July 11, 9558",9558-07-11
"May 2, 9123",9123-05-02
"February 1, 5850",5850-02-01
"November 12, 8560",8560-11-12
"November 29, 4614",4614-11-29
"February 5, 9630",9630-02-05
"April 5, 7506",7506-04-05
"November 13, 9036",9036-11-13
"July 20, 3112",3112-07-20
"June 4, 1085",1085-06-04
"January 16, 9994",9994-01-16
"May 15, 2885",2885-05-15
"October 19, 3877",3877-10-19
"November 24, 5774",5774-11-24
"June 17, 2070",2070-06-17
"April 22, 6591",6591-04-22
"November 30, 4841",4841-11-30
"July 3, 2701",2701-07-03
"August 9, 1482",1482-08-09
"August 16, 2611",2611-08-16
"May 3, 3756",3756-05-03
"August 13, 6888",6888-08-13
"March 17, 7935",7935-03-17
"June 30, 6688",6688-06-30
"November 11, 4190",4190-11-11
"August 16, 3322",3322-08-16
"March 17, 9277",9277-03-17
"December 10, 3072",3072-12-10
"August 29, 5798",5798-08-29
"July 15, 1441",1441-07-15
"April 4, 9852",9852-04-04
"December 10, 1105",1105-12-10
"May 4, 8252",8252-05-04
"June 16, 5142",5142-06-16
"January 16, 9169",9169-01-16
"June 16, 4938",4938-06-16
"January 3, 8061",8061-01-03
"August 30, 5283",5283-08-30
"January 16, 4872",4872-01-16
"June 9, 1031",1031-06-09
"February 26, 2201",2201-02-26
"April 9, 6544",6544-04-09
"May 22, 9860",9860-05-22
"March 5, 6754",6754-03-05
"May 25, 3316",3316-05-25
"October 3, 3423",3423-10-03
"May 6, 2697",2697-05-06
"July 5, 4818",4818-07-05
"December 10, 8812",8812-12-10
"November 11, 8563",8563-11-11
"March 16, 9458",9458-03-16
"May 31, 9544",9544-05-31
"January 4, 6799",6799-01-04
"February 24, 4140",4140-02-24
"April 18, 7096",7096-04-18
"July 15, 5486",5486-07-15
"October 16, 7071",7071-10-16
"December 7, 7780",7780-12-07
"April 19, 8033",8033-04-19
"July 20, 8030",8030-07-20
"May 19, 3258",3258-05-19
"August 28, 5994",5994-08-28
"January 28, 9839",9839-01-28
"August 20, 9397",9397-08-20
"September 29, 1452",1452-09-29
"July 2, 6224",6224-07-02
"December 13, 9257",9257-12-13
"July 13, 7786",7786-07-13
"December 13, 7282",7282-12-13
"June 20, 4332",4332-06-20
"April 14, 7187",7187-04-14
"January 5, 9679",9679-01-05
"July 16, 6241",6241-07-16
"March 7, 1511",1511-03-07
"December 4, 4266",4266-12-04
"July 7, 4819",4819-07-07
"September 23, 1205",1205-09-23
"September 10, 5677",5677-09-10
"July 12, 7767",7767-07-12
"September 19, 8200",8200-09-19
"February 25, 1721",1721-02-25
"March 5, 6449",6449-03-05
"June 25, 5791",5791-06-25
"February 25, 6323",6323-02-25
"October 9, 7990",7990-10-09
"June 15, 7567",7567-06-15
"February 1, 3652",3652-02-01
"May 27, 4619",4619-05-27
"August 5, 7785",7785-08-05
"September 11, 3559",3559-09-11
"April 5, 6159",6159-04-05
"September 20, 4039",4039-09-20
"April 30, 4448",4448-04-30
"December 11, 8487",8487-12-11
"July 15, 1444",1444-07-15
"March 7, 3635",3635-03-07
"January 7, 8676",8676-01-07
"June 27, 7655",7655-06-27
"June 21, 3918",3918-06-21
"November 16, 5533",5533-11-16
"May 12, 4047",4047-05-12
"March 17, 1049",1049-03-17
"November 5, 7094",7094-11-05
"April 13, 3632",3632-04-13
"August 5, 1465",1465-08-05
"January 29, 3547",3547-01-29
"January 5, 6159",6159-01-05
"May 9, 3744",3744-05-09
"October 8, 5558",5558-10-08
"November 4, 1025",1025-11-04
"January 29, 5938",5938-01-29
"July 2, 1548",1548-07-02
"December 20, 1873",1873-12-20
"April 26, 4142",4142-04-26
"September 11, 7146",7146-09-11
"April 27, 7276",7276-04-27
"November 8, 5785",5785-11-08
"September 7, 1187",1187-09-07
"December 4, 6761",6761-12-04
"August 15, 9414",9414-08-15
"May 26, 9805",9805-05-26
"September 27, 8349",8349-09-27
"May 1, 4516",4516-05-01
"October 5, 9829",9829-10-05
"December 24, 7892",7892-12-24
"March 31, 8617",8617-03-31
"November 30, 1587",1587-11-30
"March 5, 6703",6703-03-05
"July 9, 7662",7662-07-09
"October 9, 3450",3450-10-09
"April 14, 7133",7133-04-14
"December 25, 8593",8593-12-25
"January 30, 7343",7343-01-30
"March 14, 4302",4302-03-14
"June 27, 9953",9953-06-27
"August 17, 2330",2330-08-17
"September 25, 3696",3696-09-25
"June 7, 5467",5467-06-07
"June 29, 7439",7439-06-29
"November 26, 9333",9333-11-26
"May 16, 4773",4773-05-16
"April 27, 3035",3035-04-27
"April 18, 7259",7259-04-18
"June 6, 8534",8534-06-06
"September 4, 3299",3299-09-04
"March 14, 1163",1163-03-14
"March 29, 8867",8867-03-29
"March 21, 5932",5932-03-21
"December 25, 1914",1914-12-25
"July 11, 4775",4775-07-11
"February 5, 8428",8428-02-05
"May 2, 3820",3820-05-02
"July 31, 6510",6510-07-31
"August 9, 1237",1237-08-09
"February 28, 2142",2142-02-28
"June 18, 2491",2491-06-18
"December 9, 9605",9605-12-09
"September 17, 9394",9394-09-17
"December 28, 3964",3964-12-28
"December 28, 2940",2940-12-28
"December 26, 8549",8549-12-26
"November 7, 4356",4356-11-07
"October 27, 8714",8714-10-27
"May 9, 3952",3952-05-09
"April 23, 5772",5772-04-23
"October 3, 2858",2858-10-03
"March 7, 5897",5897-03-07
"September 24, 3343",3343-09-24
"May 31, 9373",9373-05-31
"April 1, 2882",2882-04-01
"July 9, 5150",5150-07-09
"November 7, 2120",2120-11-07
"January 11, 9786",9786-01-11
"March 22, 4316",4316-03-22
"February 3, 4554",4554-02-03
"October 16, 7227",7227-10-16
"July 31, 8941",8941-07-31
"November 2, 7300",7300-11-02
"April 17, 8338",8338-04-17
"August 29, 1787",1787-08-29
"May 8, 1875",1875-05-08
"June 29, 2786",2786-06-29
"July 31, 2394",2394-07-31
"March 22, 1038",1038-03-22
"December 1, 3750",3750-12-01
"September 18, 1757",1757-09-18
"November 21, 9941",9941-11-21
"April 13, 9846",9846-04-13
"September 22, 9709",9709-09-22
"March 1, 4101",4101-03-01
"March 25, 3055",3055-03-25
"November 28, 2301",2301-11-28
"October 27, 9783",9783-10-27
"June 17, 6182",6182-06-17
"January 23, 4876",4876-01-23
"July 24, 2394",2394-07-24
"February 16, 6747",6747-02-16
"June 11, 9796",9796-06-11
"November 29, 9951",9951-11-29
"January 18, 7139",7139-01-18
"April 19, 6343",6343-04-19
"August 5, 6865",6865-08-05
"February 14, 2402",2402-02-14
"May 25, 6526",6526-05-25
"January 14, 8671",8671-01-14
"February 21, 8055",8055-02-21
"November 24, 4195",4195-11-24
"March 21, 1956",1956-03-21
"February 21, 5091",5091-02-21
"November 2, 2056",2056-11-02
"June 22, 5056",5056-06-22
"September 11, 3025",3025-09-11
"April 10, 5454",5454-04-10
"November 7, 3173",3173-11-07
"January 24, 7262",7262-01-24
"January 27, 3874",3874-01-27
"March 29, 9329",9329-03-29
"April 26, 1209",1209-04-26
"October 8, 8123",8123-10-08
"January 3, 9802",9802-01-03
"June 18, 1992",1992-06-18
"June 10, 1728",1728-06-10
"September 13, 2863",2863-09-13
"June 17, 2674",2674-06-17
"July 23, 4928",4928-07-23
"April 12, 2841",2841-04-12
"June 11, 6995",6995-06-11
"April 18, 8918",8918-04-18
"July 18, 7141",7141-07-18
"October 11, 3229",3229-10-11
"February 3, 6497",6497-02-03
"September 14, 9696",9696-09-14
"September 16, 8252",8252-09-16
"February 22, 5035",5035-02-22
"February 1, 1342",1342-02-01
"July 4, 4906",4906-07-04
"April 28, 5470",5470-04-28
"April 19, 9690",9690-04-19
"July 14, 5965",5965-07-14
"May 8, 2189",2189-05-08
"June 6, 6884",6884-06-06
"September 14, 9909",9909-09-14
"September 9, 5621",5621-09-09
"August 30, 3438",3438-08-30
"October 9, 2923",2923-10-09
"July 16, 3183",3183-07-16
"March 9, 8132",8132-03-09
"September 6, 8320",8320-09-06
"June 12, 6551",6551-06-12
"February 26, 9882",9882-02-26
"June 20, 7733",7733-06-20
"September 11, 9586",9586-09-11
"February 26, 9008",9008-02-26
"April 5, 1768",1768-04-05
"April 16, 9551",9551-04-16
"December 4, 3603",3603-12-04
"January 11, 8545",8545-01-11
"January 4, 9966",9966-01-04
"March 19, 6677",6677-03-19
"August 19, 7401",7401-08-19
"January 8, 9852",9852-01-08
"October 23, 6257",6257-10-23
"April 29, 5447",5447-04-29
"March 8, 4700",4700-03-08
"July 16, 8378",8378-07-16
"December 21, 5235",5235-12-21
"July 15, 3286",3286-07-15
"November 27, 1481",1481-11-27
"October 8, 1417",1417-10-08
"January 14, 6201",6201-01-14
"November 5, 3159",3159-11-05
"September 28, 1042",1042-09-28
"June 12, 7556",7556-06-12
"July 10, 5081",5081-07-10
"August 13, 1196",1196-08-13
"October 14, 8631",8631-10-14
"January 28, 5278",5278-01-28
"August 12, 8449",8449-08-12
"October 17, 4889",4889-10-17
"October 30, 5771",5771-10-30
"August 22, 9609",9609-08-22
"May 31, 1085",1085-05-31
"April 18, 4619",4619-04-18
"June 11, 6322",6322-06-11
"September 11, 1978",1978-09-11
"September 20, 2539",2539-09-20
"March 3, 2102",2102-03-03
"September 18, 7828",7828-09-18
"May 20, 6977",6977-05-20
"January 16, 7447",7447-01-16
"November 19, 9797",9797-11-19
"October 9, 2337",2337-10-09
"June 21, 7808",7808-06-21
"February 18, 2559",2559-02-18
"September 7, 6436",6436-09-07
"November 14, 6676",6676-11-14
"February 27, 7357",7357-02-27
"June 1, 7334",7334-06-01
"December 31, 9335",9335-12-31
"September 26, 9745",9745-09-26
"July 4, 4912",4912-07-04
"March 14, 2375",2375-03-14
"August 23, 8176",8176-08-23
"December 27, 1372",1372-12-27
"June 21, 8327",8327-06-21
"January 28, 4641",4641-01-28
"May 27, 3825",3825-05-27
"July 22, 4583",4583-07-22
"August 22, 7167",7167-08-22
"November 23, 5887",5887-11-23
"November 19, 4369",4369-11-19
"February 28, 1447",1447-02-28
"November 10, 2223",2223-11-10
"August 7, 1630",1630-08-07
"June 10, 4447",4447-06-10
"July 31, 8634",8634-07-31
"April 30, 2572",2572-04-30
"July 11, 8991",8991-07-11
"January 2, 3966",3966-01-02
"December 18, 5358",5358-12-18
"June 1, 2757",2757-06-01
"February 1, 4223",4223-02-01
"October 3, 4903",4903-10-03
"August 5, 5731",5731-08-05
"May 8, 1854",1854-05-08
"May 14, 7097",7097-05-14
"July 27, 5177",5177-07-27
"July 22, 1862",1862-07-22
"February 20, 6722",6722-02-20
"May 17, 4541",4541-05-17
"February 15, 9482",9482-02-15
"January 7, 4443",4443-01-07
"May 7, 5672",5672-05-07
"January 17, 1261",1261-01-17
"April 9, 1300",1300-04-09
"August 12, 4274",4274-08-12
"October 20, 4763",4763-10-20
"November 25, 3121",3121-11-25
"January 15, 9174",9174-01-15
"November 7, 2068",2068-11-07
"February 18, 2578",2578-02-18
"May 17, 7028",7028-05-17
"July 19, 7923",7923-07-19
"December 14, 7884",7884-12-14
"October 8, 2149",2149-10-08
"March 8, 5163",5163-03-08
"December 12, 2301",2301-12-12
"September 30, 2092",2092-09-30
"December 20, 4033",4033-12-20
"May 28, 9819",9819-05-28
"January 22, 4833",4833-01-22
"May 16, 4655",4655-05-16
"October 31, 2420",2420-10-31
"February 15, 3097",3097-02-15
"April 15, 7619",7619-04-15
"February 3, 3438",3438-02-03
"January 31, 7686",7686-01-31
"May 11, 1905",1905-05-11
"September 5, 3658",3658-09-05
"August 9, 1563",1563-08-09
"May 23, 4175",4175-05-23
"January 5, 4577",4577-01-05
"October 31, 9734",9734-10-31
"May 20, 7318",7318-05-20
"April 19, 9668",9668-04-19
"February 26, 7216",7216-02-26
"October 28, 1914",1914-10-28
"September 6, 9185",9185-09-06
"October 11, 7303",7303-10-11
"March 15, 7630",7630-03-15
"March 26, 8929",8929-03-26
"October 18, 7270",7270-10-18
"January 1, 4413",4413-01-01
"March 3, 7343",7343-03-03
"January 25, 8555",8555-01-25
"November 26, 4416",4416-11-26
"May 13, 2153",2153-05-13
"May 11, 5635",5635-05-11
"February 22, 9639",9639-02-22
"October 25, 1467",1467-10-25
"August 25, 4581",4581-08-25
"January 31, 5825",5825-01-31
"August 8, 2067",2067-08-08
"January 16, 8555",8555-01-16
"February 8, 4827",4827-02-08
"August 23, 4089",4089-08-23
"June 11, 9510",9510-06-11
"October 6, 1597",1597-10-06
"January 5, 2572",2572-01-05
"June 21, 1789",1789-06-21
"January 28, 2083",2083-01-28
"November 10, 7755",7755-11-10
"January 16, 1046",1046-01-16
"October 13, 2226",2226-10-13
"June 2, 6477",6477-06-02
"May 4, 1488",1488-05-04
"May 18, 6388",6388-05-18
"January 22, 5147",5147-01-22
"March 20, 5662",5662-03-20
"September 17, 7223",7223-09-17
"July 1, 2227",2227-07-01
"December 1, 4034",4034-12-01
"September 5, 2823",2823-09-05
"February 19, 7785",7785-02-19
"June 30, 7444",7444-06-30
"January 25, 3843",3843-01-25
"October 5, 1941",1941-10-05
"April 1, 4836",4836-04-01
"August 11, 2933",2933-08-11
"December 15, 3125",3125-12-15
"December 17, 8446",8446-12-17
"May 9, 7534",7534-05-09
"July 17, 9046",9046-07-17
"November 5, 2192",2192-11-05
"April 24, 8244",8244-04-24
"June 13, 1193",1193-06-13
"December 3, 6400",6400-12-03
"March 24, 3508",3508-03-24
"September 1, 9368",9368-09-01
"April 3, 9132",9132-04-03
"July 13, 2454",2454-07-13
"December 22, 2944",2944-12-22
"April 27, 9473",9473-04-27
"December 20, 8836",8836-12-20
"January 7, 6853",6853-01-07
"November 2, 3739",3739-11-02
"April 14, 5684",5684-04-14
"September 16, 1060",1060-09-16
"January 23, 8825",8825-01-23
"August 24, 7005",7005-08-24
"August 21, 4138",4138-08-21
"June 30, 7622",7622-06-30
"May 1, 9381",9381-05-01
"April 20, 9914",9914-04-20
"October 2, 3153",3153-10-02
"June 8, 6657",6657-06-08
"January 4, 7288",7288-01-04
"February 2, 3732",3732-02-02
"October 19, 1681",1681-10-19
"October 11, 5934",5934-10-11
"February 17, 3423",3423-02-17
"June 2, 8042",8042-06-02
"March 22, 8658",8658-03-22
"September 16, 5460",5460-09-16
"April 10, 3210",3210-04-10
"November 1, 7060",7060-11-01
"April 30, 4361",4361-04-30
"June 10, 4953",4953-06-10
"March 10, 2564",2564-03-10
"May 11, 5645",5645-05-11
"March 5, 7784",7784-03-05
"January 1, 5726",5726-01-01
"May 3, 7641",7641-05-03
"May 31, 4303",4303-05-31
"March 24, 4093",4093-03-24
"October 10, 3859",3859-10-10
"April 29, 8078",8078-04-29
"June 2, 2431",2431-06-02
"October 26, 9117",9117-10-26
"September 10, 5825",5825-09-10
"April 25, 3928",3928-04-25
"April 5, 8445",8445-04-05
"July 12, 7950",7950-07-12
"February 19, 6715",6715-02-19
"September 6, 1016",1016-09-06
"February 24, 2316",2316-02-24
"February 13, 5657",5657-02-13
"October 20, 7783",7783-10-20
"April 7, 3195",3195-04-07
"October 19, 9575",9575-10-19
"August 16, 3904",3904-08-16
"August 16, 8938",8938-08-16
"February 5, 2472",2472-02-05
"August 20, 7621",7621-08-20
"February 5, 3117",3117-02-05
"December 9, 8358",8358-12-09
"November 3, 7662",7662-11-03
"October 9, 2377",2377-10-09
"October 12, 8705",8705-10-12
"November 23, 3856",3856-11-23
"December 27, 2520",2520-12-27
"August 20, 9165",9165-08-20
"September 18, 1461",1461-09-18
"January 21, 3651",3651-01-21
"November 10, 3870",3870-11-10
"December 1, 9553",9553-12-01
"September 23, 1534",1534-09-23
"June 3, 9397",9397-06-03
"February 9, 1829",1829-02-09
"July 29, 8855",8855-07-29
"October 19, 5532",5532-10-19
"November 20, 2526",2526-11-20
"December 27, 3504",3504-12-27
"October 13, 4175",4175-10-13
"March 18, 2293",2293-03-18
"March 13, 7598",7598-03-13
"May 11, 1032",1032-05-11
"August 17, 8485",8485-08-17
"November 30, 3413",3413-11-30
"June 19, 9236",9236-06-19
"February 3, 2272",2272-02-03
"March 3, 8995",8995-03-03
"January 6, 1158",1158-01-06
"October 27, 5746",5746-10-27
"March 20, 2228",2228-03-20
"January 5, 4920",4920-01-05
"June 15, 3369",3369-06-15
"January 12, 6134",6134-01-12
"January 18, 2658",2658-01-18
"December 13, 2687",2687-12-13
"September 29, 9317",9317-09-29
"December 17, 8440",8440-12-17
"April 16, 2415",2415-04-16
"August 30, 5234",5234-08-30
"June 16, 4733",4733-06-16
"March 22, 5721",5721-03-22
"February 16, 5349",5349-02-16
"September 4, 8573",8573-09-04
"June 16, 6958",6958-06-16
"June 20, 8812",8812-06-20
"September 26, 4158",4158-09-26
"December 20, 6091",6091-12-20
"January 5, 8615",8615-01-05
"July 6, 3314",3314-07-06
"September 8, 8292",8292-09-08
"August 21, 2675",2675-08-21
"August 7, 3374",3374-08-07
"July 20, 5469",5469-07-20
"October 6, 5055",5055-10-06
"December 6, 3158",3158-12-06
"June 12, 8646",8646-06-12
"August 22, 8605",8605-08-22
"November 10, 3787",3787-11-10
"December 23, 6625",6625-12-23
"June 30, 6614",6614-06-30
"May 2, 4145",4145-05-02
"July 8, 6023",6023-07-08
"December 7, 1561",1561-12-07
"February 24, 3895",3895-02-24
"February 10, 1035",1035-02-10
"October 11, 5975",5975-10-11
"August 9, 6323",6323-08-09
"May 12, 2821",2821-05-12
"February 23, 1705",1705-02-23
"March 21, 9973",9973-03-21
"May 2, 1684",1684-05-02
"June 20, 9593",9593-06-20
"January 30, 6268",6268-01-30
"August 27, 7020",7020-08-27
"August 9, 4319",4319-08-09
"October 26, 3340",3340-10-26
"May 18, 5747",5747-05-18
"December 25, 2267",2267-12-25
"March 17, 4298",4298-03-17
"September 21, 2615",2615-09-21
"December 27, 4254",4254-12-27
"September 12, 4207",4207-09-12
"April 16, 3033",3033-04-16
"October 8, 5893",5893-10-08
"July 8, 9831",9831-07-08
"February 7, 1158",1158-02-07
"June 9, 6434",6434-06-09
"October 15, 9757",9757-10-15
"August 20, 7081",7081-08-20
"October 28, 1749",1749-10-28
"December 18, 7734",7734-12-18
"June 28, 6218",6218-06-28
"June 30, 4994",4994-06-30
"October 12, 4481",4481-10-12
"April 27, 8398",8398-04-27
"December 16, 3575",3575-12-16
"January 31, 6160",6160-01-31
"May 3, 3307",3307-05-03
"September 4, 8905",8905-09-04
"January 23, 4165",4165-01-23
"October 16, 6475",6475-10-16
"June 10, 5485",5485-06-10
"June 8, 4096",4096-06-08
"August 22, 2842",2842-08-22
"February 28, 6516",6516-02-28
"November 22, 3532",3532-11-22
"April 23, 6031",6031-04-23
"November 28, 2532",2532-11-28
"November 23, 1196",1196-11-23
"October 17, 9968",9968-10-17
"December 31, 3691",3691-12-31
"June 18, 8409",8409-06-18
"December 2, 6579",6579-12-02
"May 22, 5416",5416-05-22
"June 15, 3513",3513-06-15
"January 17, 7336",7336-01-17
"March 4, 6853",6853-03-04
"March 15, 8371",8371-03-15
"August 3, 2661",2661-08-03
"March 7, 2261",2261-03-07
"November 19, 4073",4073-11-19
"June 22, 9282",9282-06-22
"July 7, 5258",5258-07-07
"October 9, 6994",6994-10-09
"February 26, 3926",3926-02-26
"August 21, 8922",8922-08-21
"December 24, 2134",2134-12-24
"May 21, 4121",4121-05-21
"August 5, 8559",8559-08-05
"January 24, 6931",6931-01-24
"June 1, 4562",4562-06-01
"May 28, 9571",9571-05-28
"February 8, 5636",5636-02-08
"February 10, 1233",1233-02-10
"February 5, 1723",1723-02-05
"January 1, 7513",7513-01-01
"February 12, 2230",2230-02-12
"February 22, 3770",3770-02-22
"September 21, 4247",4247-09-21
"January 2, 3895",3895-01-02
"May 20, 3805",3805-05-20
"July 23, 9701",9701-07-23
"March 9, 8676",8676-03-09
"May 29, 7384",7384-05-29
"April 12, 8046",8046-04-12
"May 6, 7596",7596-05-06
"May 22, 7085",7085-05-22
"November 24, 3100",3100-11-24
"March 11, 8206",8206-03-11
"October 12, 6707",6707-10-12
"February 11, 7067",7067-02-11
"September 17, 1038",1038-09-17
"March 2, 2712",2712-03-02
"September 25, 1224",1224-09-25
"June 21, 4759",4759-06-21
"January 29, 9825",9825-01-29
"July 15, 8919",8919-07-15
"October 14, 9838",9838-10-14
"June 16, 7360",7360-06-16
"December 23, 5819",5819-12-23
"February 18, 7522",7522-02-18
"April 26, 4919",4919-04-26
"October 9, 1016",1016-10-09
"November 3, 6523",6523-11-03
"February 24, 3221",3221-02-24
"September 16, 3151",3151-09-16
"August 2, 2245",2245-08-02
"February 11, 9413",9413-02-11
"November 13, 4517",4517-11-13
"April 26, 9278",9278-04-26
"May 6, 9775",9775-05-06
"October 19, 5878",5878-10-19
"April 24, 3884",3884-04-24
"November 26, 8992",8992-11-26
"November 15, 4122",4122-11-15
"August 10, 7731",7731-08-10
"August 7, 3290",3290-08-07
"June 9, 8221",8221-06-09
"November 18, 5615",5615-11-18
"February 21, 8692",8692-02-21
"March 24, 7908",7908-03-24
"September 20, 7490",7490-09-20
"January 4, 7477",7477-01-04
"May 11, 5098",5098-05-11
"June 18, 2103",2103-06-18
"November 15, 5362",5362-11-15
"August 6, 6418",6418-08-06
"November 19, 8172",8172-11-19
"November 15, 3253",3253-11-15
"February 27, 3812",3812-02-27
"November 26, 4728",4728-11-26
"December 28, 1525",1525-12-28
"March 11, 4860",4860-03-11
"April 12, 5098",5098-04-12
"March 11, 6413",6413-03-11
"March 22, 9715",9715-03-22
"June 21, 3769",3769-06-21
"November 13, 7114",7114-11-13
"December 21, 4828",4828-12-21
"February 25, 6663",6663-02-25
"May 31, 3613",3613-05-31
"May 30, 5947",5947-05-30
"October 16, 7458",7458-10-16
"September 10, 1188",1188-09-10
"August 2, 8920",8920-08-02
"November 2, 1875",1875-11-02
"January 8, 2185",2185-01-08
"January 25, 7490",7490-01-25
"March 16, 2573",2573-03-16
"March 18, 3656",3656-03-18
"September 22, 5716",5716-09-22
"November 13, 1503",1503-11-13
"September 3, 3353",3353-09-03
"October 20, 6363",6363-10-20
"May 20, 5735",5735-05-20
"July 7, 7143",7143-07-07
"December 22, 9481",9481-12-22
"October 4, 1833",1833-10-04
"May 24, 2178",2178-05-24
"November 22, 8819",8819-11-22
"July 18, 7299",7299-07-18
"July 3, 6067",6067-07-03
"March 8, 9250",9250-03-08
"July 28, 2558",2558-07-28
"October 21, 3534",3534-10-21
"March 11, 9475",9475-03-11
"August 16, 3463",3463-08-16
"October 31, 3508",3508-10-31
"January 3, 5259",5259-01-03
"April 5, 2112",2112-04-05
"June 26, 1420",1420-06-26
"January 18, 3945",3945-01-18
"May 3, 1134",1134-05-03
"August 15, 7746",7746-08-15
"May 20, 5698",5698-05-20
"March 22, 2381",2381-03-22
"February 18, 4220",4220-02-18
"March 9, 8384",8384-03-09
"July 23, 7759",7759-07-23
"October 2, 6165",6165-10-02
"January 17, 3401",3401-01-17
"July 9, 2073",2073-07-09
"October 12, 4913",4913-10-12
"April 13, 3718",3718-04-13
"May 18, 8025",8025-05-18
"January 6, 2364",2364-01-06
"November 1, 2073",2073-11-01
"July 17, 3874",3874-07-17
"December 1, 7870",7870-12-01
"June 14, 7165",7165-06-14
"July 29, 9571",9571-07-29
"June 3, 8224",8224-06-03
"January 2, 9738",9738-01-02
"December 18, 3769",3769-12-18
"March 29, 1507",1507-03-29
"May 5, 6466",6466-05-05
"March 4, 8912",8912-03-04
"November 24, 4181",4181-11-24
"July 1, 7213",7213-07-01
"March 14, 2918",2918-03-14
"February 23, 8548",8548-02-23
"November 4, 9696",9696-11-04
"February 2, 8991",8991-02-02
"September 14, 9367",9367-09-14
"December 30, 1072",1072-12-30
"October 19, 6621",6621-10-19
"July 30, 3484",3484-07-30
"January 21, 5729",5729-01-21
"February 20, 4798",4798-02-20
"June 8, 2149",2149-06-08
"September 18, 2018",2018-09-18
"April 20, 6784",6784-04-20
"July 23, 7693",7693-07-23
"July 12, 3633",3633-07-12
"October 30, 7610",7610-10-30
"August 27, 4188",4188-08-27
"January 25, 1001",1001-01-25
"September 20, 5904",5904-09-20
"December 12, 8996",8996-12-12
"April 24, 5007",5007-04-24
"July 1, 5098",5098-07-01
"December 3, 9650",9650-12-03
"September 5, 6194",6194-09-05
"March 8, 7388",7388-03-08
"November 23, 8991",8991-11-23
"September 10, 2886",2886-09-10
"November 26, 1308",1308-11-26
"April 2, 9485",9485-04-02
"October 13, 2119",2119-10-13
"August 7, 8202",8202-08-07
"March 26, 7565",7565-03-26
"April 22, 1245",1245-04-22
"January 1, 8663",8663-01-01
"December 15, 4160",4160-12-15
"February 9, 3211",3211-02-09
"December 19, 2975",2975-12-19
"May 27, 2802",2802-05-27
"September 8, 3689",3689-09-08
"November 17, 9468",9468-11-17
"February 10, 1519",1519-02-10
"January 23, 9411",9411-01-23
"January 24, 3060",3060-01-24
"February 18, 3249",3249-02-18
"November 22, 3400",3400-11-22
"September 3, 3269",3269-09-03
"January 19, 2523",2523-01-19
"September 1, 4387",4387-09-01
"April 13, 6292",6292-04-13
"August 30, 1703",1703-08-30
"April 6, 8598",8598-04-06
"July 4, 6161",6161-07-04
"December 29, 3590",3590-12-29
"April 18, 8104",8104-04-18
"September 19, 2544",2544-09-19
"August 18, 1361",1361-08-18
"August 24, 2353",2353-08-24
"March 1, 9334",9334-03-01
"November 6, 9314",9314-11-06
"July 15, 3344",3344-07-15
"May 19, 5210",5210-05-19
"September 23, 8201",8201-09-23
"May 18, 9688",9688-05-18
"February 4, 9740",9740-02-04
"June 1, 4440",4440-06-01
"June 26, 8886",8886-06-26
"November 19, 5958",5958-11-19
"September 2, 2767",2767-09-02
"October 10, 8899",8899-10-10
"July 19, 1726",1726-07-19
"September 8, 2826",2826-09-08
"February 18, 6440",6440-02-18
"October 18, 5341",5341-10-18
"July 16, 1087",1087-07-16
"January 3, 2968",2968-01-03
"January 9, 5301",5301-01-09
"June 1, 1403",1403-06-01
"February 9, 7121",7121-02-09
"September 25, 3010",3010-09-25
"November 3, 8859",8859-11-03
"March 20, 5827",5827-03-20
"April 3, 2246",2246-04-03
"February 15, 1974",1974-02-15
"April 11, 9778",9778-04-11
"January 23, 2809",2809-01-23
"January 23, 3432",3432-01-23
"October 1, 1840",1840-10-01
"June 28, 2765",2765-06-28
"April 22, 5766",5766-04-22
"April 13, 2245",2245-04-13
"December 28, 5990",5990-12-28
"September 13, 3632",3632-09-13
"December 11, 9034",9034-12-11
"June 14, 2908",2908-06-14
"April 1, 4056",4056-04-01
"October 28, 9195",9195-10-28
"June 27, 6974",6974-06-27
"February 11, 9196",9196-02-11
"May 17, 7373",7373-05-17
"January 14, 8776",8776-01-14
"April 4, 7096",7096-04-04
"August 29, 7794",7794-08-29
"January 15, 7725",7725-01-15
"February 28, 4790",4790-02-28
"September 18, 6202",6202-09-18
"June 28, 2807",2807-06-28
"May 13, 7824",7824-05-13
"January 8, 7119",7119-01-08
"February 12, 8585",8585-02-12
"August 1, 7514",7514-08-01
"September 22, 3475",3475-09-22
"October 25, 6156",6156-10-25
"March 26, 5879",5879-03-26
"September 24, 2976",2976-09-24
"November 25, 8015",8015-11-25
"January 30, 6111",6111-01-30
"December 11, 4205",4205-12-11
"September 22, 4625",4625-09-22
"May 14, 3988",3988-05-14
"April 21, 7962",7962-04-21
"March 9, 3459",3459-03-09
"April 1, 9422",9422-04-01
"March 1, 9863",9863-03-01
"December 28, 1229",1229-12-28
"November 19, 3253",3253-11-19
"March 27, 5660",5660-03-27
"October 20, 4393",4393-10-20
"May 25, 5312",5312-05-25
"October 5, 9871",9871-10-05
"November 16, 7148",7148-11-16
"May 16, 6338",6338-05-16
"April 17, 2045",2045-04-17
"August 7, 7676",7676-08-07
"August 10, 2324",2324-08-10
"July 29, 8975",8975-07-29
"November 18, 2455",2455-11-18
"September 23, 1617",1617-09-23
"March 22, 3638",3638-03-22
"June 20, 9463",9463-06-20
"August 17, 9041",9041-08-17
"January 2, 7127",7127-01-02
"July 17, 2299",2299-07-17
"July 28, 7431",7431-07-28
"May 6, 6504",6504-05-06
"July 8, 5531",5531-07-08
"May 22, 8460",8460-05-22
"February 7, 7668",7668-02-07
"June 28, 9181",9181-06-28
"June 16, 9470",9470-06-16
"October 17, 2552",2552-10-17
"September 13, 1606",1606-09-13
"December 28, 6947",6947-12-28
"September 1, 3064",3064-09-01
"December 17, 7189",7189-12-17
"November 27, 3661",3661-11-27
"November 3, 2451",2451-11-03
"August 12, 3761",3761-08-12
"November 21, 1582",1582-11-21
"June 15, 6838",6838-06-15
"June 3, 7969",7969-06-03
"April 21, 7243",7243-04-21
"October 10, 1851",1851-10-10
"March 26, 3773",3773-03-26
"September 13, 7189",7189-09-13
"February 20, 7342",7342-02-20
"August 31, 1959",1959-08-31
"March 25, 4894",4894-03-25
"October 8, 7029",7029-10-08
"March 17, 7173",7173-03-17
"February 19, 2074",2074-02-19
"October 25, 3981",3981-10-25
"November 1, 3998",3998-11-01
"June 7, 4813",4813-06-07
"June 11, 7303",7303-06-11
"November 3, 2563",2563-11-03
"August 24, 3047",3047-08-24
"June 30, 1505",1505-06-30
"October 13, 5911",5911-10-13
"October 23, 6632",6632-10-23
"August 4, 3357",3357-08-04
"May 28, 2604",2604-05-28
"March 24, 3532",3532-03-24
"June 20, 9024",9024-06-20
"June 12, 8306",8306-06-12
"June 10, 2026",2026-06-10
"December 31, 6947",6947-12-31
"July 14, 2697",2697-07-14
"June 4, 8175",8175-06-04
"October 1, 6079",6079-10-01
"May 3, 1820",1820-05-03
"June 29, 5847",5847-06-29
"October 6, 9278",9278-10-06
"December 10, 8278",8278-12-10
"May 24, 7278",7278-05-24
"June 29, 1920",1920-06-29
"December 8, 9471",9471-12-08
"February 24, 9729",9729-02-24
"November 30, 4695",4695-11-30
"October 15, 6292",6292-10-15
"August 7, 2890",2890-08-07
"March 26, 8824",8824-03-26
"January 19, 4173",4173-01-19
"October 20, 4877",4877-10-20
"January 19, 1344",1344-01-19
"March 6, 1380",1380-03-06
"June 21, 9790",9790-06-21
"May 27, 1132",1132-05-27
"October 7, 9957",9957-10-07
"October 2, 1313",1313-10-02
"April 19, 9903",9903-04-19
"April 2, 8635",8635-04-02
"November 3, 8933",8933-11-03
"December 26, 1277",1277-12-26
"September 9, 9303",9303-09-09
"July 1, 1348",1348-07-01
"June 2, 1960",1960-06-02
"June 6, 4703",4703-06-06
"December 3, 2893",2893-12-03
"July 5, 9699",9699-07-05
"February 13, 9523",9523-02-13
"July 8, 8315",8315-07-08
"July 27, 7727",7727-07-27
"November 25, 1930",1930-11-25
"December 3, 1948",1948-12-03
"March 24, 8900",8900-03-24
"September 25, 3186",3186-09-25
"February 2, 6521",6521-02-02
"May 21, 2128",2128-05-21
"January 24, 6041",6041-01-24
"February 17, 9999",9999-02-17
"January 11, 7190",7190-01-11
"March 9, 8436",8436-03-09
"August 13, 5266",5266-08-13
"May 29, 1657",1657-05-29
"May 24, 8244",8244-05-24
"March 1, 9595",9595-03-01
"February 7, 7946",7946-02-07
"October 1, 1296",1296-10-01
"April 23, 9259",9259-04-23
"December 18, 2719",2719-12-18
"August 2, 5057",5057-08-02
"July 30, 4592",4592-07-30
"October 22, 5352",5352-10-22
"January 16, 8719",8719-01-16
"June 5, 2322",2322-06-05
"December 22, 6787",6787-12-22
"November 26, 8413",8413-11-26
"August 30, 4328",4328-08-30
"October 3, 9641",9641-10-03
"October 20, 4354",4354-10-20
"December 22, 3994",3994-12-22
"January 17, 2829",2829-01-17
"July 28, 1976",1976-07-28
"June 22, 7267",7267-06-22
"December 5, 2698",2698-12-05
"March 3, 7894",7894-03-03
"September 14, 8672",8672-09-14
"December 25, 7618",7618-12-25
"April 22, 7201",7201-04-22
"February 20, 6475",6475-02-20
"November 28, 4297",4297-11-28
"January 21, 6640",6640-01-21
"December 30, 6996",6996-12-30
"April 9, 9819",9819-04-09
"September 9, 1879",1879-09-09
"March 4, 2729",2729-03-04
"December 16, 3017",3017-12-16
"August 16, 9764",9764-08-16
"July 4, 4318",4318-07-04
"January 23, 6758",6758-01-23
"November 5, 8138",8138-11-05
"August 5, 1487",1487-08-05
"March 1, 4607",4607-03-01
"May 27, 5357",5357-05-27
"May 16, 6384",6384-05-16
"September 30, 1463",1463-09-30
"November 4, 6823",6823-11-04
"October 24, 5991",5991-10-24
"June 10, 6366",6366-06-10
"June 18, 1301",1301-06-18
"December 18, 1506",1506-12-18
"February 11, 7881",7881-02-11
"January 4, 1561",1561-01-04
"February 8, 1032",1032-02-08
"July 31, 8602",8602-07-31
"July 1, 4000",4000-07-01
"July 10, 3820",3820-07-10
"August 11, 5339",5339-08-11
"November 21, 4965",4965-11-21
"April 2, 8311",8311-04-02
"July 13, 4921",4921-07-13
"June 19, 2018",2018-06-19
"December 12, 5150",5150-12-12
"December 24, 9312",9312-12-24
"April 16, 6924",6924-04-16
"November 27, 4158",4158-11-27
"September 20, 7086",7086-09-20
"January 25, 2722",2722-01-25
"December 20, 5652",5652-12-20
"August 9, 5337",5337-08-09
"April 17, 7465",7465-04-17
"October 28, 2411",2411-10-28
"November 10, 3707",3707-11-10
"June 1, 5742",5742-06-01
"March 13, 2714",2714-03-13
"October 16, 4093",4093-10-16
"December 19, 6875",6875-12-19
"June 25, 3616",3616-06-25
"August 5, 4693",4693-08-05
"December 16, 5243",5243-12-16
"May 22, 8594",8594-05-22
"September 4, 1562",1562-09-04
"June 3, 5205",5205-06-03
"May 16, 4561",4561-05-16
"December 3, 2954",2954-12-03
"January 15, 7624",7624-01-15
"February 4, 5310",5310-02-04
"June 10, 9378",9378-06-10
"November 8, 1480",1480-11-08
"March 12, 7345",7345-03-12
"August 11, 9202",9202-08-11
"March 6, 1452",1452-03-06
"June 14, 8177",8177-06-14
"August 25, 6394",6394-08-25
"January 20, 1609",1609-01-20
"October 2, 5670",5670-10-02
"August 20, 3387",3387-08-20
"July 18, 3760",3760-07-18
"May 23, 5710",5710-05-23
"April 25, 7914",7914-04-25
"May 3, 8053",8053-05-03
"November 15, 7410",7410-11-15
"September 26, 6282",6282-09-26
"December 1, 8097",8097-12-01
"July 27, 5077",5077-07-27
"February 27, 1195",1195-02-27
"July 23, 9869",9869-07-23
"May 7, 8170",8170-05-07
"April 20, 9941",9941-04-20
"May 24, 8306",8306-05-24
"May 3, 7038",7038-05-03
"October 15, 3121",3121-10-15
"April 3, 2444",2444-04-03
"November 10, 1740",1740-11-10
"March 10, 1697",1697-03-10
"June 8, 4075",4075-06-08
"July 31, 1539",1539-07-31
"September 18, 2405",2405-09-18
"November 11, 5497",5497-11-11
"March 27, 3903",3903-03-27
"December 17, 7069",7069-12-17
"January 2, 2427",2427-01-02
"July 8, 7382",7382-07-08
"February 27, 7078",7078-02-27
"September 20, 9480",9480-09-20
"February 3, 1057",1057-02-03
"March 15, 4004",4004-03-15
"November 26, 8183",8183-11-26
"October 6, 9420",9420-10-06
"May 16, 3970",3970-05-16
"November 22, 8392",8392-11-22
"September 17, 3037",3037-09-17
"January 8, 7287",7287-01-08
"February 13, 6439",6439-02-13
"December 24, 6723",6723-12-24
"August 7, 3859",3859-08-07
"September 5, 6921",6921-09-05
"March 3, 3226",3226-03-03
"October 25, 5341",5341-10-25
"April 27, 9247",9247-04-27
"October 16, 9771",9771-10-16
"April 17, 3155",3155-04-17
"January 15, 7067",7067-01-15
"June 5, 8438",8438-06-05
"November 9, 1736",1736-11-09
"February 6, 5590",5590-02-06
"April 22, 4075",4075-04-22
"August 23, 3781",3781-08-23
"May 13, 2778",2778-05-13
"June 21, 8728",8728-06-21
"July 12, 1752",1752-07-12
"December 11, 2624",2624-12-11
"December 30, 8999",8999-12-30
"May 25, 5594",5594-05-25
"March 20, 8109",8109-03-20
"October 11, 8784",8784-10-11
"May 27, 4389",4389-05-27
"December 26, 9336",9336-12-26
"March 21, 2962",2962-03-21
"April 9, 6991",6991-04-09
"December 21, 7561",7561-12-21
"January 25, 8409",8409-01-25
"March 23, 8688",8688-03-23
"May 1, 8659",8659-05-01
"May 17, 9389",9389-05-17
"March 5, 4531",4531-03-05
"March 12, 5681",5681-03-12
"May 16, 4417",4417-05-16
"March 21, 2821",2821-03-21
"October 26, 1237",1237-10-26
"April 5, 3787",3787-04-05
"October 26, 5820",5820-10-26
"February 12, 9687",9687-02-12
"August 25, 9233",9233-08-25
"September 24, 2498",2498-09-24
"November 30, 5228",5228-11-30
"January 12, 9294",9294-01-12
"March 30, 9328",9328-03-30
"January 14, 7067",7067-01-14
"March 1, 5948",5948-03-01
"January 19, 3456",3456-01-19
"May 13, 2195",2195-05-13
"February 26, 4555",4555-02-26
"August 22, 9937",9937-08-22
"February 24, 3892",3892-02-24
"August 4, 1943",1943-08-04
"January 12, 6305",6305-01-12
"April 15, 1468",1468-04-15
"September 21, 5480",5480-09-21
"November 30, 4348",4348-11-30
"June 3, 8253",8253-06-03
"March 29, 5477",5477-03-29
"March 1, 2799",2799-03-01
"December 18, 5072",5072-12-18
"January 28, 9616",9616-01-28
"January 9, 5291",5291-01-09
"August 27, 9700",9700-08-27
"April 11, 4337",4337-04-11
"December 23, 1485",1485-12-23
"September 20, 3142",3142-09-20
"February 7, 5631",5631-02-07
"August 28, 3630",3630-08-28
"February 9, 9281",9281-02-09
"January 24, 8760",8760-01-24
"December 31, 5237",5237-12-31
"August 20, 4903",4903-08-20
"December 28, 7240",7240-12-28
"May 31, 8845",8845-05-31
"December 4, 3146",3146-12-04
"April 8, 4374",4374-04-08
"February 1, 3201",3201-02-01
"May 20, 9374",9374-05-20
"February 26, 1267",1267-02-26
"September 7, 8678",8678-09-07
"August 5, 1971",1971-08-05
"May 16, 6395",6395-05-16
"June 8, 5332",5332-06-08
"November 5, 4533",4533-11-05
"December 19, 5721",5721-12-19
"December 22, 4212",4212-12-22
"February 23, 4337",4337-02-23
"November 12, 6890",6890-11-12
"March 24, 7611",7611-03-24
"May 23, 7090",7090-05-23
"September 16, 6801",6801-09-16
"April 16, 1258",1258-04-16
"October 10, 9865",9865-10-10
"October 6, 3593",3593-10-06
"December 30, 9391",9391-12-30
"April 26, 2251",2251-04-26
"March 29, 5230",5230-03-29
"August 22, 3772",3772-08-22
"December 4, 7385",7385-12-04
"September 29, 9008",9008-09-29
"December 11, 6752",6752-12-11
"February 2, 6957",6957-02-02
"April 21, 3049",3049-04-21
"December 20, 4162",4162-12-20
"May 29, 4807",4807-05-29
"April 21, 9331",9331-04-21
"September 20, 2541",2541-09-20
"September 21, 6347",6347-09-21
"February 5, 8006",8006-02-05
"April 9, 9006",9006-04-09
"August 3, 1706",1706-08-03
"April 4, 8736",8736-04-04
"September 7, 8903",8903-09-07
"August 13, 4903",4903-08-13
"February 9, 1431",1431-02-09
"October 5, 4326",4326-10-05
"April 6, 8887",8887-04-06
"December 19, 8338",8338-12-19
"July 29, 1660",1660-07-29
"January 20, 4346",4346-01-20
"June 26, 3742",3742-06-26
"January 2, 3350",3350-01-02
"December 29, 3481",3481-12-29
"May 10, 3399",3399-05-10
"July 1, 9785",9785-07-01
"May 31, 5077",5077-05-31
"August 7, 3231",3231-08-07
"October 28, 7042",7042-10-28
"July 11, 3959",3959-07-11
"April 12, 7742",7742-04-12
"March 10, 4618",4618-03-10
"June 26, 9140",9140-06-26
"January 27, 2403",2403-01-27
"October 24, 5532",5532-10-24
"April 2, 9365",9365-04-02
"December 22, 3547",3547-12-22
"December 21, 2623",2623-12-21
"May 6, 2173",2173-05-06
"March 10, 2034",2034-03-10
"January 22, 2086",2086-01-22
"May 11, 9168",9168-05-11
"July 4, 7888",7888-07-04
"February 8, 6222",6222-02-08
"October 23, 7042",7042-10-23
"July 14, 6356",6356-07-14
"July 29, 9282",9282-07-29
"June 5, 2421",2421-06-05
"June 5, 7251",7251-06-05
"January 4, 1555",1555-01-04
"April 24, 7964",7964-04-24
"November 10, 3280",3280-11-10
"August 28, 3768",3768-08-28
"June 7, 7813",7813-06-07
"October 25, 2049",2049-10-25
"September 16, 8244",8244-09-16
"November 19, 8794",8794-11-19
"August 22, 3273",3273-08-22
"August 11, 6656",6656-08-11
"June 11, 3489",3489-06-11
"December 3, 2546",2546-12-03
"October 20, 5650",5650-10-20
"October 10, 8395",8395-10-10
"June 10, 4709",4709-06-10
"January 21, 3592",3592-01-21
"April 15, 1450",1450-04-15
"October 10, 5669",5669-10-10
"February 21, 1399",1399-02-21
"October 19, 9306",9306-10-19
"May 29, 1882",1882-05-29
"January 29, 1963",1963-01-29
"March 13, 9613",9613-03-13
"July 16, 8026",8026-07-16
"February 3, 9743",9743-02-03
"December 3, 6797",6797-12-03
"July 12, 6703",6703-07-12
"February 26, 9709",9709-02-26
"March 17, 4760",4760-03-17
"January 15, 5471",5471-01-15
"June 23, 2094",2094-06-23
"February 20, 6302",6302-02-20
"August 28, 6749",6749-08-28
"February 6, 5676",5676-02-06
"September 28, 9944",9944-09-28
"April 8, 7345",7345-04-08
"June 27, 9271",9271-06-27
"November 10, 7022",7022-11-10
"April 3, 1096",1096-04-03
"July 22, 1122",1122-07-22
"July 4, 3122",3122-07-04
"September 2, 3396",3396-09-02
"February 10, 1305",1305-02-10
"August 7, 1337",1337-08-07
"June 8, 7730",7730-06-08
"October 30, 2225",2225-10-30
"April 14, 4842",4842-04-14
"July 10, 9941",9941-07-10
"December 17, 5765",5765-12-17
"May 2, 2286",2286-05-02
"January 3, 7313",7313-01-03
"October 31, 2468",2468-10-31
"December 23, 7857",7857-12-23
"December 2, 7015",7015-12-02
"September 2, 1150",1150-09-02
"June 8, 3806",3806-06-08
"April 14, 8905",8905-04-14
"August 31, 5332",5332-08-31
"October 29, 4833",4833-10-29
"May 27, 6423",6423-05-27
"February 25, 8313",8313-02-25
"February 16, 9071",9071-02-16
"May 26, 6711",6711-05-26
"May 18, 4030",4030-05-18
"July 21, 9374",9374-07-21
"April 26, 4257",4257-04-26
"January 23, 7845",7845-01-23
"August 8, 2374",2374-08-08
"January 25, 9323",9323-01-25
"July 27, 5771",5771-07-27
"April 21, 1035",1035-04-21
"December 29, 8131",8131-12-29
"March 31, 8810",8810-03-31
"January 26, 3454",3454-01-26
"November 2, 5498",5498-11-02
"November 16, 5224",5224-11-16
"January 18, 8002",8002-01-18
"December 13, 4970",4970-12-13
"December 16, 2537",2537-12-16
"June 2, 1665",1665-06-02
"August 25, 1875",1875-08-25
"January 8, 4574",4574-01-08
"July 24, 7932",7932-07-24
"May 3, 1814",1814-05-03
"June 24, 2414",2414-06-24
"December 10, 7039",7039-12-10
"May 6, 8341",8341-05-06
"October 30, 9863",9863-10-30
"May 28, 7603",7603-05-28
"December 1, 4293",4293-12-01
"January 23, 2250",2250-01-23
"April 20, 7192",7192-04-20
"January 6, 4356",4356-01-06
"July 4, 3593",3593-07-04
"September 23, 3656",3656-09-23
"January 8, 5559",5559-01-08
"January 13, 7085",7085-01-13
"August 31, 6481",6481-08-31
"April 23, 4938",4938-04-23
"November 23, 1302",1302-11-23
"October 18, 7735",7735-10-18
"August 5, 2599",2599-08-05
"August 6, 9687",9687-08-06
"January 13, 5677",5677-01-13
"December 5, 3235",3235-12-05
"February 11, 2959",2959-02-11
"February 16, 9302",9302-02-16
"September 18, 2810",2810-09-18
"September 14, 3475",3475-09-14
"August 6, 7965",7965-08-06
"September 24, 7912",7912-09-24
"January 6, 6809",6809-01-06
"March 23, 2698",2698-03-23
"January 24, 1844",1844-01-24
"September 14, 3757",3757-09-14
"June 18, 6182",6182-06-18
"March 22, 4158",4158-03-22
"March 17, 4849",4849-03-17
"December 15, 4877",4877-12-15
"March 30, 5803",5803-03-30
"April 22, 1881",1881-04-22
"January 27, 2059",2059-01-27
"January 6, 3930",3930-01-06
"December 16, 1418",1418-12-16
"November 25, 8985",8985-11-25
"December 16, 9566",9566-12-16
"May 23, 9391",9391-05-23
"August 4, 4375",4375-08-04
"June 21, 2493",2493-06-21
"October 22, 6967",6967-10-22
"June 4, 7156",7156-06-04
"September 4, 5676",5676-09-04
"December 6, 9579",9579-12-06
"February 11, 1492",1492-02-11
"August 8, 5212",5212-08-08
"March 2, 8240",8240-03-02
"January 28, 1244",1244-01-28
"June 19, 9934",9934-06-19
"August 17, 4875",4875-08-17
"January 24, 3729",3729-01-24
"April 2, 6654",6654-04-02
"September 24, 5541",5541-09-24
"September 5, 5922",5922-09-05
"August 21, 5999",5999-08-21
"January 8, 9541",9541-01-08
"May 13, 1532",1532-05-13
"November 22, 6963",6963-11-22
"January 10, 8966",8966-01-10
"April 5, 2102",2102-04-05
"December 27, 2337",2337-12-27
"September 19, 9570",9570-09-19
"December 7, 2478",2478-12-07
"December 11, 5897",5897-12-11
"September 28, 9960",9960-09-28
"May 7, 1206",1206-05-07
"February 18, 1484",1484-02-18
"August 20, 3215",3215-08-20
"January 18, 1636",1636-01-18
"June 5, 6974",6974-06-05
"April 7, 3333",3333-04-07
"April 14, 5149",5149-04-14
"May 20, 5485",5485-05-20
"July 13, 5568",5568-07-13
"June 19, 7975",7975-06-19
"December 2, 2014",2014-12-02
"December 20, 9758",9758-12-20
"February 25, 1313",1313-02-25
"December 10, 5435",5435-12-10
"May 20, 2768",2768-05-20
"March 21, 8865",8865-03-21
"April 7, 6232",6232-04-07
"August 16, 1834",1834-08-16
"February 6, 4679",4679-02-06
"February 23, 9557",9557-02-23
"April 30, 3444",3444-04-30
"September 27, 2147",2147-09-27
"June 21, 3015",3015-06-21
"October 6, 9814",9814-10-06
"May 14, 3510",3510-05-14
"February 24, 3917",3917-02-24
"July 22, 4910",4910-07-22
"October 25, 5085",5085-10-25
"September 30, 1597",1597-09-30
"August 2, 5935",5935-08-02
"January 11, 6846",6846-01-11
"May 3, 7319",7319-05-03
"February 21, 3106",3106-02-21
"August 14, 6009",6009-08-14
"February 7, 7569",7569-02-07
"February 11, 2249",2249-02-11
"December 26, 6573",6573-12-26
"January 31, 8193",8193-01-31
"August 27, 6572",6572-08-27
"June 29, 5874",5874-06-29
"August 5, 9762",9762-08-05
"July 27, 7446",7446-07-27
"March 7, 8397",8397-03-07
"July 8, 2637",2637-07-08
"May 18, 8133",8133-05-18
"June 3, 3421",3421-06-03
"January 25, 7023",7023-01-25
"March 8, 4029",4029-03-08
"November 8, 4334",4334-11-08
"November 4, 9608",9608-11-04
"April 9, 1463",1463-04-09
"February 18, 2330",2330-02-18
"March 8, 3780",3780-03-08
"February 2, 4491",4491-02-02
"January 7, 7368",7368-01-07
"December 12, 1056",1056-12-12
"March 2, 7061",7061-03-02
"February 11, 6138",6138-02-11
"January 6, 9960",9960-01-06
"August 13, 3228",3228-08-13
"May 24, 4934",4934-05-24
"March 5, 4427",4427-03-05
"July 4, 3726",3726-07-04
"May 20, 6476",6476-05-20
"October 18, 8660",8660-10-18
"April 20, 7319",7319-04-20
"July 2, 9459",9459-07-02
"May 1, 7070",7070-05-01
"June 17, 2567",2567-06-17
"January 30, 5679",5679-01-30
"August 19, 1529",1529-08-19
"January 28, 3434",3434-01-28
"April 6, 3684",3684-04-06
"June 27, 8408",8408-06-27
"May 6, 5298",5298-05-06
"October 11, 8056",8056-10-11
"July 1, 9312",9312-07-01
"July 17, 2425",2425-07-17
"March 25, 1613",1613-03-25
"October 12, 2176",2176-10-12
"November 13, 8659",8659-11-13
"May 27, 5255",5255-05-27
"March 29, 6185",6185-03-29
"June 1, 8936",8936-06-01
"April 2, 8969",8969-04-02
"April 30, 1207",1207-04-30
"June 3, 7955",7955-06-03
"May 16, 1545",1545-05-16
"October 12, 6826",6826-10-12
"October 4, 5228",5228-10-04
"January 23, 7482",7482-01-23
"March 8, 7670",7670-03-08
"March 15, 9125",9125-03-15
"August 6, 1744",1744-08-06
"October 13, 4322",4322-10-13
"August 10, 4281",4281-08-10
"August 7, 7592",7592-08-07
"June 21, 3087",3087-06-21
"February 18, 1181",1181-02-18
"October 18, 9206",9206-10-18
"April 27, 6203",6203-04-27
"February 15, 3931",3931-02-15
"October 15, 7693",7693-10-15
"September 13, 2901",2901-09-13
"March 26, 5626",5626-03-26
"February 15, 9684",9684-02-15
"June 26, 7865",7865-06-26
"April 16, 9109",9109-04-16
"September 2, 7577",7577-09-02
"March 14, 8163",8163-03-14
"April 23, 8188",8188-04-23
"August 5, 5831",5831-08-05
"September 1, 9803",9803-09-01
"May 2, 8171",8171-05-02
"November 3, 7576",7576-11-03
"April 28, 5316",5316-04-28
"March 6, 9963",9963-03-06
"February 9, 8542",8542-02-09
"November 17, 4403",4403-11-17
"December 23, 7346",7346-12-23
"August 8, 8369",8369-08-08
"September 8, 7943",7943-09-08
"September 29, 9721",9721-09-29
"September 26, 7893",7893-09-26
"December 30, 9566",9566-12-30
"April 5, 9380",9380-04-05
"November 16, 8761",8761-11-16
"February 5, 8789",8789-02-05
"January 1, 9740",9740-01-01
"November 7, 6238",6238-11-07
"July 23, 2029",2029-07-23
"November 19, 6996",6996-11-19
"December 15, 4393",4393-12-15
"March 16, 2667",2667-03-16
"October 10, 7146",7146-10-10
"October 7, 9997",9997-10-07
"January 28, 5205",5205-01-28
"March 22, 7652",7652-03-22
"November 5, 5410",5410-11-05
"July 3, 8312",8312-07-03
"June 9, 7531",7531-06-09
"March 30, 3850",3850-03-30
"April 23, 2687",2687-04-23
"August 28, 4793",4793-08-28
"February 23, 7492",7492-02-23
"March 3, 2182",2182-03-03
"November 11, 4380",4380-11-11
"April 17, 1244",1244-04-17
"October 15, 9868",9868-10-15
"November 4, 6746",6746-11-04
"April 2, 4555",4555-04-02
"September 16, 7539",7539-09-16
"November 15, 8105",8105-11-15
"December 31, 3232",3232-12-31
"January 20, 3011",3011-01-20
"March 15, 3186",3186-03-15
"April 22, 2244",2244-04-22
"December 13, 3123",3123-12-13
"January 25, 9961",9961-01-25
"March 2, 3561",3561-03-02
"February 20, 4381",4381-02-20
"April 15, 9963",9963-04-15
"July 19, 2622",2622-07-19
"May 17, 9914",9914-05-17
"July 7, 5936",5936-07-07
"October 25, 5641",5641-10-25
"October 14, 7475",7475-10-14
"February 1, 7429",7429-02-01
"December 26, 1628",1628-12-26
"March 28, 5683",5683-03-28
"April 23, 8145",8145-04-23
"October 30, 9034",9034-10-30
"September 3, 1263",1263-09-03
"October 23, 7406",7406-10-23
"June 29, 6431",6431-06-29
"December 21, 2779",2779-12-21
"May 29, 5570",5570-05-29
"April 6, 8352",8352-04-06
"October 25, 2351",2351-10-25
"February 5, 6250",6250-02-05
"February 2, 9771",9771-02-02
"September 30, 5796",5796-09-30
"June 26, 1350",1350-06-26
"September 30, 8371",8371-09-30
"August 20, 6075",6075-08-20
"March 2, 2997",2997-03-02
"May 27, 9604",9604-05-27
"May 23, 3479",3479-05-23
"March 14, 4554",4554-03-14
"November 19, 7449",7449-11-19
"September 30, 9318",9318-09-30
"July 14, 3619",3619-07-14
"May 29, 6971",6971-05-29
"June 20, 7967",7967-06-20
"December 17, 3530",3530-12-17
"February 10, 4741",4741-02-10
"September 15, 8695",8695-09-15
"May 24, 8608",8608-05-24
"September 25, 7917",7917-09-25
"October 17, 5154",5154-10-17
"July 11, 8466",8466-07-11
"July 25, 3801",3801-07-25
"November 15, 6973",6973-11-15
"September 29, 2590",2590-09-29
"September 17, 8547",8547-09-17
"January 26, 7444",7444-01-26
"March 27, 9693",9693-03-27
"December 15, 1200",1200-12-15
"May 27, 4269",4269-05-27
"April 13, 1035",1035-04-13
"March 16, 4958",4958-03-16
"April 3, 5679",5679-04-03
"May 1, 8620",8620-05-01
"October 31, 2352",2352-10-31
"November 30, 2635",2635-11-30
"October 3, 8982",8982-10-03
"October 21, 7502",7502-10-21
"January 31, 8005",8005-01-31
"August 4, 5985",5985-08-04
"October 25, 4919",4919-10-25
"October 27, 1343",1343-10-27
"May 27, 7307",7307-05-27
"November 16, 2690",2690-11-16
"December 31, 5664",5664-12-31
"March 19, 7781",7781-03-19
"March 17, 9763",9763-03-17
"June 6, 5119",5119-06-06
"October 31, 7252",7252-10-31
"April 15, 8769",8769-04-15
"August 22, 2683",2683-08-22
"July 24, 5985",5985-07-24
"September 25, 8589",8589-09-25
"January 31, 4055",4055-01-31
"September 8, 2073",2073-09-08
"July 28, 9998",9998-07-28
"January 15, 7323",7323-01-15
"September 21, 5391",5391-09-21
"February 12, 7579",7579-02-12
"March 16, 5344",5344-03-16
"August 8, 4958",4958-08-08
"December 19, 5672",5672-12-19
"September 24, 8238",8238-09-24
"January 21, 1836",1836-01-21
"September 20, 3487",3487-09-20
"June 27, 1171",1171-06-27
"June 6, 7451",7451-06-06
"April 16, 6534",6534-04-16
"June 28, 5891",5891-06-28
"April 19, 2128",2128-04-19
"February 15, 8717",8717-02-15
"December 24, 8873",8873-12-24
"May 13, 2673",2673-05-13
"February 2, 9802",9802-02-02
"March 6, 3185",3185-03-06
"February 22, 7069",7069-02-22
"May 8, 4602",4602-05-08
"December 20, 7562",7562-12-20
"April 13, 4868",4868-04-13
"July 22, 9617",9617-07-22
"March 3, 2380",2380-03-03
"January 27, 3893",3893-01-27
"April 28, 3205",3205-04-28
"April 13, 9925",9925-04-13
"August 31, 4066",4066-08-31
"March 7, 5578",5578-03-07
"January 4, 7218",7218-01-04
"July 6, 2710",2710-07-06
"December 19, 3762",3762-12-19
"November 26, 7747",7747-11-26
"July 1, 9878",9878-07-01
"June 13, 4568",4568-06-13
"July 8, 6845",6845-07-08
"May 31, 4122",4122-05-31
"March 20, 8189",8189-03-20
"October 19, 1465",1465-10-19
"March 29, 1338",1338-03-29
"February 17, 2886",2886-02-17
"December 16, 6493",6493-12-16
"July 2, 9639",9639-07-02
"April 14, 3569",3569-04-14
"March 27, 1011",1011-03-27
"October 18, 1074",1074-10-18
"October 19, 8667",8667-10-19
"May 31, 6901",6901-05-31
"September 27, 5986",5986-09-27
"September 4, 7894",7894-09-04
"May 4, 5486",5486-05-04
"June 1, 5470",5470-06-01
"December 7, 1718",1718-12-07
"May 1, 1633",1633-05-01
"February 7, 2341",2341-02-07
"November 30, 9764",9764-11-30
"April 24, 5446",5446-04-24
"August 2, 6786",6786-08-02
"May 13, 3320",3320-05-13
"December 3, 1861",1861-12-03
"August 19, 1932",1932-08-19
"September 3, 8674",8674-09-03
"February 28, 3220",3220-02-28
"September 16, 8026",8026-09-16
"March 8, 4845",4845-03-08
"August 30, 1292",1292-08-30
"April 2, 1550",1550-04-02
"June 22, 1760",1760-06-22
"July 21, 5308",5308-07-21
"March 12, 7061",7061-03-12
"December 4, 1642",1642-12-04
"September 30, 8028",8028-09-30
"August 28, 8444",8444-08-28
"October 8, 4206",4206-10-08
"November 22, 1919",1919-11-22
"February 5, 4365",4365-02-05
"February 3, 8233",8233-02-03
"March 14, 7965",7965-03-14
"March 5, 1840",1840-03-05
"October 24, 9471",9471-10-24
"October 2, 4690",4690-10-02
"October 31, 1623",1623-10-31
"August 26, 6203",6203-08-26
"November 30, 5682",5682-11-30
"May 7, 9884",9884-05-07
"October 10, 3034",3034-10-10
"May 13, 8229",8229-05-13
"March 28, 6992",6992-03-28
"August 20, 3249",3249-08-20
"October 9, 7688",7688-10-09
"November 4, 6090",6090-11-04
"April 28, 8373",8373-04-28
"April 26, 5721",5721-04-26
"December 20, 8199",8199-12-20
"August 7, 2649",2649-08-07
"August 14, 1577",1577-08-14
"October 7, 9382",9382-10-07
"February 12, 5230",5230-02-12
"April 6, 3532",3532-04-06
"November 2, 8320",8320-11-02
"February 13, 4213",4213-02-13
"December 21, 4101",4101-12-21
"February 17, 1193",1193-02-17
"June 23, 6687",6687-06-23
"April 1, 6060",6060-04-01
"September 27, 6083",6083-09-27
"October 19, 7876",7876-10-19
"August 25, 4232",4232-08-25
"January 31, 5487",5487-01-31
"December 7, 2863",2863-12-07
"February 20, 1668",1668-02-20
"December 3, 9202",9202-12-03
"June 6, 6156",6156-06-06
"August 12, 2604",2604-08-12
"May 7, 9337",9337-05-07
"June 1, 5630",5630-06-01
"August 11, 9761",9761-08-11
"March 9, 5727",5727-03-09
"January 10, 8710",8710-01-10
"March 14, 2493",2493-03-14
"October 26, 7847",7847-10-26
"June 22, 2575",2575-06-22
"September 7, 4956",4956-09-07
"July 2, 1223",1223-07-02
"September 27, 7378",7378-09-27
"April 16, 2057",2057-04-16
"March 16, 9565",9565-03-16
"January 8, 6651",6651-01-08
"June 26, 9325",9325-06-26
"September 25, 8181",8181-09-25
"October 31, 6444",6444-10-31
"February 22, 5415",5415-02-22
"September 18, 1547",1547-09-18
"July 15, 2848",2848-07-15
"January 30, 7493",7493-01-30
"April 8, 9030",9030-04-08
"October 27, 7910",7910-10-27
"January 14, 1767",1767-01-14
"March 14, 9832",9832-03-14
"April 8, 9931",9931-04-08
"June 17, 4026",4026-06-17
"January 29, 1261",1261-01-29
"March 14, 5562",5562-03-14
"March 15, 7017",7017-03-15
"March 22, 8747",8747-03-22
"December 4, 7126",7126-12-04
"November 19, 4017",4017-11-19
"March 21, 1771",1771-03-21
"May 22, 3242",3242-05-22
"October 19, 3278",3278-10-19
"May 6, 3327",3327-05-06
"January 11, 6212",6212-01-11
"June 30, 3665",3665-06-30
"March 9, 2024",2024-03-09
"June 26, 2523",2523-06-26
"February 26, 4608",4608-02-26
"September 30, 5109",5109-09-30
"November 8, 9209",9209-11-08
"July 21, 2966",2966-07-21
"October 17, 3326",3326-10-17
"November 16, 4958",4958-11-16
"July 7, 5608",5608-07-07
"June 3, 2248",2248-06-03
"January 23, 6365",6365-01-23
"December 16, 7254",7254-12-16
"December 9, 1908",1908-12-09
"April 30, 6331",6331-04-30
"March 16, 1122",1122-03-16
"March 10, 3353",3353-03-10
"June 12, 2886",2886-06-12
"April 8, 8786",8786-04-08
"May 21, 2167",2167-05-21
"July 21, 1902",1902-07-21
"October 14, 7923",7923-10-14
"March 23, 2876",2876-03-23
"May 3, 1005",1005-05-03
"October 25, 5361",5361-10-25
"April 14, 2293",2293-04-14
"June 7, 3513",3513-06-07
"August 3, 9616",9616-08-03
"December 7, 5844",5844-12-07
"October 16, 3732",3732-10-16
"June 22, 6894",6894-06-22
"October 21, 8689",8689-10-21
"December 27, 4648",4648-12-27
"December 6, 2519",2519-12-06
"March 17, 6371",6371-03-17
"December 24, 6692",6692-12-24
"May 8, 7271",7271-05-08
"February 11, 7585",7585-02-11
"June 13, 4961",4961-06-13
"August 16, 5317",5317-08-16
"July 20, 2392",2392-07-20
"May 2, 3186",3186-05-02
"May 6, 3506",3506-05-06
"October 18, 6138",6138-10-18
"August 24, 1853",1853-08-24
"August 19, 8669",8669-08-19
"September 26, 7260",7260-09-26
"July 7, 4407",4407-07-07
"August 7, 4526",4526-08-07
"July 20, 4038",4038-07-20
"September 3, 7804",7804-09-03
"October 24, 1564",1564-10-24
"December 13, 9336",9336-12-13
"March 19, 2937",2937-03-19
"October 16, 7646",7646-10-16
"June 21, 4709",4709-06-21
"October 2, 1548",1548-10-02
"June 25, 2617",2617-06-25
"October 15, 5542",5542-10-15
"May 16, 4376",4376-05-16
"September 23, 6859",6859-09-23
"October 23, 1493",1493-10-23
"May 21, 2085",2085-05-21
"April 11, 5951",5951-04-11
"June 29, 4162",4162-06-29
"January 30, 4270",4270-01-30
"June 27, 1607",1607-06-27
"December 18, 3715",3715-12-18
"August 5, 6187",6187-08-05
"November 18, 3352",3352-11-18
"May 20, 8832",8832-05-20
"May 8, 3872",3872-05-08
"November 30, 2166",2166-11-30
"August 11, 5574",5574-08-11
"November 14, 6401",6401-11-14
"May 4, 7134",7134-05-04
"June 24, 2243",2243-06-24
"January 27, 2628",2628-01-27
"April 9, 6319",6319-04-09
"May 26, 9508",9508-05-26
"November 19, 6737",6737-11-19
"September 29, 8662",8662-09-29
"August 1, 6895",6895-08-01
"November 14, 2955",2955-11-14
"May 26, 3143",3143-05-26
"April 28, 1863",1863-04-28
"December 4, 1160",1160-12-04
"May 4, 2854",2854-05-04
"October 1, 8338",8338-10-01
"July 30, 2059",2059-07-30
"January 23, 6645",6645-01-23
"October 9, 7763",7763-10-09
"January 8, 7158",7158-01-08
"July 9, 3094",3094-07-09
"March 18, 2175",2175-03-18
"October 6, 8214",8214-10-06
"October 6, 3220",3220-10-06
"May 9, 3998",3998-05-09
"November 14, 6964",6964-11-14
"August 7, 5821",5821-08-07
"October 24, 2970",2970-10-24
"August 7, 7574",7574-08-07
"June 28, 7271",7271-06-28
"January 4, 4906",4906-01-04
"April 8, 9435",9435-04-08
"December 20, 6641",6641-12-20
"February 22, 9397",9397-02-22
"September 15, 8886",8886-09-15
"September 29, 7964",7964-09-29
"January 11, 6029",6029-01-11
"August 10, 3685",3685-08-10
"March 9, 9703",9703-03-09
"April 3, 5892",5892-04-03
"December 8, 3659",3659-12-08
"October 20, 7193",7193-10-20
"November 9, 3790",3790-11-09
"June 13, 2320",2320-06-13
"July 6, 6917",6917-07-06
"February 2, 3035",3035-02-02
"June 24, 7241",7241-06-24
"June 13, 8826",8826-06-13
"November 11, 4656",4656-11-11
"March 13, 5690",5690-03-13
"October 30, 1334",1334-10-30
"November 15, 4886",4886-11-15
"September 10, 3628",3628-09-10
"July 6, 7573",7573-07-06
"October 29, 9615",9615-10-29
"July 13, 6163",6163-07-13
"December 5, 9483",9483-12-05
"March 10, 1263",1263-03-10
"June 5, 6659",6659-06-05
"November 27, 9070",9070-11-27
"May 22, 7759",7759-05-22
"December 16, 7253",7253-12-16
"October 26, 9258",9258-10-26
"January 18, 8311",8311-01-18
"November 26, 5922",5922-11-26
"May 21, 5625",5625-05-21
"June 1, 8817",8817-06-01
"June 30, 2366",2366-06-30
"September 1, 6208",6208-09-01
"November 8, 6492",6492-11-08
"October 24, 9039",9039-10-24
"July 10, 1701",1701-07-10
"December 26, 5623",5623-12-26
"March 17, 6701",6701-03-17
"July 23, 3709",3709-07-23
"November 2, 5651",5651-11-02
"September 12, 6951",6951-09-12
"November 29, 9955",9955-11-29
"November 9, 2682",2682-11-09
"July 23, 1177",1177-07-23
"July 5, 5192",5192-07-05
"August 21, 9779",9779-08-21
"November 9, 1025",1025-11-09
"March 8, 5319",5319-03-08
"April 12, 7208",7208-04-12
"May 21, 2649",2649-05-21
"September 3, 1968",1968-09-03
"September 4, 8566",8566-09-04
"January 5, 2963",2963-01-05
"March 16, 3072",3072-03-16
"April 12, 3571",3571-04-12
"March 15, 8225",8225-03-15
"April 10, 5011",5011-04-10
"May 15, 4765",4765-05-15
"August 13, 8738",8738-08-13
"May 22, 2828",2828-05-22
"October 6, 1989",1989-10-06
"February 27, 5517",5517-02-27
"June 21, 8794",8794-06-21
"January 28, 8574",8574-01-28
"June 21, 5203",5203-06-21
"April 30, 1170",1170-04-30
"January 23, 9926",9926-01-23
"August 6, 4847",4847-08-06
"July 11, 7190",7190-07-11
"June 2, 6136",6136-06-02
"August 23, 2204",2204-08-23
"May 5, 8886",8886-05-05
"February 9, 4042",4042-02-09
"February 11, 5650",5650-02-11
"February 20, 7539",7539-02-20
"June 15, 2726",2726-06-15
"August 19, 9411",9411-08-19
"September 21, 1836",1836-09-21
"January 25, 7004",7004-01-25
"April 19, 8479",8479-04-19
"June 3, 9843",9843-06-03
"August 13, 3000",3000-08-13
"June 22, 1835",1835-06-22
"October 5, 7552",7552-10-05
"April 13, 2593",2593-04-13
"August 26, 4759",4759-08-26
"March 2, 7521",7521-03-02
"September 6, 5569",5569-09-06
"November 11, 6244",6244-11-11
"September 14, 9669",9669-09-14
"March 27, 7823",7823-03-27
"November 8, 1452",1452-11-08
"June 3, 7402",7402-06-03
"August 7, 7782",7782-08-07
"March 26, 7135",7135-03-26
"November 28, 9871",9871-11-28
"March 29, 8830",8830-03-29
"July 20, 4083",4083-07-20
"March 2, 3701",3701-03-02
"July 5, 5937",5937-07-05
"April 24, 8159",8159-04-24
"January 28, 7993",7993-01-28
"June 26, 7222",7222-06-26
"July 8, 4316",4316-07-08
"September 7, 9995",9995-09-07
"May 23, 7278",7278-05-23
"August 25, 1185",1185-08-25
"April 13, 2818",2818-04-13
"December 21, 2456",2456-12-21
"December 11, 1433",1433-12-11
"September 20, 4799",4799-09-20
"June 3, 1389",1389-06-03
"July 2, 7949",7949-07-02
"April 15, 8944",8944-04-15
"November 13, 9378",9378-11-13
"December 4, 3638",3638-12-04
"October 3, 8605",8605-10-03
"May 12, 7227",7227-05-12
"February 20, 5974",5974-02-20
"November 21, 9258",9258-11-21
"October 5, 7869",7869-10-05
"November 22, 9230",9230-11-22
"November 5, 8939",8939-11-05
"October 6, 3879",3879-10-06
"May 5, 6826",6826-05-05
"September 12, 4351",4351-09-12
"August 21, 8445",8445-08-21
"September 24, 2492",2492-09-24
"September 11, 4423",4423-09-11
"June 14, 7954",7954-06-14
"April 4, 4878",4878-04-04
"May 2, 9445",9445-05-02
"November 26, 8001",8001-11-26
"December 21, 6881",6881-12-21
"August 25, 7356",7356-08-25
"February 13, 8229",8229-02-13
"February 12, 1758",1758-02-12
"January 3, 8433",8433-01-03
"October 14, 1964",1964-10-14
"May 12, 4256",4256-05-12
"April 13, 4982",4982-04-13
"January 10, 6189",6189-01-10
"July 1, 8189",8189-07-01
"July 9, 7266",7266-07-09
"May 2, 6828",6828-05-02
"March 7, 6258",6258-03-07
"March 13, 9626",9626-03-13
"February 9, 1411",1411-02-09
"May 1, 8984",8984-05-01
"November 7, 8519",8519-11-07
"December 6, 6068",6068-12-06
"August 26, 2052",2052-08-26
"December 8, 5098",5098-12-08
"January 20, 3056",3056-01-20
"November 16, 3701",3701-11-16
"September 23, 7246",7246-09-23
"June 7, 5612",5612-06-07
"October 30, 6139",6139-10-30
"April 22, 5484",5484-04-22
"August 3, 6484",6484-08-03
"August 29, 3250",3250-08-29
"October 8, 7192",7192-10-08
"February 18, 9832",9832-02-18
"August 6, 8541",8541-08-06
"September 10, 3144",3144-09-10
"January 28, 1301",1301-01-28
"February 11, 8069",8069-02-11
"September 1, 6190",6190-09-01
"November 5, 4156",4156-11-05
"December 2, 5368",5368-12-02
"January 26, 9960",9960-01-26
"August 18, 1895",1895-08-18
"March 21, 8051",8051-03-21
"December 28, 1728",1728-12-28
"May 30, 9261",9261-05-30
"August 19, 8209",8209-08-19
"August 2, 8621",8621-08-02
"August 10, 6298",6298-08-10
"March 22, 6683",6683-03-22
"December 19, 8009",8009-12-19
"July 21, 7111",7111-07-21
"May 8, 6655",6655-05-08
"February 27, 5415",5415-02-27
"November 8, 7223",7223-11-08
"August 4, 2721",2721-08-04
"August 27, 8161",8161-08-27
"May 28, 7598",7598-05-28
"March 11, 6012",6012-03-11
"June 23, 6808",6808-06-23
"December 15, 6709",6709-12-15
"June 8, 9251",9251-06-08
"July 4, 2767",2767-07-04
"December 26, 2486",2486-12-26
"February 3, 4676",4676-02-03
"November 21, 6926",6926-11-21
"October 19, 7623",7623-10-19
"July 20, 3252",3252-07-20
"November 3, 6671",6671-11-03
"January 3, 9610",9610-01-03
"June 12, 1438",1438-06-12
"June 23, 8387",8387-06-23
"November 25, 7110",7110-11-25
"September 15, 4654",4654-09-15
"October 21, 8826",8826-10-21
"November 9, 7021",7021-11-09
"July 9, 1007",1007-07-09
"April 18, 5577",5577-04-18
"April 11, 8390",8390-04-11
"September 5, 3138",3138-09-05
"September 19, 8835",8835-09-19
"July 23, 8179",8179-07-23
"February 24, 3727",3727-02-24
"October 15, 5233",5233-10-15
"September 6, 1595",1595-09-06
"November 15, 8986",8986-11-15
"November 6, 4092",4092-11-06
"May 3, 1343",1343-05-03
"March 8, 8620",8620-03-08
"March 16, 5138",5138-03-16
"August 22, 9676",9676-08-22
"May 20, 5480",5480-05-20
"July 23, 5374",5374-07-23
"June 30, 9356",9356-06-30
"July 20, 8114",8114-07-20
"February 23, 4811",4811-02-23
"April 22, 8873",8873-04-22
"October 29, 6243",6243-10-29
"May 26, 7536",7536-05-26
"January 3, 1440",1440-01-03
"October 16, 1351",1351-10-16
"August 8, 8728",8728-08-08
"June 13, 2433",2433-06-13
"April 29, 2928",2928-04-29
"October 15, 4210",4210-10-15
"June 24, 7221",7221-06-24
"January 20, 3020",3020-01-20
"August 10, 9938",9938-08-10
"March 16, 9572",9572-03-16
"August 25, 4934",4934-08-25
"December 13, 5300",5300-12-13
"April 23, 4081",4081-04-23
"October 1, 3884",3884-10-01
"May 27, 3096",3096-05-27
"August 25, 7012",7012-08-25
"January 20, 5515",5515-01-20
"May 4, 6290",6290-05-04
"August 13, 7816",7816-08-13
"April 25, 5525",5525-04-25
"January 8, 3252",3252-01-08
"October 11, 2611",2611-10-11
"December 11, 5053",5053-12-11
"December 8, 8020",8020-12-08
"January 24, 4378",4378-01-24
"May 19, 3132",3132-05-19
"January 3, 8330",8330-01-03
"February 23, 3832",3832-02-23
"January 10, 8280",8280-01-10
"June 12, 2528",2528-06-12
"May 6, 8849",8849-05-06
"May 11, 7117",7117-05-11
"July 13, 9490",9490-07-13
"March 5, 7615",7615-03-05
"December 28, 4091",4091-12-28
"July 9, 5494",5494-07-09
"August 18, 3551",3551-08-18
"May 5, 3234",3234-05-05
"February 22, 7272",7272-02-22
"June 16, 7575",7575-06-16
"December 28, 2183",2183-12-28
"July 26, 4906",4906-07-26
"September 23, 5649",5649-09-23
"February 25, 2888",2888-02-25
"February 8, 3994",3994-02-08
"March 6, 1914",1914-03-06
"March 7, 8860",8860-03-07
"December 9, 8814",8814-12-09
"April 4, 4765",4765-04-04
"November 12, 3142",3142-11-12
"March 25, 7121",7121-03-25
"October 1, 9744",9744-10-01
"March 4, 4880",4880-03-04
"January 1, 9296",9296-01-01
"January 24, 6550",6550-01-24
"December 2, 3042",3042-12-02
"November 28, 4942",4942-11-28
"January 3, 5468",5468-01-03
"July 26, 2925",2925-07-26
"March 4, 7608",7608-03-04
"July 17, 2973",2973-07-17
"May 18, 5635",5635-05-18
"April 11, 7765",7765-04-11
"May 15, 3545",3545-05-15
"June 28, 8976",8976-06-28
"June 20, 3552",3552-06-20
"August 12, 4942",4942-08-12
"May 5, 7083",7083-05-05
"April 27, 7981",7981-04-27
"July 17, 9976",9976-07-17
"October 13, 8882",8882-10-13
"July 14, 5249",5249-07-14
"November 11, 2173",2173-11-11
"March 16, 3567",3567-03-16
"April 8, 6793",6793-04-08
"September 7, 2219",2219-09-07
"January 23, 7430",7430-01-23
"June 7, 9160",9160-06-07
"August 11, 5492",5492-08-11
"February 10, 5240",5240-02-10
"October 3, 5200",5200-10-03
"August 29, 1294",1294-08-29
"May 10, 8416",8416-05-10
"September 30, 6622",6622-09-30
"April 2, 6959",6959-04-02
"June 18, 4018",4018-06-18
"November 18, 5435",5435-11-18
"September 22, 7415",7415-09-22
"January 6, 4725",4725-01-06
"July 9, 1179",1179-07-09
"September 3, 8003",8003-09-03
"October 29, 4679",4679-10-29
"June 22, 9681",9681-06-22
"May 6, 6601",6601-05-06
"November 14, 9876",9876-11-14
"January 16, 8810",8810-01-16
"April 19, 4299",4299-04-19
"May 5, 4005",4005-05-05
"September 15, 3574",3574-09-15
"April 21, 1087",1087-04-21
"August 27, 3229",3229-08-27
"February 5, 4521",4521-02-05
"March 6, 8213",8213-03-06
"May 12, 8156",8156-05-12
"October 12, 2377",2377-10-12
"May 4, 8756",8756-05-04
"March 4, 6883",6883-03-04
"August 21, 7625",7625-08-21
"August 23, 1855",1855-08-23
"November 29, 2299",2299-11-29
"February 11, 6526",6526-02-11
"September 12, 7878",7878-09-12
"December 5, 6560",6560-12-05
"September 1, 2892",2892-09-01
"June 20, 1538",1538-06-20
"December 8, 3286",3286-12-08
"March 12, 6989",6989-03-12
"May 5, 9092",9092-05-05
"February 9, 4831",4831-02-09
"March 14, 7683",7683-03-14
"May 5, 3710",3710-05-05
"August 17, 4090",4090-08-17
"October 28, 1432",1432-10-28
"September 16, 1987",1987-09-16
"August 9, 5182",5182-08-09
"September 11, 3413",3413-09-11
"August 22, 5530",5530-08-22
"February 20, 4532",4532-02-20
"December 9, 2012",2012-12-09
"January 1, 4735",4735-01-01
"March 1, 4372",4372-03-01
"November 7, 6209",6209-11-07
"October 1, 2234",2234-10-01
"June 23, 4752",4752-06-23
"December 10, 4763",4763-12-10
"February 7, 3323",3323-02-07
"April 20, 2231",2231-04-20
"April 21, 3487",3487-04-21
"October 12, 9370",9370-10-12
"July 8, 2992",2992-07-08
"April 8, 5204",5204-04-08
"September 19, 8112",8112-09-19
"November 12, 3462",3462-11-12
"March 11, 5817",5817-03-11
"July 17, 6464",6464-07-17
"April 3, 9358",9358-04-03
"June 11, 7023",7023-06-11
"April 2, 2118",2118-04-02
"October 23, 3734",3734-10-23
"November 22, 5894",5894-11-22
"December 5, 6136",6136-12-05
"December 26, 4643",4643-12-26
"November 11, 1525",1525-11-11
"May 22, 1184",1184-05-22
"September 10, 8128",8128-09-10
"October 27, 4051",4051-10-27
"December 11, 2718",2718-12-11
"July 12, 9005",9005-07-12
"July 20, 8387",8387-07-20
"December 1, 2252",2252-12-01
"May 13, 4255",4255-05-13
"August 15, 9839",9839-08-15
"August 25, 2000",2000-08-25
"February 19, 1404",1404-02-19
"February 13, 9915",9915-02-13
"August 3, 5063",5063-08-03
"April 30, 3036",3036-04-30
"October 19, 6243",6243-10-19
"June 12, 5397",5397-06-12
"September 4, 8070",8070-09-04
"April 8, 7077",7077-04-08
"February 27, 2401",2401-02-27
"July 2, 8993",8993-07-02
"April 3, 7795",7795-04-03
"March 19, 7014",7014-03-19
"June 17, 6430",6430-06-17
"November 20, 7447",7447-11-20
"August 26, 1690",1690-08-26
"May 30, 7948",7948-05-30
"October 9, 9411",9411-10-09
"August 22, 2511",2511-08-22
"November 17, 9701",9701-11-17
"April 29, 6489",6489-04-29
"March 31, 1077",1077-03-31
"November 23, 4119",4119-11-23
"June 7, 5145",5145-06-07
"April 18, 2490",2490-04-18
"October 6, 3698",3698-10-06
"July 8, 6905",6905-07-08
"May 17, 7049",7049-05-17
"August 13, 7405",7405-08-13
"October 10, 9807",9807-10-10
"December 6, 4999",4999-12-06
"August 21, 5618",5618-08-21
"May 30, 2869",2869-05-30
"July 13, 2571",2571-07-13
"November 7, 4799",4799-11-07
"January 16, 7401",7401-01-16
"September 2, 9909",9909-09-02
"September 24, 5916",5916-09-24
"February 20, 5778",5778-02-20
"April 15, 1670",1670-04-15
"December 2, 4725",4725-12-02
"December 24, 9875",9875-12-24
"June 17, 7701",7701-06-17
"October 3, 6815",6815-10-03
"August 3, 5771",5771-08-03
"December 22, 9661",9661-12-22
"February 4, 6165",6165-02-04
"September 9, 7188",7188-09-09
"January 26, 6078",6078-01-26
"February 9, 4210",4210-02-09
"August 1, 4429",4429-08-01
"July 15, 2924",2924-07-15
"April 3, 2587",2587-04-03
"February 11, 6658",6658-02-11
"August 7, 9108",9108-08-07
"March 15, 4880",4880-03-15
"January 13, 6859",6859-01-13
"April 3, 4873",4873-04-03
"February 1, 9507",9507-02-01
"February 25, 8686",8686-02-25
"December 24, 4210",4210-12-24
"August 25, 7216",7216-08-25
"August 17, 8259",8259-08-17
"February 7, 4899",4899-02-07
"March 15, 9416",9416-03-15
"January 21, 7756",7756-01-21
"September 5, 5845",5845-09-05
"September 14, 5176",5176-09-14
"January 25, 4644",4644-01-25
"February 6, 9184",9184-02-06
"November 23, 8046",8046-11-23
"August 29, 4307",4307-08-29
"July 2, 3041",3041-07-02
"February 18, 6765",6765-02-18
"March 14, 2480",2480-03-14
"March 28, 4497",4497-03-28
"May 2, 8055",8055-05-02
"August 15, 2362",2362-08-15
"November 20, 1952",1952-11-20
"March 19, 8960",8960-03-19
"March 22, 5916",5916-03-22
"December 12, 4815",4815-12-12
"August 20, 1291",1291-08-20
"March 18, 2563",2563-03-18
"November 11, 1071",1071-11-11
"June 24, 1452",1452-06-24
"May 11, 1492",1492-05-11
"October 16, 2790",2790-10-16
"August 25, 4523",4523-08-25
"September 8, 5277",5277-09-08
"December 5, 8339",8339-12-05
"May 1, 3636",3636-05-01
"March 15, 7733",7733-03-15
"October 20, 8433",8433-10-20
"March 24, 3665",3665-03-24
"May 31, 1835",1835-05-31
"December 21, 3714",3714-12-21
"October 28, 2505",2505-10-28
"December 14, 8379",8379-12-14
"January 15, 2329",2329-01-15
"June 1, 4743",4743-06-01
"August 20, 4644",4644-08-20
"February 26, 1795",1795-02-26
"July 16, 3392",3392-07-16
"December 18, 1063",1063-12-18
"June 4, 4720",4720-06-04
"August 16, 4903",4903-08-16
"March 19, 6518",6518-03-19
"January 9, 1388",1388-01-09
"December 31, 6991",6991-12-31
"September 15, 3343",3343-09-15
"December 5, 8273",8273-12-05
"March 9, 8269",8269-03-09
"May 18, 5888",5888-05-18
"September 5, 7379",7379-09-05
"September 8, 9476",9476-09-08
"September 24, 3091",3091-09-24
"October 8, 8831",8831-10-08
"August 8, 2152",2152-08-08
"April 22, 4260",4260-04-22
"July 19, 4482",4482-07-19
"July 7, 4265",4265-07-07
"April 15, 6969",6969-04-15
"July 5, 7026",7026-07-05
"May 4, 8084",8084-05-04
"December 31, 5398",5398-12-31
"September 4, 5430",5430-09-04
"May 18, 7734",7734-05-18
"May 30, 8119",8119-05-30
"September 26, 9230",9230-09-26
"March 14, 6634",6634-03-14
"June 22, 2654",2654-06-22
"January 14, 6737",6737-01-14
"November 2, 8927",8927-11-02
"May 7, 3550",3550-05-07
"May 26, 5858",5858-05-26
"March 11, 6156",6156-03-11
"October 5, 8318",8318-10-05
"January 2, 6065",6065-01-02
"November 10, 9260",9260-11-10
"November 21, 4360",4360-11-21
"August 21, 8385",8385-08-21
"December 10, 5745",5745-12-10
"February 25, 2719",2719-02-25
"February 11, 9577",9577-02-11
"February 5, 1073",1073-02-05
"November 4, 2489",2489-11-04
"May 19, 5206",5206-05-19
"September 1, 6917",6917-09-01
"July 3, 9483",9483-07-03
"November 2, 9080",9080-11-02
"November 27, 2925",2925-11-27
"July 21, 5235",5235-07-21
"April 15, 4306",4306-04-15
"October 23, 3401",3401-10-23
"March 8, 1799",1799-03-08
"May 28, 7038",7038-05-28
"June 20, 3508",3508-06-20
"March 20, 2985",2985-03-20
"June 1, 9125",9125-06-01
"October 16, 7239",7239-10-16
"September 3, 2215",2215-09-03
"December 15, 9463",9463-12-15
"August 28, 2535",2535-08-28
"October 2, 3186",3186-10-02
"July 2, 1722",1722-07-02
"April 30, 2450",2450-04-30
"October 20, 3298",3298-10-20
"September 21, 7965",7965-09-21
"August 7, 2644",2644-08-07
"August 18, 8408",8408-08-18
"May 9, 1081",1081-05-09
"March 20, 8199",8199-03-20
"January 2, 4501",4501-01-02
"July 22, 8166",8166-07-22
"June 6, 2063",2063-06-06
"May 9, 1677",1677-05-09
"February 13, 5331",5331-02-13
"April 24, 9478",9478-04-24
"March 10, 1093",1093-03-10
"October 25, 2031",2031-10-25
"October 11, 6966",6966-10-11
"August 7, 3810",3810-08-07
"December 4, 5769",5769-12-04
"March 10, 4013",4013-03-10
"August 31, 6621",6621-08-31
"February 10, 2839",2839-02-10
"March 1, 3342",3342-03-01
"January 3, 9240",9240-01-03
"July 10, 7347",7347-07-10
"January 20, 6319",6319-01-20
"December 5, 4961",4961-12-05
"March 12, 1278",1278-03-12
"March 6, 7115",7115-03-06
"June 23, 2895",2895-06-23
"March 10, 9807",9807-03-10
"May 15, 6416",6416-05-15
"September 3, 5639",5639-09-03
"May 3, 6956",6956-05-03
"May 7, 9109",9109-05-07
"February 17, 2000",2000-02-17
"May 30, 8638",8638-05-30
"November 4, 6236",6236-11-04
"December 5, 3031",3031-12-05
"September 9, 3074",3074-09-09
"April 10, 5020",5020-04-10
"January 18, 6513",6513-01-18
"May 27, 6331",6331-05-27
"July 3, 4684",4684-07-03
"August 26, 3989",3989-08-26
"April 8, 9576",9576-04-08
"September 15, 5170",5170-09-15
"April 8, 7454",7454-04-08
"August 30, 8208",8208-08-30
"May 25, 4050",4050-05-25
"February 27, 6556",6556-02-27
"December 11, 2557",2557-12-11
"April 3, 5351",5351-04-03
"February 23, 2777",2777-02-23
"August 29, 7559",7559-08-29
"June 11, 1375",1375-06-11
"March 1, 4737",4737-03-01
"October 17, 2635",2635-10-17
"November 24, 8103",8103-11-24
"March 19, 2036",2036-03-19
"April 21, 6867",6867-04-21
"October 2, 9905",9905-10-02
"July 18, 8691",8691-07-18
"September 17, 9519",9519-09-17
"August 30, 6208",6208-08-30
"June 25, 5391",5391-06-25
"July 8, 8552",8552-07-08
"August 16, 7359",7359-08-16
"July 28, 3768",3768-07-28
"December 10, 9377",9377-12-10
"March 14, 2174",2174-03-14
"April 9, 5507",5507-04-09
"September 27, 1609",1609-09-27
"October 19, 7308",7308-10-19
"January 10, 3086",3086-01-10
"July 21, 9248",9248-07-21
"June 20, 6047",6047-06-20
"September 17, 2388",2388-09-17
"October 4, 8411",8411-10-04
"March 16, 6383",6383-03-16
"December 9, 3015",3015-12-09
"March 2, 1727",1727-03-02
"December 5, 6249",6249-12-05
"October 15, 8894",8894-10-15
"October 6, 3469",3469-10-06
"June 11, 3277",3277-06-11
"January 27, 6086",6086-01-27
"December 26, 9235",9235-12-26
"July 23, 9363",9363-07-23
"January 17, 3495",3495-01-17
"April 30, 7482",7482-04-30
"April 26, 8526",8526-04-26
"October 30, 7689",7689-10-30
"August 29, 3137",3137-08-29
"February 1, 1336",1336-02-01
"August 16, 4741",4741-08-16
"August 7, 3087",3087-08-07
"June 5, 2981",2981-06-05
"February 28, 2782",2782-02-28
"January 2, 7622",7622-01-02
"October 9, 7509",7509-10-09
"March 25, 8060",8060-03-25
"August 17, 3458",3458-08-17
"April 19, 9509",9509-04-19
"July 25, 5730",5730-07-25
"November 28, 2965",2965-11-28
"August 30, 2157",2157-08-30
"April 3, 9415",9415-04-03
"August 27, 5904",5904-08-27
"August 16, 4754",4754-08-16
"July 29, 8547",8547-07-29
"December 12, 7719",7719-12-12
"June 9, 1865",1865-06-09
"August 15, 8353",8353-08-15
"October 24, 4481",4481-10-24
"April 4, 3713",3713-04-04
"January 3, 7352",7352-01-03
"July 22, 7323",7323-07-22
"March 7, 2652",2652-03-07
"May 10, 3715",3715-05-10
"October 3, 2912",2912-10-03
"May 9, 4733",4733-05-09
"June 22, 8502",8502-06-22
"July 3, 5176",5176-07-03
"November 24, 9066",9066-11-24
"December 28, 3807",3807-12-28
"December 29, 7632",7632-12-29
"January 12, 7203",7203-01-12
"April 25, 3333",3333-04-25
"February 4, 4677",4677-02-04
"March 31, 7384",7384-03-31
"August 29, 4537",4537-08-29
"July 31, 4063",4063-07-31
"September 20, 5798",5798-09-20
"October 19, 2402",2402-10-19
"September 3, 6616",6616-09-03
"March 2, 9323",9323-03-02
"May 31, 8402",8402-05-31
"March 25, 6317",6317-03-25
"September 29, 9464",9464-09-29
"November 28, 9539",9539-11-28
"August 4, 6662",6662-08-04
"May 17, 3513",3513-05-17
"April 24, 2855",2855-04-24
"January 1, 5514",5514-01-01
"June 11, 4328",4328-06-11
"January 3, 3838",3838-01-03
"August 15, 1224",1224-08-15
"August 24, 7557",7557-08-24
"September 23, 4819",4819-09-23
"August 29, 3997",3997-08-29
"August 26, 3915",3915-08-26
"January 14, 7633",7633-01-14
"January 4, 9899",9899-01-04
"March 10, 6720",6720-03-10
"December 7, 8018",8018-12-07
"June 3, 9216",9216-06-03
"December 18, 9325",9325-12-18
"August 7, 2337",2337-08-07
"May 4, 3072",3072-05-04
"March 10, 6131",6131-03-10
"August 7, 7931",7931-08-07
"July 7, 7686",7686-07-07
"December 18, 6038",6038-12-18
"November 14, 1030",1030-11-14
"January 29, 3145",3145-01-29
"August 22, 7557",7557-08-22
"December 12, 3001",3001-12-12
"June 2, 6054",6054-06-02
"July 4, 1802",1802-07-04
"May 16, 2861",2861-05-16
"August 15, 1636",1636-08-15
"May 3, 4802",4802-05-03
"August 4, 3830",3830-08-04
"May 12, 8656",8656-05-12
"January 15, 7843",7843-01-15
"March 14, 6380",6380-03-14
"August 17, 9724",9724-08-17
"November 13, 7051",7051-11-13
"May 29, 6715",6715-05-29
"January 6, 9254",9254-01-06
"January 22, 2292",2292-01-22
"March 20, 3460",3460-03-20
"September 25, 6630",6630-09-25
"June 20, 9129",9129-06-20
"September 23, 4753",4753-09-23
"November 25, 2587",2587-11-25
"August 28, 7655",7655-08-28
"June 12, 7411",7411-06-12
"May 13, 6959",6959-05-13
"October 30, 3790",3790-10-30
"July 18, 2500",2500-07-18
"October 24, 2713",2713-10-24
"June 11, 1322",1322-06-11
"December 22, 8753",8753-12-22
"April 12, 9644",9644-04-12
"October 14, 2131",2131-10-14
"January 12, 2547",2547-01-12
"July 26, 5183",5183-07-26
"July 5, 5560",5560-07-05
"November 20, 9373",9373-11-20
"May 12, 9338",9338-05-12
"June 15, 1623",1623-06-15
"October 13, 7292",7292-10-13
"December 24, 3163",3163-12-24
"September 21, 2989",2989-09-21
"June 10, 1432",1432-06-10
"August 18, 1510",1510-08-18
"September 26, 4046",4046-09-26
"December 29, 9738",9738-12-29
"May 2, 7364",7364-05-02
"November 11, 6614",6614-11-11
"September 24, 7965",7965-09-24
"December 4, 8877",8877-12-04
"October 18, 6346",6346-10-18
"September 5, 6955",6955-09-05
"July 20, 6781",6781-07-20
"September 26, 6809",6809-09-26
"April 10, 7533",7533-04-10
"January 26, 6034",6034-01-26
"May 18, 5011",5011-05-18
"March 2, 8850",8850-03-02
"April 15, 3418",3418-04-15
"October 25, 8961",8961-10-25
"August 28, 9497",9497-08-28
"September 6, 9291",9291-09-06
"May 29, 9095",9095-05-29
"February 13, 5274",5274-02-13
"July 26, 8663",8663-07-26
"June 3, 6906",6906-06-03
"November 2, 5103",5103-11-02
"July 10, 3120",3120-07-10
"April 10, 3719",3719-04-10
"December 21, 8319",8319-12-21
"August 13, 7143",7143-08-13
"July 8, 5528",5528-07-08
"February 18, 1699",1699-02-18
"September 6, 9619",9619-09-06
"December 12, 9825",9825-12-12
"May 16, 1464",1464-05-16
"August 21, 3319",3319-08-21
"February 3, 1199",1199-02-03
"December 9, 4193",4193-12-09
"March 29, 4469",4469-03-29
"June 7, 3713",3713-06-07
"December 7, 5453",5453-12-07
"August 9, 8411",8411-08-09
"October 9, 1941",1941-10-09
"April 10, 7576",7576-04-10
"November 25, 7589",7589-11-25
"March 10, 4683",4683-03-10
"March 27, 2257",2257-03-27
"December 5, 6284",6284-12-05
"August 11, 1762",1762-08-11
"July 10, 4983",4983-07-10
"November 19, 2871",2871-11-19
"February 25, 3412",3412-02-25
"August 3, 9359",9359-08-03
"August 4, 7551",7551-08-04
"July 6, 2074",2074-07-06
"April 17, 1262",1262-04-17
"February 7, 9945",9945-02-07
"July 14, 2713",2713-07-14
"December 13, 8382",8382-12-13
"March 17, 7628",7628-03-17
"April 12, 2923",2923-04-12
"April 8, 9948",9948-04-08
"May 11, 9380",9380-05-11
"July 2, 7739",7739-07-02
"June 3, 9604",9604-06-03
"February 21, 4999",4999-02-21
"March 20, 8625",8625-03-20
"December 13, 1275",1275-12-13
"December 12, 2061",2061-12-12
"February 17, 4477",4477-02-17
"May 25, 3283",3283-05-25
"October 22, 6488",6488-10-22
"January 28, 4183",4183-01-28
"June 20, 8507",8507-06-20
"July 25, 9439",9439-07-25
"July 2, 6872",6872-07-02
"August 18, 3214",3214-08-18
"December 28, 1650",1650-12-28
"November 22, 8028",8028-11-22
"August 10, 3254",3254-08-10
"May 31, 1056",1056-05-31
"November 13, 7620",7620-11-13
"May 30, 5772",5772-05-30
"May 30, 6398",6398-05-30
"February 5, 1949",1949-02-05
"May 8, 3416",3416-05-08
"August 22, 8886",8886-08-22
"May 10, 7815",7815-05-10
"April 5, 6740",6740-04-05
"March 1, 2067",2067-03-01
"January 17, 7990",7990-01-17
"July 28, 2322",2322-07-28
"March 29, 2667",2667-03-29
"May 28, 5568",5568-05-28
"December 31, 1555",1555-12-31
"June 19, 8272",8272-06-19
"March 30, 2733",2733-03-30
"March 14, 9403",9403-03-14
"January 26, 2743",2743-01-26
"January 17, 2327",2327-01-17
"December 6, 3379",3379-12-06
"July 29, 2807",2807-07-29
"December 24, 2355",2355-12-24
"October 14, 8886",8886-10-14
"February 23, 9043",9043-02-23
"June 3, 6286",6286-06-03
"July 25, 5709",5709-07-25
"September 18, 6357",6357-09-18
"April 4, 9643",9643-04-04
"April 14, 8581",8581-04-14
"July 8, 2603",2603-07-08
"May 31, 1614",1614-05-31
"July 10, 2322",2322-07-10
"March 15, 7957",7957-03-15
"March 13, 9858",9858-03-13
"January 8, 9567",9567-01-08
"July 2, 8733",8733-07-02
"October 4, 2024",2024-10-04
"May 6, 2331",2331-05-06
"April 25, 2294",2294-04-25
"June 4, 5393",5393-06-04
"May 29, 5624",5624-05-29
"February 6, 2200",2200-02-06
"February 26, 2487",2487-02-26
"March 4, 3075",3075-03-04
"August 8, 1480",1480-08-08
"January 8, 2389",2389-01-08
"March 23, 8091",8091-03-23
"May 22, 9287",9287-05-22
"July 12, 1366",1366-07-12
"May 2, 6127",6127-05-02
"August 14, 2561",2561-08-14
"August 25, 9302",9302-08-25
"March 7, 4938",4938-03-07
"November 29, 8598",8598-11-29
"July 2, 9527",9527-07-02
"August 12, 7076",7076-08-12
"December 30, 9726",9726-12-30
"August 27, 6025",6025-08-27
"September 4, 3855",3855-09-04
"March 13, 3273",3273-03-13
"December 29, 8153",8153-12-29
"August 28, 9575",9575-08-28
"May 17, 9379",9379-05-17
"July 9, 3458",3458-07-09
"February 27, 1425",1425-02-27
"September 24, 4371",4371-09-24
"April 18, 7567",7567-04-18
"December 17, 3209",3209-12-17
"August 4, 5954",5954-08-04
"January 12, 5367",5367-01-12
"July 29, 4873",4873-07-29
"March 16, 3393",3393-03-16
"December 3, 7156",7156-12-03
"December 26, 1153",1153-12-26
"January 22, 8583",8583-01-22
"September 14, 3053",3053-09-14
"December 27, 6228",6228-12-27
"July 18, 8471",8471-07-18
"April 4, 8638",8638-04-04
"November 28, 4461",4461-11-28
"September 26, 9918",9918-09-26
"November 17, 6982",6982-11-17
"January 15, 2190",2190-01-15
"April 26, 2718",2718-04-26
"August 13, 9777",9777-08-13
"November 24, 4238",4238-11-24
"September 10, 3022",3022-09-10
"August 18, 2153",2153-08-18
"September 5, 2034",2034-09-05
"July 9, 4266",4266-07-09
"October 14, 1260",1260-10-14
"April 19, 7412",7412-04-19
"October 15, 8843",8843-10-15
"July 18, 5533",5533-07-18
"April 5, 8181",8181-04-05
"October 16, 7026",7026-10-16
"September 23, 2614",2614-09-23
"October 7, 4871",4871-10-07
"May 24, 1100",1100-05-24
"June 30, 7619",7619-06-30
"September 23, 8635",8635-09-23
"January 1, 4751",4751-01-01
"February 1, 2546",2546-02-01
"January 6, 2724",2724-01-06
"December 13, 7847",7847-12-13
"July 2, 4292",4292-07-02
"December 24, 5312",5312-12-24
"March 5, 2479",2479-03-05
"July 17, 1196",1196-07-17
"June 4, 7791",7791-06-04
"November 6, 3223",3223-11-06
"September 19, 9045",9045-09-19
"May 10, 5211",5211-05-10
"December 25, 5018",5018-12-25
"April 12, 9286",9286-04-12
"June 19, 5369",5369-06-19
"February 13, 1758",1758-02-13
"February 17, 9522",9522-02-17
"October 1, 9451",9451-10-01
"July 26, 8523",8523-07-26
"March 13, 1014",1014-03-13
"August 4, 3464",3464-08-04
"July 8, 9218",9218-07-08
"January 2, 8659",8659-01-02
"September 8, 7532",7532-09-08
"July 25, 7846",7846-07-25
"August 3, 4964",4964-08-03
"March 27, 2472",2472-03-27
"April 1, 9948",9948-04-01
"January 25, 8976",8976-01-25
"March 20, 7700",7700-03-20
"April 14, 6702",6702-04-14
"March 28, 1196",1196-03-28
"June 16, 9915",9915-06-16
"November 4, 2115",2115-11-04
"March 5, 3628",3628-03-05
"July 6, 6210",6210-07-06
"July 15, 2362",2362-07-15
"April 14, 2629",2629-04-14
"April 20, 4163",4163-04-20
"July 29, 3190",3190-07-29
"June 21, 5867",5867-06-21
"October 21, 5122",5122-10-21
"June 26, 7312",7312-06-26
"December 31, 4750",4750-12-31
"January 4, 7197",7197-01-04
"December 7, 5210",5210-12-07
"May 24, 5448",5448-05-24
"November 3, 4524",4524-11-03
"January 31, 9757",9757-01-31
"September 12, 2496",2496-09-12
"September 3, 3434",3434-09-03
"July 18, 1310",1310-07-18
"May 12, 3978",3978-05-12
"September 7, 1860",1860-09-07
"April 3, 9528",9528-04-03
"March 28, 9940",9940-03-28
"May 27, 2793",2793-05-27
"July 3, 1294",1294-07-03
"June 3, 2617",2617-06-03
"May 29, 6533",6533-05-29
"December 30, 1617",1617-12-30
"May 14, 5851",5851-05-14
"October 12, 2413",2413-10-12
"January 12, 5155",5155-01-12
"October 28, 8053",8053-10-28
"October 25, 2859",2859-10-25
"March 20, 6504",6504-03-20
"June 30, 3650",3650-06-30
"June 11, 7402",7402-06-11
"October 1, 6682",6682-10-01
"August 26, 4191",4191-08-26
"July 25, 1692",1692-07-25
"April 28, 2910",2910-04-28
"June 15, 7879",7879-06-15
"March 27, 8113",8113-03-27
"June 16, 1706",1706-06-16
"July 22, 6088",6088-07-22
"November 22, 9254",9254-11-22
"December 21, 9285",9285-12-21
"May 25, 1980",1980-05-25
"December 27, 5951",5951-12-27
"April 21, 5894",5894-04-21
"August 30, 7784",7784-08-30
"January 3, 1257",1257-01-03
"March 3, 5735",5735-03-03
"July 29, 3620",3620-07-29
"September 22, 2492",2492-09-22
"June 24, 2452",2452-06-24
"June 24, 4231",4231-06-24
"May 5, 7098",7098-05-05
"June 6, 8465",8465-06-06
"March 15, 2229",2229-03-15
"November 18, 4931",4931-11-18
"April 9, 4668",4668-04-09
"December 7, 3997",3997-12-07
"April 14, 2821",2821-04-14
"December 11, 8859",8859-12-11
"August 7, 8254",8254-08-07
"December 14, 8372",8372-12-14
"January 7, 1087",1087-01-07
"June 29, 3547",3547-06-29
"April 28, 9052",9052-04-28
"March 6, 9157",9157-03-06
"January 24, 4278",4278-01-24
"November 16, 1371",1371-11-16
"June 6, 3867",3867-06-06
"June 27, 1673",1673-06-27
"December 12, 2431",2431-12-12
"August 13, 1193",1193-08-13
"June 25, 8075",8075-06-25
"September 12, 5170",5170-09-12
"January 24, 5657",5657-01-24
"April 27, 6700",6700-04-27
"September 4, 7481",7481-09-04
"February 26, 9824",9824-02-26
"August 30, 8347",8347-08-30
"July 19, 6184",6184-07-19
"June 21, 5232",5232-06-21
"September 28, 5859",5859-09-28
"December 7, 4539",4539-12-07
"March 20, 8153",8153-03-20
"January 31, 1745",1745-01-31
"February 19, 5259",5259-02-19
"January 31, 6085",6085-01-31
"September 28, 7776",7776-09-28
"March 12, 8775",8775-03-12
"August 15, 9938",9938-08-15
"August 31, 4996",4996-08-31
"July 23, 5271",5271-07-23
"May 1, 4273",4273-05-01
"June 28, 5882",5882-06-28
"September 21, 2980",2980-09-21
"February 2, 3826",3826-02-02
"August 13, 3885",3885-08-13
"March 20, 6507",6507-03-20
"February 22, 2222",2222-02-22
"August 21, 2571",2571-08-21
"July 13, 3883",3883-07-13
"July 7, 6302",6302-07-07
"January 5, 5986",5986-01-05
"May 17, 1031",1031-05-17
"August 19, 2269",2269-08-19
"September 13, 1506",1506-09-13
"September 24, 7372",7372-09-24
"February 9, 1682",1682-02-09
"September 13, 9832",9832-09-13
"December 2, 2360",2360-12-02
"July 27, 9998",9998-07-27
"September 5, 6904",6904-09-05
"April 25, 2408",2408-04-25
"October 7, 1444",1444-10-07
"August 18, 3379",3379-08-18
"December 26, 1305",1305-12-26
"October 14, 9459",9459-10-14
"October 29, 5737",5737-10-29
"February 15, 7360",7360-02-15
"July 9, 3639",3639-07-09
"September 10, 2152",2152-09-10
"November 19, 6159",6159-11-19
"October 23, 5577",5577-10-23
"June 6, 4171",4171-06-06
"February 6, 9767",9767-02-06
"April 21, 2033",2033-04-21
"April 23, 6615",6615-04-23
"November 26, 2858",2858-11-26
"October 26, 5866",5866-10-26
"October 4, 6928",6928-10-04
"June 21, 1489",1489-06-21
"May 14, 7251",7251-05-14
"October 9, 1150",1150-10-09
"May 1, 6935",6935-05-01
"October 31, 2118",2118-10-31
"November 13, 9345",9345-11-13
"April 3, 8696",8696-04-03
"October 21, 5205",5205-10-21
"December 1, 6141",6141-12-01
"May 14, 2233",2233-05-14
"February 4, 2701",2701-02-04
"November 19, 7806",7806-11-19
"January 16, 1350",1350-01-16
"October 27, 9265",9265-10-27
"April 26, 2242",2242-04-26
"August 27, 4935",4935-08-27
"December 15, 9087",9087-12-15
"March 25, 1698",1698-03-25
"February 22, 6322",6322-02-22
"August 15, 1969",1969-08-15
"November 18, 3244",3244-11-18
"November 5, 6837",6837-11-05
"June 27, 1487",1487-06-27
"January 20, 5692",5692-01-20
"August 28, 6201",6201-08-28
"July 1, 2167",2167-07-01
"September 30, 3830",3830-09-30
"October 10, 1618",1618-10-10
"October 24, 6304",6304-10-24
"June 21, 9183",9183-06-21
"December 2, 3631",3631-12-02
"February 28, 4814",4814-02-28
"May 2, 1915",1915-05-02
"November 24, 1548",1548-11-24
"February 17, 4304",4304-02-17
"December 23, 5146",5146-12-23
"April 15, 7094",7094-04-15
"April 14, 4164",4164-04-14
"April 27, 6650",6650-04-27
"October 20, 4447",4447-10-20
"December 1, 3290",3290-12-01
"July 14, 5600",5600-07-14
"May 30, 3009",3009-05-30
"July 2, 2311",2311-07-02
"March 17, 9085",9085-03-17
"February 22, 3257",3257-02-22
"September 5, 1284",1284-09-05
"February 27, 1200",1200-02-27
"October 1, 7489",7489-10-01
"June 23, 5996",5996-06-23
"November 14, 3086",3086-11-14
"January 8, 5007",5007-01-08
"September 29, 7105",7105-09-29
"October 2, 7064",7064-10-02
"February 17, 8767",8767-02-17
"July 6, 5080",5080-07-06
"February 9, 6131",6131-02-09
"December 20, 5890",5890-12-20
"August 30, 9077",9077-08-30
"January 16, 5932",5932-01-16
"January 28, 7846",7846-01-28
"February 3, 3914",3914-02-03
"November 15, 6697",6697-11-15
"November 17, 1340",1340-11-17
"February 9, 3349",3349-02-09
"September 26, 2383",2383-09-26
"April 9, 7445",7445-04-09
"October 11, 1062",1062-10-11
"October 20, 4832",4832-10-20
"October 31, 3284",3284-10-31
"February 2, 8706",8706-02-02
"October 29, 9922",9922-10-29
"December 3, 3300",3300-12-03
"February 16, 7970",7970-02-16
"January 27, 5623",5623-01-27
"February 26, 2798",2798-02-26
"October 10, 6046",6046-10-10
"May 19, 3919",3919-05-19
"October 17, 6023",6023-10-17
"March 25, 5520",5520-03-25
"February 23, 6016",6016-02-23
"January 25, 2710",2710-01-25
"June 11, 1906",1906-06-11
"May 26, 5056",5056-05-26
"August 10, 7719",7719-08-10
"October 23, 1735",1735-10-23
"June 27, 7024",7024-06-27
"May 11, 3762",3762-05-11
"April 16, 2587",2587-04-16
"July 12, 9032",9032-07-12
"October 3, 6454",6454-10-03
"December 19, 1217",1217-12-19
"June 12, 1368",1368-06-12
"March 27, 1661",1661-03-27
"September 10, 4054",4054-09-10
"September 19, 5627",5627-09-19
"June 14, 5763",5763-06-14
"January 3, 5887",5887-01-03
"April 13, 2150",2150-04-13
"October 29, 4566",4566-10-29
"May 27, 4793",4793-05-27
"May 12, 8198",8198-05-12
"June 16, 7767",7767-06-16
"April 29, 1286",1286-04-29
"March 26, 9671",9671-03-26
"September 19, 1778",1778-09-19
"August 10, 2337",2337-08-10
"October 24, 1580",1580-10-24
"May 22, 6132",6132-05-22
"April 9, 7758",7758-04-09
"January 22, 6577",6577-01-22
"April 1, 8654",8654-04-01
"December 20, 6366",6366-12-20
"September 7, 2427",2427-09-07
"July 4, 3897",3897-07-04
"December 3, 1428",1428-12-03
"August 18, 1225",1225-08-18
"June 27, 9601",9601-06-27
"December 14, 8522",8522-12-14
"September 5, 4016",4016-09-05
"May 25, 7724",7724-05-25
"August 1, 3709",3709-08-01
"September 7, 7245",7245-09-07
"July 20, 9822",9822-07-20
"May 10, 7339",7339-05-10
"April 1, 1780",1780-04-01
"September 1, 9209",9209-09-01
"May 13, 7464",7464-05-13
"May 23, 9696",9696-05-23
"October 9, 9037",9037-10-09
"September 29, 9124",9124-09-29
"January 7, 8247",8247-01-07
"August 16, 8997",8997-08-16
"June 24, 4095",4095-06-24
"July 14, 7593",7593-07-14
"October 5, 1034",1034-10-05
"November 17, 4617",4617-11-17
"October 4, 3862",3862-10-04
"September 21, 8667",8667-09-21
"April 16, 9127",9127-04-16
"May 19, 1755",1755-05-19
"June 21, 4636",4636-06-21
"July 26, 2976",2976-07-26
"September 21, 1485",1485-09-21
"April 25, 3934",3934-04-25
"June 2, 8011",8011-06-02
"October 16, 7991",7991-10-16
"November 22, 6762",6762-11-22
"March 16, 1435",1435-03-16
"April 7, 7771",7771-04-07
"November 8, 4417",4417-11-08
"February 14, 8425",8425-02-14
"June 9, 7866",7866-06-09
"April 12, 6706",6706-04-12
"January 12, 5536",5536-01-12
"May 31, 9995",9995-05-31
"April 28, 7960",7960-04-28
"December 27, 7076",7076-12-27
"May 29, 6659",6659-05-29
"September 2, 8336",8336-09-02
"August 30, 3568",3568-08-30
"September 9, 8441",8441-09-09
"October 19, 1747",1747-10-19
"May 18, 3281",3281-05-18
"October 5, 6319",6319-10-05
"December 22, 7778",7778-12-22
"July 4, 6041",6041-07-04
"January 24, 8868",8868-01-24
"March 24, 2381",2381-03-24
"October 31, 5760",5760-10-31
"April 13, 5389",5389-04-13
"June 21, 7924",7924-06-21
"February 11, 7391",7391-02-11
"August 22, 9611",9611-08-22
"April 16, 4360",4360-04-16
"December 19, 2171",2171-12-19
"June 21, 5718",5718-06-21
"October 14, 5386",5386-10-14
"July 3, 2143",2143-07-03
"August 17, 2704",2704-08-17
"September 20, 3483",3483-09-20
"January 15, 6569",6569-01-15
"November 2, 4291",4291-11-02
"November 23, 1563",1563-11-23
"October 19, 6569",6569-10-19
"November 23, 6510",6510-11-23
"May 8, 7557",7557-05-08
"August 22, 4056",4056-08-22
"September 18, 3850",3850-09-18
"February 11, 3679",3679-02-11
"May 24, 3000",3000-05-24
"October 2, 9752",9752-10-02
"May 25, 4701",4701-05-25
"February 13, 6017",6017-02-13
"September 5, 3101",3101-09-05
"April 21, 3422",3422-04-21
"January 21, 9463",9463-01-21
"November 18, 8910",8910-11-18
"July 9, 6918",6918-07-09
"December 9, 8690",8690-12-09
"July 13, 7786",7786-07-13
"February 22, 7834",7834-02-22
"December 25, 4319",4319-12-25
"May 20, 7693",7693-05-20
"January 3, 7528",7528-01-03
"June 5, 2308",2308-06-05
"April 12, 8011",8011-04-12
"June 22, 6122",6122-06-22
"May 10, 1168",1168-05-10
"May 8, 1769",1769-05-08
"June 11, 9170",9170-06-11
"December 24, 4032",4032-12-24
"June 7, 2896",2896-06-07
"December 29, 5946",5946-12-29
"November 20, 8582",8582-11-20
"September 24, 2602",2602-09-24
"February 6, 1302",1302-02-06
"June 4, 3461",3461-06-04
"December 7, 6365",6365-12-07
"June 11, 1585",1585-06-11
"August 15, 6920",6920-08-15
"December 25, 6290",6290-12-25
"June 22, 7207",7207-06-22
"October 6, 2969",2969-10-06
"September 19, 2213",2213-09-19
"April 21, 2022",2022-04-21
"October 20, 5716",5716-10-20
"September 16, 1630",1630-09-16
"July 12, 2818",2818-07-12
"November 13, 8587",8587-11-13
"September 18, 8640",8640-09-18
"September 25, 8570",8570-09-25
"December 28, 1314",1314-12-28
"February 24, 8244",8244-02-24
"March 28, 8584",8584-03-28
"January 26, 8209",8209-01-26
"November 26, 3979",3979-11-26
"November 3, 2091",2091-11-03
"February 26, 7267",7267-02-26
"January 17, 1961",1961-01-17
"January 26, 3701",3701-01-26
"October 13, 5241",5241-10-13
"October 7, 8858",8858-10-07
"May 25, 9059",9059-05-25
"May 5, 9623",9623-05-05
"October 29, 8064",8064-10-29
"August 9, 7563",7563-08-09
"July 31, 6890",6890-07-31
"March 12, 7838",7838-03-12
"December 27, 6792",6792-12-27
"September 3, 9957",9957-09-03
"August 14, 7714",7714-08-14
"April 28, 6151",6151-04-28
"July 26, 2683",2683-07-26
"September 1, 2285",2285-09-01
"November 22, 1958",1958-11-22
"December 21, 6103",6103-12-21
"May 20, 1257",1257-05-20
"January 9, 9394",9394-01-09
"June 19, 7172",7172-06-19
"September 20, 6783",6783-09-20
"April 16, 8188",8188-04-16
"April 25, 7748",7748-04-25
"July 28, 4327",4327-07-28
"April 2, 8596",8596-04-02
"March 4, 6836",6836-03-04
"August 30, 1350",1350-08-30
"November 8, 1810",1810-11-08
"February 24, 7277",7277-02-24
"December 25, 5581",5581-12-25
"February 24, 3986",3986-02-24
"April 29, 4492",4492-04-29
"December 5, 7144",7144-12-05
"July 3, 2587",2587-07-03
"August 9, 2845",2845-08-09
"August 29, 9702",9702-08-29
"October 28, 2380",2380-10-28
"June 16, 6182",6182-06-16
"October 1, 5088",5088-10-01
"October 30, 6993",6993-10-30
"October 5, 6892",6892-10-05
"July 16, 9468",9468-07-16
"April 6, 3677",3677-04-06
"February 25, 7558",7558-02-25
"November 6, 6056",6056-11-06
"June 12, 6820",6820-06-12
"July 25, 5292",5292-07-25
"January 3, 6026",6026-01-03
"June 15, 1132",1132-06-15
"October 25, 7190",7190-10-25
"October 14, 2981",2981-10-14
"September 15, 1708",1708-09-15
"January 18, 1295",1295-01-18
"January 3, 3980",3980-01-03
"March 30, 7202",7202-03-30
"September 10, 1537",1537-09-10
"March 13, 5809",5809-03-13
"October 7, 6446",6446-10-07
"January 12, 4677",4677-01-12
"November 29, 6434",6434-11-29
"October 18, 8654",8654-10-18
"December 24, 2075",2075-12-24
"February 5, 3065",3065-02-05
"June 3, 3169",3169-06-03
"August 23, 5366",5366-08-23
"March 15, 7470",7470-03-15
"July 30, 1977",1977-07-30
"December 25, 4439",4439-12-25
"July 25, 7840",7840-07-25
"July 14, 5630",5630-07-14
"October 17, 2050",2050-10-17
"June 24, 9780",9780-06-24
"October 30, 8440",8440-10-30
"November 13, 8670",8670-11-13
"December 30, 1964",1964-12-30
"June 21, 2812",2812-06-21
"December 16, 6866",6866-12-16
"March 9, 6738",6738-03-09
"November 13, 8743",8743-11-13
"April 8, 7780",7780-04-08
"May 10, 4105",4105-05-10
"October 22, 2898",2898-10-22
"January 15, 7889",7889-01-15
"October 4, 8698",8698-10-04
"January 7, 5863",5863-01-07
"April 3, 7427",7427-04-03
"August 18, 6795",6795-08-18
"July 25, 2727",2727-07-25
"January 14, 6321",6321-01-14
"June 19, 9339",9339-06-19
"June 23, 9637",9637-06-23
"October 12, 5502",5502-10-12
"May 16, 7644",7644-05-16
"March 11, 8697",8697-03-11
"March 30, 6479",6479-03-30
"October 27, 8631",8631-10-27
"July 22, 8296",8296-07-22
"June 22, 1574",1574-06-22
"September 2, 4067",4067-09-02
"May 6, 1495",1495-05-06
"January 12, 7762",7762-01-12
"July 25, 5072",5072-07-25
"August 15, 3633",3633-08-15
"March 15, 9192",9192-03-15
"January 30, 2354",2354-01-30
"April 3, 3970",3970-04-03
"July 30, 2015",2015-07-30
"September 9, 7671",7671-09-09
"July 29, 5863",5863-07-29
"October 29, 2291",2291-10-29
"March 16, 5072",5072-03-16
"March 23, 5905",5905-03-23
"July 11, 1505",1505-07-11
"December 27, 6676",6676-12-27
"March 18, 7337",7337-03-18
"March 26, 8376",8376-03-26
"March 21, 3849",3849-03-21
"December 8, 3032",3032-12-08
"May 4, 6598",6598-05-04
"September 12, 4262",4262-09-12
"March 3, 8742",8742-03-03
"May 19, 8934",8934-05-19
"November 12, 7352",7352-11-12
"January 5, 7410",7410-01-05
"October 31, 3573",3573-10-31
"July 27, 4827",4827-07-27
"February 8, 9301",9301-02-08
"October 7, 5333",5333-10-07
"September 9, 5065",5065-09-09
"November 6, 2228",2228-11-06
"February 2, 9946",9946-02-02
"March 19, 6285",6285-03-19
"May 14, 7672",7672-05-14
"June 20, 8563",8563-06-20
"May 8, 8694",8694-05-08
"January 11, 8363",8363-01-11
"April 18, 5572",5572-04-18
"November 11, 3086",3086-11-11
"December 23, 4362",4362-12-23
"July 1, 8349",8349-07-01
"September 9, 1518",1518-09-09
"September 5, 7944",7944-09-05
"November 12, 5841",5841-11-12
"August 16, 9061",9061-08-16
"July 17, 8345",8345-07-17
"April 28, 4250",4250-04-28
"December 29, 8002",8002-12-29
"June 14, 5321",5321-06-14
"August 14, 5406",5406-08-14
"March 22, 7279",7279-03-22
"June 17, 3855",3855-06-17
"April 11, 9272",9272-04-11
"March 22, 4041",4041-03-22
"September 20, 8025",8025-09-20
"January 5, 5930",5930-01-05
"March 22, 1294",1294-03-22
"July 24, 4050",4050-07-24
"October 7, 6202",6202-10-07
"March 3, 6876",6876-03-03
"May 30, 4587",4587-05-30
"December 11, 2741",2741-12-11
"September 5, 1743",1743-09-05
"February 9, 6098",6098-02-09
"May 21, 1133",1133-05-21
"May 30, 2756",2756-05-30
"May 23, 7440",7440-05-23
"August 31, 4881",4881-08-31
"September 26, 2173",2173-09-26
"December 7, 5431",5431-12-07
"July 29, 2634",2634-07-29
"March 2, 2835",2835-03-02
"March 31, 5083",5083-03-31
"June 19, 7660",7660-06-19
"February 11, 9728",9728-02-11
"May 1, 3792",3792-05-01
"April 23, 8238",8238-04-23
"August 4, 5669",5669-08-04
"June 27, 4160",4160-06-27
"March 27, 7231",7231-03-27
"March 24, 7278",7278-03-24
"February 12, 2436",2436-02-12
"December 11, 1003",1003-12-11
"November 23, 6770",6770-11-23
"February 8, 7590",7590-02-08
"November 22, 9941",9941-11-22
"May 24, 3549",3549-05-24
"September 13, 4053",4053-09-13
"May 25, 7139",7139-05-25
"December 12, 5594",5594-12-12
"May 13, 7117",7117-05-13
"June 30, 9000",9000-06-30
"July 31, 6762",6762-07-31
"September 18, 3617",3617-09-18
"November 11, 8051",8051-11-11
"November 3, 1471",1471-11-03
"October 20, 6005",6005-10-20
"July 13, 2578",2578-07-13
"November 17, 3968",3968-11-17
"March 12, 5538",5538-03-12
"August 31, 6506",6506-08-31
"December 1, 2737",2737-12-01
"December 16, 9645",9645-12-16
"April 9, 7054",7054-04-09
"March 18, 6112",6112-03-18
"June 23, 7912",7912-06-23
"September 11, 7611",7611-09-11
"August 10, 1782",1782-08-10
"July 22, 5879",5879-07-22
"April 8, 1253",1253-04-08
"January 14, 8157",8157-01-14
"March 5, 1728",1728-03-05
"February 17, 2024",2024-02-17
"December 7, 4443",4443-12-07
"February 7, 1848",1848-02-07
"September 7, 3462",3462-09-07
"January 11, 2297",2297-01-11
"February 12, 7735",7735-02-12
"July 9, 9689",9689-07-09
"December 28, 9322",9322-12-28
"March 19, 3851",3851-03-19
"March 26, 5108",5108-03-26
"September 30, 8592",8592-09-30
"October 8, 9675",9675-10-08
"August 11, 7886",7886-08-11
"August 18, 8350",8350-08-18
"August 23, 2874",2874-08-23
"March 20, 3349",3349-03-20
"September 27, 9207",9207-09-27
"March 10, 5678",5678-03-10
"October 12, 2239",2239-10-12
"August 26, 3671",3671-08-26
"December 16, 3449",3449-12-16
"December 26, 6455",6455-12-26
"December 3, 9264",9264-12-03
"February 3, 5681",5681-02-03
"November 16, 1004",1004-11-16
"April 14, 4924",4924-04-14
"August 14, 3142",3142-08-14
"February 13, 3855",3855-02-13
"November 18, 1502",1502-11-18
"September 22, 3922",3922-09-22
"September 27, 4688",4688-09-27
"April 6, 7388",7388-04-06
"August 17, 6868",6868-08-17
"January 1, 2084",2084-01-01
"June 6, 5600",5600-06-06
"September 26, 4817",4817-09-26
"June 14, 9954",9954-06-14
"May 5, 9042",9042-05-05
"November 5, 1251",1251-11-05
"May 20, 2901",2901-05-20
"September 25, 5137",5137-09-25
"March 25, 4197",4197-03-25
"March 8, 9618",9618-03-08
"January 23, 4469",4469-01-23
"March 10, 6691",6691-03-10
"January 16, 2661",2661-01-16
"October 22, 4010",4010-10-22
"July 4, 2430",2430-07-04
"February 12, 8077",8077-02-12
"January 23, 2118",2118-01-23
"July 12, 5925",5925-07-12
"June 15, 4650",4650-06-15
"August 19, 8467",8467-08-19
"June 28, 1362",1362-06-28
"March 12, 3219",3219-03-12
"March 31, 9004",9004-03-31
"July 7, 4320",4320-07-07
"December 1, 4141",4141-12-01
"June 20, 1324",1324-06-20
"September 24, 7513",7513-09-24
"September 2, 5781",5781-09-02
"February 26, 5617",5617-02-26
"July 13, 1725",1725-07-13
"October 30, 6397",6397-10-30
"January 30, 9677",9677-01-30
"September 24, 9501",9501-09-24
"October 27, 6560",6560-10-27
"April 2, 9584",9584-04-02
"April 7, 1750",1750-04-07
"December 10, 9869",9869-12-10
"February 7, 6923",6923-02-07
"November 11, 2455",2455-11-11
"October 7, 9040",9040-10-07
"September 20, 3970",3970-09-20
"July 21, 7827",7827-07-21
"December 10, 7180",7180-12-10
"October 22, 7582",7582-10-22
"April 4, 9647",9647-04-04
"March 9, 7277",7277-03-09
"April 8, 8240",8240-04-08
"May 15, 1480",1480-05-15
"February 21, 7278",7278-02-21
"February 11, 7213",7213-02-11
"February 18, 9377",9377-02-18
"September 30, 1032",1032-09-30
"July 16, 5601",5601-07-16
"April 11, 6302",6302-04-11
"March 25, 7329",7329-03-25
"May 30, 2670",2670-05-30
"September 28, 2112",2112-09-28
"October 14, 4117",4117-10-14
"April 28, 1914",1914-04-28
"July 12, 6085",6085-07-12
"July 27, 4110",4110-07-27
"October 7, 5750",5750-10-07
"September 14, 6936",6936-09-14
"January 11, 2201",2201-01-11
"September 28, 3600",3600-09-28
"October 21, 4748",4748-10-21
"February 4, 8149",8149-02-04
"February 12, 3121",3121-02-12
"July 7, 5530",5530-07-07
"July 9, 8195",8195-07-09
"December 12, 5323",5323-12-12
"June 18, 4043",4043-06-18
"January 28, 7269",7269-01-28
"March 18, 5848",5848-03-18
"April 13, 8079",8079-04-13
"July 26, 8615",8615-07-26
"October 28, 7182",7182-10-28
"January 22, 8090",8090-01-22
"February 22, 3859",3859-02-22
"September 5, 9025",9025-09-05
"October 25, 7680",7680-10-25
"July 14, 5545",5545-07-14
"February 5, 8998",8998-02-05
"February 19, 8103",8103-02-19
"November 5, 7310",7310-11-05
"October 8, 6056",6056-10-08
"June 23, 4578",4578-06-23
"January 6, 6819",6819-01-06
"February 14, 5377",5377-02-14
"October 2, 7513",7513-10-02
"November 29, 4586",4586-11-29
"August 22, 8908",8908-08-22
"December 3, 2036",2036-12-03
"November 23, 4758",4758-11-23
"September 14, 4907",4907-09-14
"May 29, 7756",7756-05-29
"September 27, 3999",3999-09-27
"October 2, 4600",4600-10-02
"February 10, 8578",8578-02-10
"February 24, 1566",1566-02-24
"August 13, 2270",2270-08-13
"April 23, 2425",2425-04-23
"June 18, 8047",8047-06-18
"August 15, 2547",2547-08-15
"July 20, 9295",9295-07-20
"December 5, 7879",7879-12-05
"May 20, 8803",8803-05-20
"September 23, 3073",3073-09-23
"October 20, 1672",1672-10-20
"June 10, 8894",8894-06-10
"March 26, 9969",9969-03-26
"May 16, 6486",6486-05-16
"March 20, 5149",5149-03-20
"July 10, 3829",3829-07-10
"December 23, 9003",9003-12-23
"November 18, 5380",5380-11-18
"June 7, 8978",8978-06-07
"November 22, 1510",1510-11-22
"September 30, 5033",5033-09-30
"February 10, 2302",2302-02-10
"April 5, 1808",1808-04-05
"October 2, 6448",6448-10-02
"September 8, 1902",1902-09-08
"August 16, 5851",5851-08-16
"August 15, 8840",8840-08-15
"May 5, 9362",9362-05-05
"June 17, 1710",1710-06-17
"July 30, 3607",3607-07-30
"April 23, 7844",7844-04-23
"February 2, 7176",7176-02-02
"October 16, 9643",9643-10-16
"March 23, 9857",9857-03-23
"February 26, 7376",7376-02-26
"September 19, 5534",5534-09-19
"September 25, 3378",3378-09-25
"June 17, 5837",5837-06-17
"April 24, 4610",4610-04-24
"April 15, 3854",3854-04-15
"May 8, 5717",5717-05-08
"December 24, 9145",9145-12-24
"December 31, 8436",8436-12-31
"March 19, 2444",2444-03-19
"June 16, 2148",2148-06-16
"April 1, 6910",6910-04-01
"February 6, 7652",7652-02-06
"August 27, 3984",3984-08-27
"August 26, 4762",4762-08-26
"May 13, 5276",5276-05-13
"May 10, 7884",7884-05-10
"November 30, 1640",1640-11-30
"February 4, 5352",5352-02-04
"May 22, 6575",6575-05-22
"March 5, 1088",1088-03-05
"June 10, 1564",1564-06-10
"June 26, 1284",1284-06-26
"August 13, 7822",7822-08-13
"December 26, 8533",8533-12-26
"August 4, 8479",8479-08-04
"March 21, 7573",7573-03-21
"February 3, 4458",4458-02-03
"June 21, 2560",2560-06-21
"April 23, 4430",4430-04-23
"May 15, 7090",7090-05-15
"September 3, 7664",7664-09-03
"May 28, 3873",3873-05-28
"September 26, 3054",3054-09-26
"April 3, 1539",1539-04-03
"May 6, 4368",4368-05-06
"September 10, 5321",5321-09-10
"November 14, 5306",5306-11-14
"July 7, 8836",8836-07-07
"March 9, 4146",4146-03-09
"April 23, 9504",9504-04-23
"July 12, 7393",7393-07-12
"December 10, 8043",8043-12-10
"April 26, 5994",5994-04-26
"May 6, 5953",5953-05-06
"February 20, 6713",6713-02-20
"July 27, 5713",5713-07-27
"March 18, 1574",1574-03-18
"September 13, 4753",4753-09-13
"August 9, 6004",6004-08-09
"March 18, 4010",4010-03-18
"May 21, 2858",2858-05-21
"November 6, 1164",1164-11-06
"June 10, 4568",4568-06-10
"June 11, 4614",4614-06-11
"May 9, 5864",5864-05-09
"March 11, 5182",5182-03-11
"April 23, 6627",6627-04-23
"September 1, 9684",9684-09-01
"May 5, 6088",6088-05-05
"June 23, 4903",4903-06-23
"August 25, 7172",7172-08-25
"February 21, 1335",1335-02-21
"July 24, 7559",7559-07-24
"October 5, 6174",6174-10-05
"February 14, 9986",9986-02-14
"December 10, 4542",4542-12-10
"June 25, 9819",9819-06-25
"June 30, 4662",4662-06-30
"October 23, 3534",3534-10-23
"February 27, 3208",3208-02-27
"September 7, 9971",9971-09-07
"July 22, 6815",6815-07-22
"January 19, 7989",7989-01-19
"October 12, 1331",1331-10-12
"April 11, 5882",5882-04-11
"September 13, 2502",2502-09-13
"December 19, 3784",3784-12-19
"November 1, 9982",9982-11-01
"July 15, 5243",5243-07-15
"October 16, 3963",3963-10-16
"May 23, 5644",5644-05-23
"April 1, 5378",5378-04-01
"November 16, 9994",9994-11-16
"February 16, 2502",2502-02-16
"April 3, 8275",8275-04-03
"September 21, 3116",3116-09-21
"April 6, 9847",9847-04-06
"July 31, 5808",5808-07-31
"April 27, 4864",4864-04-27
"May 27, 9045",9045-05-27
"December 14, 4320",4320-12-14
"April 29, 1622",1622-04-29
"October 23, 2244",2244-10-23
"February 22, 5553",5553-02-22
"October 23, 8264",8264-10-23
"July 21, 4835",4835-07-21
"February 3, 7932",7932-02-03
"October 18, 7984",7984-10-18
"January 30, 4985",4985-01-30
"August 16, 3628",3628-08-16
"August 29, 1616",1616-08-29
"February 23, 1105",1105-02-23
"September 24, 8978",8978-09-24
"July 7, 8754",8754-07-07
"March 25, 5886",5886-03-25
"May 30, 2840",2840-05-30
"June 6, 3144",3144-06-06
"October 29, 2359",2359-10-29
"July 29, 3008",3008-07-29
"April 20, 2747",2747-04-20
"June 22, 4377",4377-06-22
"January 15, 3079",3079-01-15
"December 8, 9750",9750-12-08
"September 30, 6189",6189-09-30
"January 29, 5917",5917-01-29
"May 10, 6493",6493-05-10
"January 18, 8969",8969-01-18
"August 25, 8540",8540-08-25
"August 22, 6442",6442-08-22
"December 31, 4566",4566-12-31
"August 23, 5607",5607-08-23
"September 2, 2542",2542-09-02
"April 15, 9771",9771-04-15
"November 19, 4628",4628-11-19
"August 4, 8042",8042-08-04
"March 21, 1773",1773-03-21
"April 4, 5480",5480-04-04
"August 29, 1318",1318-08-29
"May 8, 2190",2190-05-08
"December 15, 1907",1907-12-15
"March 13, 3031",3031-03-13
"February 6, 4226",4226-02-06
"July 3, 9143",9143-07-03
"May 20, 2147",2147-05-20
"December 9, 2059",2059-12-09
"October 2, 5277",5277-10-02
"May 25, 6780",6780-05-25
"September 11, 3884",3884-09-11
"June 19, 7125",7125-06-19
"October 29, 6937",6937-10-29
"October 30, 8342",8342-10-30
"June 16, 5458",5458-06-16
"August 27, 1688",1688-08-27
"April 10, 1070",1070-04-10
"March 17, 9733",9733-03-17
"December 25, 7164",7164-12-25
"June 1, 1172",1172-06-01
"March 23, 2244",2244-03-23
"December 15, 6449",6449-12-15
"August 31, 7761",7761-08-31
"August 25, 6928",6928-08-25
"June 10, 5548",5548-06-10
"December 2, 6525",6525-12-02
"June 21, 9164",9164-06-21
"January 15, 6679",6679-01-15
"May 20, 7417",7417-05-20
"March 15, 2468",2468-03-15
"June 15, 3249",3249-06-15
"September 22, 1908",1908-09-22
"May 23, 2985",2985-05-23
"September 8, 7635",7635-09-08
"October 10, 7838",7838-10-10
"April 30, 5115",5115-04-30
"September 27, 6099",6099-09-27
"May 29, 1156",1156-05-29
"April 16, 4137",4137-04-16
"January 7, 6123",6123-01-07
"April 3, 2549",2549-04-03
"June 6, 9248",9248-06-06
"August 13, 5691",5691-08-13
"August 5, 4021",4021-08-05
"July 28, 2884",2884-07-28
"May 15, 8333",8333-05-15
"May 26, 5880",5880-05-26
"May 12, 1874",1874-05-12
"April 1, 2691",2691-04-01
"March 3, 9388",9388-03-03
"August 15, 2273",2273-08-15
"June 23, 2890",2890-06-23
"January 16, 1614",1614-01-16
"May 28, 3341",3341-05-28
"February 6, 7072",7072-02-06
"January 4, 3885",3885-01-04
"July 16, 3627",3627-07-16
"March 26, 9445",9445-03-26
"May 10, 9724",9724-05-10
"June 15, 6497",6497-06-15
"February 14, 4929",4929-02-14
"December 27, 3617",3617-12-27
"December 1, 5938",5938-12-01
"February 8, 4970",4970-02-08
"August 1, 8997",8997-08-01
"November 20, 7760",7760-11-20
"April 2, 9377",9377-04-02
"March 6, 5431",5431-03-06
"February 5, 9642",9642-02-05
"August 12, 7112",7112-08-12
"April 16, 1552",1552-04-16
"April 16, 6296",6296-04-16
"February 27, 7363",7363-02-27
"May 3, 5023",5023-05-03
"July 3, 8298",8298-07-03
"June 23, 2938",2938-06-23
"August 31, 5231",5231-08-31
"January 9, 4040",4040-01-09
"March 23, 6903",6903-03-23
"August 31, 3007",3007-08-31
"March 13, 4557",4557-03-13
"December 11, 2468",2468-12-11
"February 22, 2417",2417-02-22
"February 10, 8714",8714-02-10
"January 10, 7402",7402-01-10
"November 7, 8977",8977-11-07
"March 31, 9626",9626-03-31
"August 21, 3670",3670-08-21
"July 28, 6781",6781-07-28
"February 16, 4724",4724-02-16
"November 10, 3907",3907-11-10
"May 28, 5157",5157-05-28
"July 8, 9640",9640-07-08
"September 6, 4081",4081-09-06
"June 11, 1541",1541-06-11
"December 29, 1360",1360-12-29
"November 12, 8760",8760-11-12
"March 13, 5929",5929-03-13
"March 6, 3922",3922-03-06
"April 12, 4508",4508-04-12
"September 29, 8496",8496-09-29
"May 24, 5219",5219-05-24
"March 17, 4275",4275-03-17
"September 10, 8489",8489-09-10
"June 3, 6365",6365-06-03
"August 27, 4887",4887-08-27
"March 16, 9495",9495-03-16
"June 30, 2672",2672-06-30
"January 31, 3260",3260-01-31
"November 2, 1880",1880-11-02
"April 26, 2279",2279-04-26
"January 23, 2607",2607-01-23
"August 23, 3222",3222-08-23
"May 11, 2770",2770-05-11
"December 17, 9186",9186-12-17
"May 3, 6138",6138-05-03
"March 8, 4278",4278-03-08
"July 11, 9839",9839-07-11
"October 7, 7169",7169-10-07
"November 10, 8059",8059-11-10
"December 25, 9788",9788-12-25
"June 10, 9457",9457-06-10
"March 15, 9394",9394-03-15
"May 14, 6641",6641-05-14
"October 20, 8833",8833-10-20
"November 30, 8128",8128-11-30
"July 17, 9422",9422-07-17
"July 31, 1974",1974-07-31
"March 29, 6176",6176-03-29
"April 14, 6034",6034-04-14
"March 12, 9883",9883-03-12
"February 18, 5572",5572-02-18
"April 15, 9775",9775-04-15
"November 2, 3368",3368-11-02
"April 29, 3789",3789-04-29
"November 3, 8630",8630-11-03
"February 4, 4370",4370-02-04
"September 5, 8407",8407-09-05
"December 2, 8366",8366-12-02
"November 4, 8791",8791-11-04
"November 6, 9523",9523-11-06
"May 22, 2910",2910-05-22
"October 6, 6618",6618-10-06
"January 4, 2949",2949-01-04
"August 9, 1352",1352-08-09
"August 1, 3200",3200-08-01
"June 5, 7374",7374-06-05
"June 22, 7188",7188-06-22
"February 10, 5358",5358-02-10
"March 25, 8867",8867-03-25
"December 14, 2948",2948-12-14
"September 25, 1835",1835-09-25
"August 25, 6451",6451-08-25
"December 14, 5060",5060-12-14
"October 16, 9201",9201-10-16
"November 15, 1144",1144-11-15
"May 25, 8522",8522-05-25
"June 23, 7234",7234-06-23
"December 14, 1697",1697-12-14
"July 9, 1772",1772-07-09
"July 30, 7967",7967-07-30
"June 11, 5444",5444-06-11
"September 28, 3835",3835-09-28
"November 24, 1478",1478-11-24
"July 9, 3927",3927-07-09
"July 20, 4777",4777-07-20
"January 4, 9208",9208-01-04
"January 8, 8296",8296-01-08
"December 23, 3231",3231-12-23
"April 4, 1381",1381-04-04
"September 19, 5439",5439-09-19
"February 26, 7992",7992-02-26
"January 1, 3636",3636-01-01
"March 4, 4732",4732-03-04
"November 11, 9258",9258-11-11
"March 25, 7262",7262-03-25
"September 25, 6776",6776-09-25
"February 17, 2663",2663-02-17
"June 6, 4063",4063-06-06
"April 4, 8167",8167-04-04
"October 8, 3634",3634-10-08
"May 9, 4801",4801-05-09
"September 13, 3635",3635-09-13
"March 16, 4509",4509-03-16
"September 7, 1135",1135-09-07
"September 13, 1410",1410-09-13
"August 2, 9038",9038-08-02
"November 7, 8284",8284-11-07
"May 24, 9501",9501-05-24
"June 3, 2192",2192-06-03
"August 23, 6910",6910-08-23
"October 15, 1793",1793-10-15
"July 27, 9212",9212-07-27
"May 29, 5551",5551-05-29
"January 4, 6059",6059-01-04
"March 11, 6445",6445-03-11
"January 8, 6801",6801-01-08
"April 9, 4291",4291-04-09
"September 29, 6904",6904-09-29
"December 14, 1768",1768-12-14
"May 11, 5880",5880-05-11
"October 3, 4965",4965-10-03
"January 19, 2978",2978-01-19
"April 4, 4202",4202-04-04
"January 7, 3918",3918-01-07
"May 10, 3921",3921-05-10
"April 27, 8694",8694-04-27
"December 15, 5127",5127-12-15
"September 20, 4004",4004-09-20
"June 2, 4007",4007-06-02
"March 21, 5909",5909-03-21
"March 24, 1614",1614-03-24
"April 7, 7106",7106-04-07
"August 13, 3414",3414-08-13
"August 28, 7144",7144-08-28
"November 3, 5152",5152-11-03
"September 17, 8905",8905-09-17
"June 6, 1757",1757-06-06
"December 30, 6455",6455-12-30
"December 13, 7921",7921-12-13
"July 28, 8114",8114-07-28
"January 10, 3497",3497-01-10
"June 28, 6171",6171-06-28
"February 2, 9091",9091-02-02
"May 13, 7344",7344-05-13
"July 4, 2230",2230-07-04
"October 18, 1178",1178-10-18
"January 13, 8370",8370-01-13
"July 8, 8880",8880-07-08
"October 23, 8474",8474-10-23
"August 12, 9677",9677-08-12
"May 31, 9337",9337-05-31
"June 27, 8688",8688-06-27
"June 25, 4680",4680-06-25
"September 3, 3766",3766-09-03
"June 4, 8391",8391-06-04
"June 9, 7841",7841-06-09
"April 22, 2416",2416-04-22
"January 19, 2689",2689-01-19
"June 19, 7162",7162-06-19
"March 12, 6242",6242-03-12
"September 2, 6768",6768-09-02
"April 6, 6885",6885-04-06
"June 24, 8591",8591-06-24
"July 27, 3933",3933-07-27
"February 20, 7188",7188-02-20
"May 17, 9444",9444-05-17
"August 20, 5432",5432-08-20
"December 11, 8143",8143-12-11
"July 13, 7521",7521-07-13
"March 23, 7652",7652-03-23
"April 3, 5887",5887-04-03
"February 20, 7733",7733-02-20
"November 1, 7059",7059-11-01
"March 26, 6908",6908-03-26
"January 4, 9916",9916-01-04
"January 2, 2780",2780-01-02
"April 26, 9777",9777-04-26
"August 1, 8930",8930-08-01
"December 19, 7876",7876-12-19
"August 4, 1699",1699-08-04
"November 6, 4514",4514-11-06
"August 16, 4611",4611-08-16
"May 21, 6526",6526-05-21
"June 7, 7646",7646-06-07
"November 15, 9073",9073-11-15
"July 16, 2525",2525-07-16
"July 28, 6504",6504-07-28
"October 23, 2201",2201-10-23
"April 11, 4149",4149-04-11
"November 24, 6160",6160-11-24
"August 12, 8820",8820-08-12
"May 6, 2579",2579-05-06
"June 19, 3914",3914-06-19
"July 6, 5327",5327-07-06
"July 12, 3670",3670-07-12
"May 5, 1418",1418-05-05
"April 6, 2028",2028-04-06
"May 26, 9370",9370-05-26
"September 12, 7869",7869-09-12
"April 15, 7206",7206-04-15
"April 15, 9586",9586-04-15
"February 22, 5379",5379-02-22
"October 18, 9158",9158-10-18
"February 22, 3901",3901-02-22
"December 22, 3009",3009-12-22
"April 23, 4075",4075-04-23
"February 23, 2518",2518-02-23
"August 13, 3339",3339-08-13
"June 20, 7393",7393-06-20
"May 23, 8449",8449-05-23
"September 16, 3599",3599-09-16
"October 24, 7802",7802-10-24
"March 27, 6162",6162-03-27
"October 10, 2868",2868-10-10
"April 14, 6988",6988-04-14
"January 1, 3704",3704-01-01
"March 2, 3736",3736-03-02
"November 5, 7522",7522-11-05
"February 23, 2185",2185-02-23
"June 6, 2733",2733-06-06
"July 18, 2294",2294-07-18
"March 27, 8419",8419-03-27
"October 19, 8573",8573-10-19
"August 10, 7312",7312-08-10
"June 15, 6741",6741-06-15
"June 20, 1345",1345-06-20
"May 25, 5500",5500-05-25
"April 6, 2804",2804-04-06
"May 27, 7506",7506-05-27
"August 6, 3412",3412-08-06
"October 21, 2979",2979-10-21
"December 17, 6937",6937-12-17
"June 7, 6910",6910-06-07
"January 7, 1567",1567-01-07
"October 13, 9172",9172-10-13
"May 19, 7638",7638-05-19
"November 24, 7396",7396-11-24
"July 29, 3435",3435-07-29
"October 4, 2926",2926-10-04
"March 24, 2673",2673-03-24
"December 21, 2390",2390-12-21
"April 6, 1514",1514-04-06
"April 11, 2343",2343-04-11
"February 21, 1171",1171-02-21
"October 13, 3125",3125-10-13
"June 15, 3641",3641-06-15
"January 3, 3018",3018-01-03
"April 5, 1024",1024-04-05
"December 4, 1186",1186-12-04
"October 28, 1723",1723-10-28
"October 25, 8942",8942-10-25
"September 11, 6994",6994-09-11
"December 26, 5431",5431-12-26
"June 30, 6297",6297-06-30
"July 21, 5983",5983-07-21
"November 29, 5356",5356-11-29
"March 10, 2316",2316-03-10
"April 27, 1520",1520-04-27
"March 21, 1342",1342-03-21
"October 17, 6832",6832-10-17
"July 7, 8250",8250-07-07
"March 9, 7854",7854-03-09
"December 10, 8710",8710-12-10
"February 7, 7409",7409-02-07
"May 15, 8771",8771-05-15
"November 9, 6521",6521-11-09
"March 31, 9209",9209-03-31
"May 13, 5435",5435-05-13
"August 3, 2397",2397-08-03
"August 31, 1128",1128-08-31
"January 17, 7290",7290-01-17
"February 29, 1960",1960-02-29
"January 31, 4393",4393-01-31
"June 7, 3174",3174-06-07
"August 12, 5279",5279-08-12
"June 13, 5406",5406-06-13
"April 17, 2067",2067-04-17
"January 21, 4316",4316-01-21
"September 4, 1708",1708-09-04
"December 13, 9319",9319-12-13
"April 24, 3701",3701-04-24
"October 24, 7350",7350-10-24
"December 8, 4322",4322-12-08
"January 1, 4667",4667-01-01
"December 3, 8462",8462-12-03
"August 23, 3801",3801-08-23
"October 4, 8362",8362-10-04
"September 16, 1976",1976-09-16
"February 11, 7771",7771-02-11
"June 27, 6860",6860-06-27
"June 22, 9671",9671-06-22
"December 2, 1543",1543-12-02
"November 8, 6541",6541-11-08
"August 26, 4173",4173-08-26
"March 18, 5836",5836-03-18
"February 10, 9992",9992-02-10
"January 21, 9625",9625-01-21
"June 9, 9801",9801-06-09
"October 18, 7319",7319-10-18
"November 27, 8366",8366-11-27
"August 22, 2587",2587-08-22
"February 28, 3239",3239-02-28
"October 3, 4615",4615-10-03
"March 24, 4552",4552-03-24
"December 25, 5692",5692-12-25
"June 3, 7760",7760-06-03
"April 30, 4633",4633-04-30
"February 25, 8766",8766-02-25
"June 20, 2121",2121-06-20
"June 5, 1400",1400-06-05
"November 30, 1041",1041-11-30
"February 20, 3280",3280-02-20
"May 4, 9421",9421-05-04
"December 3, 9877",9877-12-03
"February 3, 1194",1194-02-03
"July 8, 6248",6248-07-08
"January 18, 9631",9631-01-18
"July 27, 5642",5642-07-27
"May 17, 3094",3094-05-17
"April 15, 1040",1040-04-15
"August 9, 5249",5249-08-09
"May 1, 4203",4203-05-01
"December 24, 4782",4782-12-24
"January 29, 9523",9523-01-29
"February 11, 7756",7756-02-11
"June 19, 5354",5354-06-19
"June 25, 6024",6024-06-25
"November 28, 1855",1855-11-28
"October 3, 4805",4805-10-03
"June 13, 1224",1224-06-13
"July 29, 8912",8912-07-29
"February 18, 1529",1529-02-18
"November 4, 6005",6005-11-04
"September 10, 5970",5970-09-10
"February 17, 8676",8676-02-17
"November 7, 5477",5477-11-07
"January 10, 5847",5847-01-10
"May 1, 4085",4085-05-01
"October 22, 2056",2056-10-22
"October 15, 1847",1847-10-15
"October 8, 1149",1149-10-08
"May 26, 8433",8433-05-26
"December 1, 5512",5512-12-01
"January 22, 5260",5260-01-22
"August 23, 4434",4434-08-23
"October 24, 1993",1993-10-24
"May 30, 9141",9141-05-30
"December 5, 2036",2036-12-05
"May 19, 9085",9085-05-19
"June 19, 3581",3581-06-19
"August 4, 4240",4240-08-04
"March 18, 1018",1018-03-18
"June 1, 6133",6133-06-01
"February 22, 7220",7220-02-22
"November 26, 4719",4719-11-26
"December 4, 2154",2154-12-04
"December 8, 5579",5579-12-08
"April 19, 8052",8052-04-19
"May 5, 7792",7792-05-05
"July 15, 4087",4087-07-15
"March 30, 9870",9870-03-30
"December 4, 8103",8103-12-04
"October 18, 6390",6390-10-18
"October 29, 1481",1481-10-29
"July 21, 7003",7003-07-21
"June 9, 8064",8064-06-09
"October 6, 1172",1172-10-06
"October 1, 5217",5217-10-01
"November 24, 9876",9876-11-24
"April 28, 7450",7450-04-28
"December 11, 9729",9729-12-11
"April 4, 3235",3235-04-04
"October 7, 5936",5936-10-07
"July 26, 5819",5819-07-26
"September 19, 7295",7295-09-19
"February 28, 3323",3323-02-28
"June 29, 4378",4378-06-29
"June 23, 7361",7361-06-23
"March 15, 2617",2617-03-15
"November 24, 5339",5339-11-24
"August 26, 7135",7135-08-26
"September 9, 9332",9332-09-09
"August 2, 7516",7516-08-02
"September 2, 7483",7483-09-02
"November 9, 8140",8140-11-09
"October 22, 5653",5653-10-22
"May 28, 2829",2829-05-28
"May 26, 5460",5460-05-26
"October 15, 7969",7969-10-15
"April 12, 6272",6272-04-12
"February 25, 1177",1177-02-25
"October 29, 7062",7062-10-29
"January 31, 3688",3688-01-31
"May 31, 7200",7200-05-31
"July 25, 5977",5977-07-25
"March 15, 7408",7408-03-15
"March 28, 7378",7378-03-28
"December 5, 6971",6971-12-05
"April 20, 8295",8295-04-20
"November 19, 7496",7496-11-19
"August 31, 2358",2358-08-31
"October 5, 6425",6425-10-05
"June 4, 7076",7076-06-04
"April 19, 8833",8833-04-19
"December 1, 8583",8583-12-01
"February 23, 8359",8359-02-23
"December 10, 6572",6572-12-10
"June 22, 9975",9975-06-22
"February 18, 8055",8055-02-18
"April 6, 1834",1834-04-06
"January 2, 5181",5181-01-02
"October 19, 1351",1351-10-19
"May 15, 5260",5260-05-15
"December 21, 7790",7790-12-21
"August 26, 5923",5923-08-26
"January 21, 3074",3074-01-21
"October 18, 5168",5168-10-18
"March 19, 6208",6208-03-19
"May 17, 1890",1890-05-17
"March 12, 7538",7538-03-12
"December 20, 6218",6218-12-20
"December 13, 5329",5329-12-13
"May 31, 1268",1268-05-31
"August 5, 8960",8960-08-05
"April 29, 7829",7829-04-29
"September 20, 3718",3718-09-20
"September 22, 2452",2452-09-22
"October 27, 1255",1255-10-27
"October 17, 1998",1998-10-17
"November 21, 2523",2523-11-21
"June 23, 5956",5956-06-23
"March 29, 9056",9056-03-29
"June 27, 9773",9773-06-27
"December 15, 5116",5116-12-15
"November 26, 6219",6219-11-26
"November 6, 8246",8246-11-06
"March 6, 6994",6994-03-06
"August 18, 7629",7629-08-18
"February 14, 7420",7420-02-14
"October 26, 3144",3144-10-26
"May 21, 5365",5365-05-21
"September 21, 1168",1168-09-21
"May 20, 4476",4476-05-20
"April 19, 1903",1903-04-19
"November 2, 7353",7353-11-02
"February 12, 1067",1067-02-12
"August 20, 9739",9739-08-20
"June 28, 7564",7564-06-28
"March 19, 5232",5232-03-19
"July 9, 2598",2598-07-09
"June 18, 1836",1836-06-18
"October 12, 6293",6293-10-12
"December 18, 5147",5147-12-18
"January 24, 4854",4854-01-24
"May 7, 6862",6862-05-07
"December 5, 4609",4609-12-05
"July 11, 2352",2352-07-11
"January 6, 6289",6289-01-06
"August 4, 6588",6588-08-04
"January 27, 6247",6247-01-27
"April 17, 4339",4339-04-17
"March 12, 9108",9108-03-12
"December 18, 2035",2035-12-18
"February 4, 8705",8705-02-04
"March 17, 9589",9589-03-17
"May 23, 2584",2584-05-23
"March 13, 6607",6607-03-13
"April 24, 4408",4408-04-24
"April 21, 5422",5422-04-21
"July 21, 7914",7914-07-21
"January 27, 3123",3123-01-27
"January 1, 1857",1857-01-01
"December 30, 2108",2108-12-30
"December 11, 7221",7221-12-11
"March 6, 8728",8728-03-06
"September 18, 8406",8406-09-18
"May 12, 7332",7332-05-12
"February 22, 2661",2661-02-22
"March 19, 4219",4219-03-19
"May 15, 2055",2055-05-15
"May 16, 7988",7988-05-16
"March 6, 9185",9185-03-06
"November 1, 7800",7800-11-01
"September 30, 5625",5625-09-30
"February 8, 2582",2582-02-08
"November 25, 6003",6003-11-25
"October 3, 4057",4057-10-03
"November 25, 3032",3032-11-25
"August 7, 2868",2868-08-07
"March 13, 2618",2618-03-13
"June 11, 7926",7926-06-11
"September 30, 6483",6483-09-30
"August 7, 4838",4838-08-07
"March 19, 6882",6882-03-19
"March 4, 7748",7748-03-04
"December 8, 1854",1854-12-08
"May 8, 6159",6159-05-08
"March 1, 1613",1613-03-01
"June 11, 9120",9120-06-11
"July 5, 4035",4035-07-05
"October 3, 9279",9279-10-03
"March 31, 9399",9399-03-31
"January 27, 5208",5208-01-27
"March 31, 4059",4059-03-31
"July 31, 2514",2514-07-31
"June 27, 2208",2208-06-27
"October 11, 7356",7356-10-11
"May 8, 4980",4980-05-08
"July 8, 8820",8820-07-08
"February 23, 4372",4372-02-23
"August 24, 5281",5281-08-24
"April 5, 6582",6582-04-05
"January 11, 1521",1521-01-11
"October 27, 4662",4662-10-27
"September 21, 5996",5996-09-21
"July 4, 9951",9951-07-04
"May 20, 6808",6808-05-20
"September 30, 2451",2451-09-30
"February 22, 1033",1033-02-22
"April 10, 7637",7637-04-10
"May 6, 2625",2625-05-06
"September 16, 2450",2450-09-16
"June 4, 5216",5216-06-04
"September 23, 6706",6706-09-23
"September 13, 1000",1000-09-13
"November 20, 9156",9156-11-20
"August 6, 7597",7597-08-06
"June 1, 1207",1207-06-01
"August 14, 9432",9432-08-14
"September 1, 1571",1571-09-01
"September 17, 1727",1727-09-17
"January 2, 8259",8259-01-02
"May 23, 5585",5585-05-23
"April 25, 3521",3521-04-25
"December 2, 9085",9085-12-02
"May 12, 4929",4929-05-12
"May 20, 5708",5708-05-20
"March 31, 4159",4159-03-31
"October 22, 1606",1606-10-22
"February 3, 6275",6275-02-03
"June 22, 2971",2971-06-22
"March 3, 3426",3426-03-03
"November 30, 2561",2561-11-30
"July 26, 4197",4197-07-26
"May 1, 6397",6397-05-01
"October 13, 3039",3039-10-13
"May 23, 6777",6777-05-23
"April 24, 2871",2871-04-24
"September 17, 7430",7430-09-17
"October 17, 8016",8016-10-17
"October 4, 4767",4767-10-04
"January 21, 9281",9281-01-21
"May 26, 4215",4215-05-26
"January 27, 1058",1058-01-27
"October 7, 1670",1670-10-07
"July 29, 2021",2021-07-29
"January 2, 6575",6575-01-02
"June 9, 6973",6973-06-09
"September 27, 8486",8486-09-27
"September 13, 6933",6933-09-13
"November 3, 3098",3098-11-03
"December 2, 2847",2847-12-02
"June 17, 8910",8910-06-17
"August 12, 4006",4006-08-12
"August 19, 9234",9234-08-19
"October 4, 6197",6197-10-04
"April 27, 3760",3760-04-27
"July 21, 2034",2034-07-21
"August 21, 2564",2564-08-21
"July 4, 5819",5819-07-04
"June 4, 1832",1832-06-04
"September 15, 5472",5472-09-15
"December 7, 7226",7226-12-07
"April 12, 9870",9870-04-12
"January 5, 5285",5285-01-05
"September 27, 1071",1071-09-27
"January 7, 6529",6529-01-07
"November 24, 1756",1756-11-24
"August 1, 1676",1676-08-01
"September 18, 5035",5035-09-18
"January 20, 7459",7459-01-20
"July 7, 8366",8366-07-07
"September 26, 9015",9015-09-26
"October 30, 9647",9647-10-30
"July 21, 1677",1677-07-21
"May 15, 2050",2050-05-15
"January 14, 2334",2334-01-14
"September 28, 7595",7595-09-28
"August 16, 5269",5269-08-16
"October 13, 1011",1011-10-13
"October 23, 8009",8009-10-23
"February 2, 3044",3044-02-02
"May 9, 6326",6326-05-09
"February 4, 2254",2254-02-04
"January 6, 8544",8544-01-06
"August 2, 1989",1989-08-02
"February 24, 4617",4617-02-24
"February 24, 3135",3135-02-24
"February 21, 5908",5908-02-21
"September 9, 1928",1928-09-09
"May 13, 9584",9584-05-13
"November 29, 1500",1500-11-29
"April 19, 9542",9542-04-19
"June 3, 5165",5165-06-03
"July 10, 3611",3611-07-10
"July 21, 6059",6059-07-21
"May 23, 1611",1611-05-23
"January 21, 7540",7540-01-21
"August 29, 2563",2563-08-29
"March 28, 3292",3292-03-28
"July 24, 1503",1503-07-24
"December 25, 1376",1376-12-25
"September 29, 6309",6309-09-29
"December 17, 1813",1813-12-17
"February 12, 5940",5940-02-12
"March 26, 7817",7817-03-26
"October 28, 4604",4604-10-28
"June 7, 8814",8814-06-07
"November 16, 1168",1168-11-16
"November 12, 1052",1052-11-12
"July 16, 6556",6556-07-16
"September 11, 3944",3944-09-11
"February 14, 9046",9046-02-14
"March 21, 8506",8506-03-21
"October 3, 1994",1994-10-03
"October 23, 6789",6789-10-23
"August 16, 7591",7591-08-16
"November 8, 4585",4585-11-08
"March 15, 7451",7451-03-15
"March 5, 9169",9169-03-05
"October 9, 4757",4757-10-09
"July 3, 9028",9028-07-03
"February 9, 4365",4365-02-09
"October 27, 3606",3606-10-27
"October 21, 8416",8416-10-21
"June 17, 2617",2617-06-17
"October 20, 7516",7516-10-20
"May 1, 6993",6993-05-01
"January 25, 6378",6378-01-25
"January 29, 5745",5745-01-29
"November 29, 7810",7810-11-29
"March 25, 7377",7377-03-25
"January 29, 7581",7581-01-29
"November 24, 3449",3449-11-24
"September 7, 5732",5732-09-07
"May 30, 4957",4957-05-30
"February 26, 2510",2510-02-26
"October 18, 7834",7834-10-18
"May 2, 3952",3952-05-02
"April 4, 4204",4204-04-04
"October 6, 6422",6422-10-06
"May 6, 9796",9796-05-06
"February 17, 2327",2327-02-17
"July 21, 5747",5747-07-21
"January 27, 9414",9414-01-27
"August 8, 2011",2011-08-08
"June 6, 8170",8170-06-06
"February 11, 9279",9279-02-11
"April 12, 6910",6910-04-12
"January 26, 2622",2622-01-26
"October 13, 6444",6444-10-13
"October 23, 3321",3321-10-23
"September 25, 4569",4569-09-25
"January 3, 7183",7183-01-03
"January 13, 1949",1949-01-13
"July 4, 3448",3448-07-04
"April 7, 9848",9848-04-07
"September 3, 9329",9329-09-03
"December 16, 9881",9881-12-16
"February 28, 1812",1812-02-28
"December 2, 1407",1407-12-02
"September 2, 3960",3960-09-02
"November 22, 4815",4815-11-22
"May 27, 1521",1521-05-27
"May 14, 2765",2765-05-14
"November 18, 5039",5039-11-18
"February 29, 9896",9896-02-29
"October 29, 7447",7447-10-29
"December 24, 8624",8624-12-24
"November 22, 8013",8013-11-22
"February 18, 5631",5631-02-18
"October 29, 3546",3546-10-29
"September 16, 8861",8861-09-16
"July 11, 3103",3103-07-11
"February 28, 1789",1789-02-28
"June 16, 6377",6377-06-16
"December 29, 4407",4407-12-29
"November 12, 3449",3449-11-12
"May 20, 9999",9999-05-20
"May 5, 9364",9364-05-05
"June 13, 5133",5133-06-13
"February 8, 6028",6028-02-08
"March 11, 3940",3940-03-11
"August 15, 7017",7017-08-15
"October 20, 9772",9772-10-20
"July 15, 3778",3778-07-15
"July 7, 4874",4874-07-07
"June 9, 2738",2738-06-09
"November 22, 5830",5830-11-22
"August 16, 7085",7085-08-16
"June 23, 1694",1694-06-23
"February 12, 5658",5658-02-12
"February 15, 4135",4135-02-15
"April 6, 7266",7266-04-06
"March 20, 6000",6000-03-20
"December 2, 1446",1446-12-02
"February 8, 9559",9559-02-08
"July 15, 5929",5929-07-15
"June 1, 6142",6142-06-01
"January 8, 3225",3225-01-08
"August 26, 7755",7755-08-26
"June 27, 7292",7292-06-27
"April 2, 3515",3515-04-02
"May 4, 9242",9242-05-04
"August 25, 3886",3886-08-25
"March 18, 4440",4440-03-18
"June 15, 7223",7223-06-15
"August 15, 6780",6780-08-15
"December 20, 3241",3241-12-20
"May 27, 7283",7283-05-27
"November 18, 4486",4486-11-18
"March 9, 3031",3031-03-09
"November 12, 4650",4650-11-12
"July 23, 3616",3616-07-23
"December 1, 5393",5393-12-01
"October 27, 8241",8241-10-27
"February 22, 4421",4421-02-22
"February 9, 5661",5661-02-09
"August 3, 2583",2583-08-03
"May 11, 7203",7203-05-11
"September 13, 1544",1544-09-13
"May 3, 4799",4799-05-03
"June 11, 4835",4835-06-11
"June 21, 1609",1609-06-21
"February 19, 6116",6116-02-19
"July 22, 6102",6102-07-22
"July 8, 4177",4177-07-08
"May 13, 9092",9092-05-13
"July 28, 1575",1575-07-28
"July 2, 5518",5518-07-02
"April 28, 5135",5135-04-28
"December 24, 6155",6155-12-24
"May 27, 8118",8118-05-27
"June 25, 4853",4853-06-25
"April 12, 5047",5047-04-12
"May 26, 1919",1919-05-26
"August 3, 5182",5182-08-03
"October 3, 5559",5559-10-03
"February 16, 2831",2831-02-16
"July 5, 3365",3365-07-05
"April 26, 7483",7483-04-26
"November 20, 3098",3098-11-20
"September 11, 9373",9373-09-11
"October 10, 1111",1111-10-10
"January 13, 7822",7822-01-13
"August 10, 1390",1390-08-10
"October 28, 7210",7210-10-28
"July 25, 4827",4827-07-25
"July 16, 9792",9792-07-16
"January 14, 4727",4727-01-14
"May 11, 2230",2230-05-11
"February 11, 1488",1488-02-11
"November 2, 6665",6665-11-02
"July 21, 8222",8222-07-21
"August 29, 9036",9036-08-29
"November 15, 4553",4553-11-15
"February 26, 9390",9390-02-26
"June 12, 1316",1316-06-12
"January 13, 8649",8649-01-13
"March 9, 7891",7891-03-09
"January 28, 2168",2168-01-28
"March 28, 3682",3682-03-28
"April 5, 2145",2145-04-05
"December 25, 1956",1956-12-25
"September 15, 2149",2149-09-15
"June 20, 6313",6313-06-20
"September 10, 9944",9944-09-10
"January 20, 6828",6828-01-20
"July 1, 5454",5454-07-01
"February 16, 2088",2088-02-16
"December 19, 7901",7901-12-19
"July 18, 8885",8885-07-18
"April 19, 1219",1219-04-19
"May 26, 2634",2634-05-26
"October 4, 4772",4772-10-04
"November 20, 4386",4386-11-20
"April 19, 9086",9086-04-19
"May 3, 6112",6112-05-03
"July 25, 8831",8831-07-25
"November 16, 5467",5467-11-16
"December 4, 1619",1619-12-04
"March 25, 8886",8886-03-25
"July 3, 9069",9069-07-03
"April 18, 3034",3034-04-18
"June 7, 2931",2931-06-07
"November 4, 8278",8278-11-04
"March 25, 1273",1273-03-25
"October 4, 5663",5663-10-04
"September 30, 9234",9234-09-30
"February 15, 8131",8131-02-15
"November 2, 5259",5259-11-02
"December 16, 3684",3684-12-16
"October 19, 4618",4618-10-19
"March 5, 4078",4078-03-05
"October 30, 9022",9022-10-30
"December 15, 1954",1954-12-15
"July 30, 8838",8838-07-30
"January 20, 3034",3034-01-20
"June 20, 1007",1007-06-20
"August 13, 1949",1949-08-13
"December 24, 8657",8657-12-24
"December 19, 2552",2552-12-19
"October 13, 3092",3092-10-13
"October 22, 6026",6026-10-22
"December 14, 4602",4602-12-14
"June 19, 7498",7498-06-19
"August 11, 5103",5103-08-11
"July 8, 1683",1683-07-08
"June 13, 1121",1121-06-13
"May 12, 2813",2813-05-12
"June 26, 5796",5796-06-26
"May 5, 9722",9722-05-05
"May 9, 9034",9034-05-09
"January 26, 1583",1583-01-26
"July 8, 1906",1906-07-08
"February 6, 4669",4669-02-06
"August 11, 2274",2274-08-11
"December 20, 4872",4872-12-20
"May 15, 3464",3464-05-15
"March 1, 9262",9262-03-01
"July 27, 3102",3102-07-27
"February 4, 4985",4985-02-04
"January 19, 8518",8518-01-19
"March 8, 8882",8882-03-08
"April 12, 8882",8882-04-12
"September 1, 7754",7754-09-01
"June 27, 3981",3981-06-27
"July 25, 6054",6054-07-25
"May 10, 8277",8277-05-10
"September 6, 8092",8092-09-06
"December 14, 4901",4901-12-14
"May 15, 1367",1367-05-15
"July 13, 6030",6030-07-13
"May 6, 4244",4244-05-06
"April 14, 1503",1503-04-14
"July 13, 6653",6653-07-13
"February 18, 2147",2147-02-18
"October 16, 9784",9784-10-16
"July 30, 6086",6086-07-30
"August 1, 9086",9086-08-01
"May 22, 3196",3196-05-22
"December 9, 2482",2482-12-09
"November 26, 6324",6324-11-26
"April 19, 7832",7832-04-19
"July 16, 7324",7324-07-16
"August 22, 1568",1568-08-22
"August 28, 5063",5063-08-28
"October 23, 9133",9133-10-23
"March 16, 9534",9534-03-16
"January 14, 7774",7774-01-14
"October 11, 8740",8740-10-11
"October 23, 5204",5204-10-23
"June 15, 8394",8394-06-15
"February 13, 1322",1322-02-13
"February 12, 3648",3648-02-12
"December 28, 8652",8652-12-28
"February 24, 9624",9624-02-24
"March 13, 1755",1755-03-13
"November 15, 1552",1552-11-15
"August 28, 1111",1111-08-28
"April 12, 5509",5509-04-12
"July 6, 4305",4305-07-06
"August 4, 8780",8780-08-04
"April 11, 8143",8143-04-11
"February 14, 3483",3483-02-14
"September 26, 4491",4491-09-26
"March 30, 9875",9875-03-30
"November 28, 9283",9283-11-28
"February 27, 1140",1140-02-27
"March 14, 3334",3334-03-14
"January 12, 8924",8924-01-12
"October 5, 7648",7648-10-05
"January 4, 2361",2361-01-04
"July 2, 1034",1034-07-02
"December 12, 4185",4185-12-12
"September 15, 4998",4998-09-15
"August 2, 2447",2447-08-02
"December 17, 1360",1360-12-17
"May 21, 3463",3463-05-21
"September 5, 5919",5919-09-05
"September 27, 1523",1523-09-27
"March 31, 6816",6816-03-31
"February 2, 8023",8023-02-02
"December 11, 9023",9023-12-11
"March 10, 9731",9731-03-10
"October 10, 4263",4263-10-10
"August 27, 1739",1739-08-27
"December 3, 1826",1826-12-03
"November 9, 7232",7232-11-09
"November 4, 4443",4443-11-04
"August 18, 8198",8198-08-18
"May 27, 8044",8044-05-27
"February 8, 2077",2077-02-08
"April 5, 3542",3542-04-05
"August 11, 8509",8509-08-11
"October 21, 4867",4867-10-21
"September 18, 8066",8066-09-18
"October 15, 8080",8080-10-15
"March 1, 3001",3001-03-01
"August 30, 7263",7263-08-30
"August 14, 5124",5124-08-14
"July 28, 4974",4974-07-28
"February 24, 9727",9727-02-24
"March 15, 9613",9613-03-15
"October 6, 3797",3797-10-06
"July 28, 5292",5292-07-28
"January 16, 8878",8878-01-16
"February 27, 7512",7512-02-27
"October 19, 4909",4909-10-19
"June 10, 2682",2682-06-10
"November 9, 1524",1524-11-09
"July 23, 5149",5149-07-23
"October 2, 5454",5454-10-02
"June 15, 1811",1811-06-15
"December 1, 1381",1381-12-01
"April 6, 1681",1681-04-06
"March 24, 5680",5680-03-24
"April 16, 6591",6591-04-16
"September 16, 7538",7538-09-16
"January 14, 7633",7633-01-14
"November 4, 1149",1149-11-04
"November 20, 8396",8396-11-20
"September 25, 1220",1220-09-25
"December 29, 5567",5567-12-29
"May 12, 7559",7559-05-12
"June 3, 5920",5920-06-03
"April 4, 7287",7287-04-04
"February 13, 1675",1675-02-13
"March 15, 1846",1846-03-15
"July 1, 7278",7278-07-01
"July 10, 5442",5442-07-10
"March 26, 9235",9235-03-26
"December 22, 6043",6043-12-22
"June 7, 6483",6483-06-07
"July 11, 4017",4017-07-11
"April 20, 1506",1506-04-20
"August 18, 9937",9937-08-18
"April 20, 8986",8986-04-20
"November 8, 3774",3774-11-08
"June 12, 6500",6500-06-12
"October 5, 6752",6752-10-05
"October 7, 4066",4066-10-07
"February 1, 8974",8974-02-01
"May 13, 8811",8811-05-13
"December 21, 2438",2438-12-21
"October 21, 9229",9229-10-21
"March 7, 3501",3501-03-07
"August 4, 8604",8604-08-04
"January 17, 3226",3226-01-17
"October 30, 7548",7548-10-30
"June 29, 4318",4318-06-29
"September 5, 4522",4522-09-05
"August 3, 7672",7672-08-03
"October 11, 9025",9025-10-11
"December 30, 5305",5305-12-30
"February 21, 3584",3584-02-21
"July 18, 1235",1235-07-18
"December 1, 1031",1031-12-01
"October 26, 5508",5508-10-26
"November 21, 6635",6635-11-21
"December 18, 6264",6264-12-18
"January 21, 5329",5329-01-21
"May 4, 9713",9713-05-04
"December 10, 2804",2804-12-10
"July 12, 4837",4837-07-12
"September 6, 4767",4767-09-06
"June 10, 1092",1092-06-10
"January 16, 3503",3503-01-16
"March 10, 2845",2845-03-10
"October 15, 8267",8267-10-15
"August 6, 4995",4995-08-06
"December 11, 1126",1126-12-11
"November 28, 1836",1836-11-28
"January 25, 6664",6664-01-25
"June 17, 3440",3440-06-17
"November 1, 5357",5357-11-01
"July 24, 4595",4595-07-24
"July 8, 3929",3929-07-08
"December 16, 2492",2492-12-16
"December 19, 5491",5491-12-19
"November 28, 3108",3108-11-28
"October 23, 4282",4282-10-23
"August 7, 2214",2214-08-07
"April 30, 6275",6275-04-30
"June 12, 7169",7169-06-12
"September 11, 3925",3925-09-11
"May 8, 3110",3110-05-08
"October 4, 7684",7684-10-04
"March 16, 1702",1702-03-16
"September 7, 8208",8208-09-07
"October 18, 3144",3144-10-18
"April 24, 8596",8596-04-24
"June 18, 7576",7576-06-18
"September 27, 9066",9066-09-27
"November 13, 9946",9946-11-13
"March 31, 2716",2716-03-31
"January 8, 3513",3513-01-08
"August 1, 3541",3541-08-01
"September 7, 4533",4533-09-07
"June 3, 4801",4801-06-03
"October 19, 2093",2093-10-19
"November 30, 1800",1800-11-30
"December 8, 1174",1174-12-08
"January 19, 9466",9466-01-19
"November 18, 1366",1366-11-18
"October 17, 7560",7560-10-17
"June 9, 1457",1457-06-09
"September 12, 8385",8385-09-12
"April 10, 5843",5843-04-10
"September 25, 8771",8771-09-25
"October 13, 1532",1532-10-13
"February 11, 5090",5090-02-11
"April 12, 3805",3805-04-12
"July 10, 1064",1064-07-10
"June 9, 8317",8317-06-09
"December 27, 9776",9776-12-27
"October 17, 7212",7212-10-17
"June 6, 7382",7382-06-06
"April 8, 5754",5754-04-08
"August 28, 6861",6861-08-28
"July 15, 3908",3908-07-15
"March 29, 3790",3790-03-29
"February 19, 1160",1160-02-19
"May 22, 2739",2739-05-22
"July 19, 2339",2339-07-19
"December 29, 2014",2014-12-29
"January 4, 5410",5410-01-04
"April 6, 5508",5508-04-06
"July 20, 6099",6099-07-20
"October 3, 3525",3525-10-03
"September 14, 2562",2562-09-14
"December 18, 8076",8076-12-18
"August 3, 1074",1074-08-03
"September 2, 4233",4233-09-02
"October 10, 8789",8789-10-10
"May 27, 4841",4841-05-27
"September 18, 6242",6242-09-18
"June 24, 4836",4836-06-24
"May 14, 9661",9661-05-14
"May 15, 7460",7460-05-15
"June 11, 7390",7390-06-11
"December 14, 7235",7235-12-14
"October 21, 6180",6180-10-21
"May 25, 4712",4712-05-25
"January 22, 7495",7495-01-22
"September 25, 3136",3136-09-25
"June 4, 2007",2007-06-04
"August 10, 2963",2963-08-10
"August 7, 7814",7814-08-07
"October 24, 9462",9462-10-24
"August 20, 7816",7816-08-20
"August 17, 9854",9854-08-17
"April 15, 5863",5863-04-15
"April 9, 4579",4579-04-09
"May 11, 2923",2923-05-11
"October 20, 5538",5538-10-20
"February 21, 1533",1533-02-21
"February 1, 3652",3652-02-01
"February 28, 3759",3759-02-28
"July 23, 5812",5812-07-23
"December 4, 8705",8705-12-04
"August 24, 3057",3057-08-24
"April 13, 1097",1097-04-13
"February 5, 8972",8972-02-05
"July 14, 2624",2624-07-14
"August 5, 6254",6254-08-05
"June 11, 5249",5249-06-11
"January 8, 5062",5062-01-08
"January 25, 6979",6979-01-25
"February 20, 3142",3142-02-20
"September 16, 1892",1892-09-16
"November 27, 3937",3937-11-27
"October 14, 6304",6304-10-14
"February 18, 6321",6321-02-18
"March 26, 1283",1283-03-26
"December 31, 8979",8979-12-31
"May 16, 7842",7842-05-16
"November 18, 2447",2447-11-18
"August 8, 1012",1012-08-08
"April 6, 6109",6109-04-06
"April 10, 2315",2315-04-10
"February 7, 2043",2043-02-07
"April 5, 4953",4953-04-05
"July 10, 2861",2861-07-10
"April 11, 3591",3591-04-11
"October 16, 9195",9195-10-16
"December 4, 9634",9634-12-04
"May 19, 7324",7324-05-19
"April 9, 1070",1070-04-09
"October 5, 3077",3077-10-05
"December 3, 3170",3170-12-03
"August 6, 5954",5954-08-06
"May 27, 9043",9043-05-27
"February 7, 2932",2932-02-07
"August 2, 2136",2136-08-02
"April 20, 8430",8430-04-20
"December 22, 7981",7981-12-22
"January 8, 9332",9332-01-08
"February 3, 8582",8582-02-03
"September 28, 2962",2962-09-28
"June 8, 1775",1775-06-08
"October 18, 5048",5048-10-18
"May 22, 7022",7022-05-22
"August 18, 2429",2429-08-18
"May 12, 6997",6997-05-12
"May 26, 7578",7578-05-26
"July 28, 6613",6613-07-28
"March 27, 9300",9300-03-27
"February 7, 1049",1049-02-07
"April 20, 8882",8882-04-20
"June 27, 5203",5203-06-27
"June 25, 7494",7494-06-25
"October 11, 2084",2084-10-11
"November 4, 5980",5980-11-04
"January 16, 2222",2222-01-16
"July 26, 9874",9874-07-26
"November 27, 2286",2286-11-27
"October 14, 6777",6777-10-14
"December 12, 6012",6012-12-12
"January 19, 3428",3428-01-19
"October 29, 7149",7149-10-29
"May 4, 5265",5265-05-04
"March 9, 4816",4816-03-09
"September 21, 7318",7318-09-21
"November 22, 7322",7322-11-22
"July 11, 1936",1936-07-11
"October 30, 9386",9386-10-30
"July 31, 7758",7758-07-31
"October 7, 4593",4593-10-07
"November 22, 7533",7533-11-22
"May 26, 9608",9608-05-26
"July 12, 6325",6325-07-12
"October 7, 8926",8926-10-07
"May 31, 6402",6402-05-31
"April 9, 2923",2923-04-09
"March 17, 9084",9084-03-17
"February 6, 8932",8932-02-06
"September 18, 2081",2081-09-18
"July 10, 5383",5383-07-10
"January 14, 7385",7385-01-14
"April 27, 6934",6934-04-27
"July 13, 1510",1510-07-13
"December 6, 9139",9139-12-06
"February 17, 1578",1578-02-17
"June 12, 9617",9617-06-12
"April 16, 9878",9878-04-16
"August 19, 4900",4900-08-19
"December 17, 3713",3713-12-17
"October 12, 6497",6497-10-12
"June 26, 7143",7143-06-26
"September 19, 9791",9791-09-19
"March 26, 9031",9031-03-26
"August 28, 7934",7934-08-28
"November 9, 3479",3479-11-09
"May 5, 1771",1771-05-05
"February 24, 7287",7287-02-24
"May 20, 5311",5311-05-20
"July 30, 7989",7989-07-30
"January 23, 2775",2775-01-23
"August 26, 6839",6839-08-26
"February 19, 7682",7682-02-19
"June 14, 6507",6507-06-14
"July 11, 2979",2979-07-11
"November 25, 6845",6845-11-25
"October 2, 4170",4170-10-02
"February 6, 4809",4809-02-06
"April 23, 4571",4571-04-23
"June 17, 1613",1613-06-17
"October 30, 8548",8548-10-30
"February 19, 2102",2102-02-19
"August 3, 6901",6901-08-03
"November 29, 2585",2585-11-29
"August 23, 2930",2930-08-23
"July 24, 9295",9295-07-24
"July 24, 9658",9658-07-24
"January 24, 6475",6475-01-24
"March 30, 2866",2866-03-30
"January 1, 1014",1014-01-01
"October 27, 1619",1619-10-27
"November 11, 3039",3039-11-11
"October 7, 7329",7329-10-07
"August 22, 3454",3454-08-22
"November 26, 8062",8062-11-26
"June 13, 4382",4382-06-13
"September 26, 7162",7162-09-26
"September 17, 2463",2463-09-17
"May 20, 8180",8180-05-20
"August 6, 3625",3625-08-06
"May 23, 2553",2553-05-23
"September 23, 8607",8607-09-23
"July 22, 2785",2785-07-22
"May 14, 1679",1679-05-14
"June 8, 3893",3893-06-08
"May 17, 2018",2018-05-17
"October 31, 4185",4185-10-31
"December 30, 4200",4200-12-30
"September 4, 6595",6595-09-04
"March 9, 4201",4201-03-09
"November 10, 8519",8519-11-10
"November 24, 3427",3427-11-24
"February 26, 9396",9396-02-26
"February 26, 2512",2512-02-26
"September 28, 9604",9604-09-28
"October 4, 7027",7027-10-04
"February 18, 9587",9587-02-18
"October 29, 2259",2259-10-29
"May 14, 1758",1758-05-14
"November 21, 5839",5839-11-21
"December 21, 5132",5132-12-21
"March 13, 7629",7629-03-13
"March 26, 7918",7918-03-26
"July 28, 9159",9159-07-28
"January 14, 3254",3254-01-14
"March 4, 9051",9051-03-04
"March 23, 1117",1117-03-23
"December 4, 8729",8729-12-04
"January 20, 2453",2453-01-20
"September 19, 9448",9448-09-19
"September 15, 8203",8203-09-15
"January 2, 9438",9438-01-02
"October 24, 1149",1149-10-24
"February 1, 2465",2465-02-01
"September 28, 1414",1414-09-28
"February 11, 8281",8281-02-11
"December 16, 3386",3386-12-16
"April 23, 1582",1582-04-23
"December 9, 4180",4180-12-09
"October 30, 9203",9203-10-30
"March 15, 8991",8991-03-15
"February 19, 2714",2714-02-19
"February 12, 3515",3515-02-12
"August 28, 2506",2506-08-28
"August 1, 2499",2499-08-01
"January 21, 9233",9233-01-21
"March 27, 6040",6040-03-27
"February 25, 6719",6719-02-25
"August 19, 5124",5124-08-19
"August 16, 2460",2460-08-16
"April 23, 8986",8986-04-23
"July 7, 2185",2185-07-07
"July 19, 3798",3798-07-19
"August 4, 5282",5282-08-04
"July 16, 9243",9243-07-16
"May 27, 3227",3227-05-27
"October 3, 1475",1475-10-03
"January 1, 9921",9921-01-01
"July 23, 9719",9719-07-23
"April 2, 2500",2500-04-02
"February 22, 6780",6780-02-22
"February 21, 2074",2074-02-21
"May 1, 5799",5799-05-01
"May 8, 4852",4852-05-08
"February 18, 1540",1540-02-18
"August 24, 5675",5675-08-24
"September 15, 3910",3910-09-15
"January 20, 5546",5546-01-20
"September 30, 3262",3262-09-30
"February 21, 1033",1033-02-21
"November 30, 8833",8833-11-30
"August 19, 1659",1659-08-19
"May 9, 4955",4955-05-09
"August 16, 9213",9213-08-16
"April 8, 7831",7831-04-08
"July 10, 3650",3650-07-10
"June 13, 6052",6052-06-13
"January 27, 6247",6247-01-27
"November 9, 6277",6277-11-09
"July 19, 5086",5086-07-19
"February 22, 5569",5569-02-22
"November 20, 7712",7712-11-20
"November 24, 2101",2101-11-24
"September 12, 8017",8017-09-12
"October 16, 7169",7169-10-16
"February 22, 3575",3575-02-22
"January 22, 2516",2516-01-22
"April 30, 9818",9818-04-30
"October 9, 1815",1815-10-09
"May 6, 8852",8852-05-06
"March 7, 1263",1263-03-07
"July 28, 8484",8484-07-28
"March 10, 2859",2859-03-10
"September 2, 7869",7869-09-02
"August 10, 2029",2029-08-10
"November 10, 5773",5773-11-10
"February 17, 8839",8839-02-17
"April 28, 8875",8875-04-28
"March 31, 9524",9524-03-31
"February 7, 1850",1850-02-07
"August 1, 6393",6393-08-01
"April 18, 4428",4428-04-18
"March 9, 5342",5342-03-09
"May 26, 7983",7983-05-26
"May 31, 1469",1469-05-31
"April 16, 2827",2827-04-16
"December 4, 7683",7683-12-04
"January 29, 9602",9602-01-29
"June 27, 7096",7096-06-27
"May 19, 3505",3505-05-19
"May 12, 2370",2370-05-12
"December 30, 1334",1334-12-30
"November 22, 4027",4027-11-22
"April 7, 3847",3847-04-07
"May 26, 9519",9519-05-26
"January 27, 7215",7215-01-27
"May 24, 4168",4168-05-24
"January 13, 1768",1768-01-13
"November 10, 8120",8120-11-10
"April 20, 5445",5445-04-20
"March 23, 5500",5500-03-23
"September 2, 2862",2862-09-02
"February 22, 2732",2732-02-22
"October 29, 7516",7516-10-29
"January 5, 1932",1932-01-05
"June 14, 3331",3331-06-14
"December 26, 2360",2360-12-26
"October 25, 5820",5820-10-25
"October 10, 6590",6590-10-10
"September 6, 1160",1160-09-06
"April 18, 6754",6754-04-18
"September 2, 1641",1641-09-02
"April 2, 5213",5213-04-02
"October 8, 5660",5660-10-08
"June 10, 7398",7398-06-10
"July 26, 5232",5232-07-26
"July 9, 5796",5796-07-09
"January 3, 5516",5516-01-03
"April 4, 6288",6288-04-04
"October 20, 9648",9648-10-20
"December 31, 1465",1465-12-31
"February 12, 5400",5400-02-12
"August 24, 3685",3685-08-24
"June 5, 9043",9043-06-05
"July 23, 5524",5524-07-23
"September 1, 2756",2756-09-01
"December 2, 1965",1965-12-02
"June 5, 7549",7549-06-05
"April 10, 6881",6881-04-10
"April 16, 5521",5521-04-16
"August 27, 5157",5157-08-27
"April 15, 5153",5153-04-15
"February 13, 1694",1694-02-13
"October 17, 4481",4481-10-17
"June 7, 7674",7674-06-07
"February 8, 4295",4295-02-08
"June 23, 9943",9943-06-23
"October 8, 9762",9762-10-08
"March 24, 9994",9994-03-24
"April 16, 3925",3925-04-16
"November 11, 4450",4450-11-11
"July 25, 8533",8533-07-25
"June 15, 1415",1415-06-15
"December 28, 6063",6063-12-28
"January 5, 5955",5955-01-05
"January 9, 5496",5496-01-09
"October 10, 3254",3254-10-10
"August 22, 8864",8864-08-22
"December 8, 4515",4515-12-08
"September 4, 7943",7943-09-04
"October 18, 9844",9844-10-18
"May 27, 3165",3165-05-27
"December 18, 9236",9236-12-18
"August 5, 3580",3580-08-05
"July 24, 7517",7517-07-24
"September 28, 5786",5786-09-28
"December 14, 4947",4947-12-14
"January 10, 1098",1098-01-10
"July 4, 4471",4471-07-04
"June 17, 8432",8432-06-17
"January 21, 7942",7942-01-21
"July 4, 5328",5328-07-04
"December 2, 2920",2920-12-02
"February 22, 6209",6209-02-22
"April 12, 3179",3179-04-12
"November 6, 2486",2486-11-06
"January 30, 2940",2940-01-30
"February 6, 5425",5425-02-06
"September 22, 2546",2546-09-22
"January 19, 5982",5982-01-19
"December 29, 2348",2348-12-29
"November 2, 2015",2015-11-02
"August 12, 4393",4393-08-12
"June 18, 2686",2686-06-18
"August 31, 3936",3936-08-31
"July 16, 3485",3485-07-16
"January 11, 5719",5719-01-11
"December 9, 8641",8641-12-09
"May 15, 2578",2578-05-15
"August 7, 9484",9484-08-07
"November 18, 4944",4944-11-18
"July 22, 8516",8516-07-22
"March 3, 7371",7371-03-03
"January 3, 8986",8986-01-03
"March 16, 4681",4681-03-16
"January 5, 4061",4061-01-05
"April 15, 8734",8734-04-15
"July 15, 2737",2737-07-15
"July 29, 2164",2164-07-29
"June 2, 8799",8799-06-02
"June 21, 6910",6910-06-21
"October 29, 6893",6893-10-29
"April 1, 8306",8306-04-01
"March 15, 1451",1451-03-15
"December 19, 7129",7129-12-19
"November 28, 9439",9439-11-28
"May 2, 6661",6661-05-02
"August 18, 7822",7822-08-18
"January 14, 8892",8892-01-14
"June 2, 8093",8093-06-02
"May 20, 2126",2126-05-20
"October 14, 9496",9496-10-14
"September 15, 8151",8151-09-15
"April 21, 5680",5680-04-21
"January 19, 2694",2694-01-19
"June 6, 8343",8343-06-06
"March 29, 3757",3757-03-29
"March 19, 9318",9318-03-19
"December 14, 4572",4572-12-14
"May 1, 9167",9167-05-01
"December 3, 1971",1971-12-03
"May 22, 8556",8556-05-22
"March 9, 7899",7899-03-09
"December 4, 7555",7555-12-04
"November 5, 8839",8839-11-05
"October 31, 5366",5366-10-31
"November 18, 4027",4027-11-18
"April 28, 3533",3533-04-28
"May 11, 3308",3308-05-11
"June 12, 7427",7427-06-12
"January 20, 4891",4891-01-20
"June 6, 3749",3749-06-06
"July 21, 2538",2538-07-21
"February 6, 9270",9270-02-06
"April 27, 4235",4235-04-27
"March 6, 6293",6293-03-06
"July 10, 3143",3143-07-10
"October 17, 5198",5198-10-17
"March 31, 8656",8656-03-31
"June 29, 1661",1661-06-29
"September 26, 5187",5187-09-26
"January 8, 7105",7105-01-08
"May 31, 3708",3708-05-31
"October 24, 3582",3582-10-24
"June 28, 3819",3819-06-28
"April 6, 3994",3994-04-06
"March 20, 3323",3323-03-20
"November 16, 1398",1398-11-16
"March 26, 8918",8918-03-26
"March 28, 3766",3766-03-28
"July 15, 1890",1890-07-15
"August 7, 1903",1903-08-07
"February 4, 9112",9112-02-04
"March 20, 5201",5201-03-20
"May 8, 8676",8676-05-08
"November 9, 7074",7074-11-09
"February 29, 6736",6736-02-29
"July 14, 5658",5658-07-14
"June 3, 1321",1321-06-03
"April 15, 5293",5293-04-15
"January 20, 9254",9254-01-20
"December 31, 4066",4066-12-31
"August 1, 5246",5246-08-01
"October 2, 6361",6361-10-02
"May 30, 9938",9938-05-30
"May 13, 9357",9357-05-13
"April 3, 5483",5483-04-03
"September 24, 8921",8921-09-24
"June 29, 7473",7473-06-29
"January 16, 8753",8753-01-16
"January 27, 4084",4084-01-27
"September 7, 6734",6734-09-07
"January 26, 4799",4799-01-26
"March 7, 6208",6208-03-07
"April 3, 5609",5609-04-03
"November 21, 7738",7738-11-21
"July 22, 9177",9177-07-22
"July 17, 9274",9274-07-17
"June 28, 4080",4080-06-28
"March 31, 9288",9288-03-31
"May 15, 9866",9866-05-15
"June 15, 8300",8300-06-15
"October 16, 4852",4852-10-16
"June 20, 3289",3289-06-20
"October 5, 5139",5139-10-05
"April 3, 3755",3755-04-03
"August 2, 6013",6013-08-02
"March 11, 5257",5257-03-11
"May 28, 7480",7480-05-28
"June 5, 6422",6422-06-05
"May 23, 4110",4110-05-23
"May 18, 5513",5513-05-18
"March 31, 5440",5440-03-31
"August 9, 9361",9361-08-09
"September 13, 7828",7828-09-13
"November 10, 9921",9921-11-10
"November 5, 6773",6773-11-05
"April 10, 5390",5390-04-10
"February 25, 1730",1730-02-25
"May 20, 5948",5948-05-20
"September 24, 3395",3395-09-24
"July 8, 4219",4219-07-08
"May 14, 2452",2452-05-14
"February 10, 1908",1908-02-10
"July 22, 3033",3033-07-22
"November 2, 4941",4941-11-02
"February 26, 4279",4279-02-26
"March 28, 5248",5248-03-28
"February 1, 1254",1254-02-01
"April 27, 7149",7149-04-27
"August 5, 9012",9012-08-05
"December 11, 1090",1090-12-11
"July 6, 7576",7576-07-06
"January 9, 4813",4813-01-09
"August 11, 8100",8100-08-11
"December 31, 4517",4517-12-31
"March 14, 6834",6834-03-14
"April 4, 2005",2005-04-04
"November 4, 4923",4923-11-04
"August 29, 3128",3128-08-29
"May 6, 9732",9732-05-06
"February 14, 5583",5583-02-14
"August 7, 7843",7843-08-07
"July 6, 2637",2637-07-06
"April 26, 4710",4710-04-26
"November 24, 5262",5262-11-24
"April 23, 7611",7611-04-23
"July 20, 5378",5378-07-20
"November 9, 5559",5559-11-09
"January 18, 4469",4469-01-18
"July 20, 6129",6129-07-20
"November 6, 3086",3086-11-06
"October 31, 2295",2295-10-31
"August 29, 3750",3750-08-29
"July 25, 1155",1155-07-25
"May 18, 6204",6204-05-18
"August 4, 4171",4171-08-04
"November 29, 2569",2569-11-29
"June 12, 3751",3751-06-12
"April 24, 5225",5225-04-24
"November 6, 9921",9921-11-06
"May 25, 9238",9238-05-25
"February 14, 7758",7758-02-14
"September 8, 2362",2362-09-08
"February 20, 4051",4051-02-20
"May 4, 3085",3085-05-04
"December 19, 5418",5418-12-19
"March 15, 2407",2407-03-15
"May 5, 4283",4283-05-05
"June 27, 1604",1604-06-27
"August 2, 8667",8667-08-02
"July 15, 4040",4040-07-15
"December 27, 8471",8471-12-27
"May 22, 7252",7252-05-22
"December 7, 7700",7700-12-07
"January 19, 3244",3244-01-19
"October 13, 3845",3845-10-13
"September 3, 2807",2807-09-03
"December 9, 5770",5770-12-09
"January 19, 2336",2336-01-19
"July 15, 4456",4456-07-15
"December 2, 9919",9919-12-02
"April 6, 4637",4637-04-06
"October 27, 4547",4547-10-27
"August 26, 3451",3451-08-26
"October 6, 9249",9249-10-06
"March 16, 1641",1641-03-16
"November 3, 6199",6199-11-03
"April 16, 7506",7506-04-16
"September 15, 5738",5738-09-15
"July 9, 3526",3526-07-09
"October 3, 8553",8553-10-03
"January 21, 9846",9846-01-21
"April 28, 6258",6258-04-28
"May 12, 3595",3595-05-12
"March 1, 2197",2197-03-01
"July 19, 8816",8816-07-19
"July 14, 1207",1207-07-14
"May 14, 1344",1344-05-14
"January 24, 7134",7134-01-24
"January 5, 8414",8414-01-05
"September 22, 8880",8880-09-22
"January 13, 9393",9393-01-13
"October 17, 2400",2400-10-17
"March 23, 6692",6692-03-23
"November 7, 7095",7095-11-07
"March 30, 5091",5091-03-30
"November 26, 2917",2917-11-26
"September 11, 2631",2631-09-11
"November 15, 2380",2380-11-15
"October 24, 1911",1911-10-24
"February 9, 5230",5230-02-09
"October 8, 9381",9381-10-08
"April 22, 7304",7304-04-22
"December 22, 6128",6128-12-22
"October 31, 2060",2060-10-31
"February 28, 7396",7396-02-28
"March 10, 4225",4225-03-10
"August 24, 4655",4655-08-24
"April 1, 2796",2796-04-01
"May 26, 3401",3401-05-26
"August 29, 5165",5165-08-29
"July 19, 8555",8555-07-19
"January 25, 4208",4208-01-25
"October 27, 9487",9487-10-27
"August 16, 3023",3023-08-16
"October 13, 5971",5971-10-13
"October 21, 6804",6804-10-21
"December 24, 6289",6289-12-24
"January 2, 3983",3983-01-02
"October 21, 4066",4066-10-21
"January 12, 8812",8812-01-12
"December 9, 8469",8469-12-09
"January 28, 8794",8794-01-28
"June 24, 6719",6719-06-24
"March 19, 1558",1558-03-19
"February 1, 2291",2291-02-01
"November 20, 6709",6709-11-20
"October 9, 3227",3227-10-09
"November 6, 8381",8381-11-06
"September 22, 2878",2878-09-22
"August 2, 8442",8442-08-02
"January 10, 8771",8771-01-10
"September 16, 1290",1290-09-16
"December 6, 8940",8940-12-06
"April 4, 7075",7075-04-04
"November 15, 5718",5718-11-15
"December 7, 4920",4920-12-07
"July 9, 9520",9520-07-09
"November 4, 2694",2694-11-04
"November 5, 3555",3555-11-05
"November 16, 6106",6106-11-16
"August 11, 6314",6314-08-11
"September 10, 6201",6201-09-10
"June 28, 2516",2516-06-28
"July 18, 7629",7629-07-18
"August 31, 5937",5937-08-31
"December 12, 5596",5596-12-12
"June 19, 8831",8831-06-19
"September 14, 4719",4719-09-14
"October 26, 5670",5670-10-26
"May 15, 3162",3162-05-15
"January 25, 3239",3239-01-25
"September 7, 6374",6374-09-07
"February 8, 1039",1039-02-08
"February 20, 2280",2280-02-20
"December 29, 4199",4199-12-29
"May 11, 1711",1711-05-11
"January 13, 8415",8415-01-13
"August 12, 1535",1535-08-12
"March 15, 9764",9764-03-15
"August 21, 8226",8226-08-21
"August 2, 9041",9041-08-02
"November 30, 5100",5100-11-30
"April 6, 2751",2751-04-06
"January 28, 6045",6045-01-28
"October 25, 7166",7166-10-25
"February 10, 1722",1722-02-10
"May 5, 1282",1282-05-05
"February 1, 5220",5220-02-01
"September 24, 4737",4737-09-24
"October 1, 8453",8453-10-01
"August 25, 6961",6961-08-25
"June 30, 8559",8559-06-30
"January 2, 1524",1524-01-02
"August 15, 1417",1417-08-15
"September 25, 1290",1290-09-25
"April 26, 2745",2745-04-26
"April 15, 6556",6556-04-15
"August 18, 8836",8836-08-18
"March 2, 3046",3046-03-02
"February 28, 9377",9377-02-28
"March 4, 2470",2470-03-04
"August 14, 1754",1754-08-14
"August 9, 4550",4550-08-09
"July 1, 3139",3139-07-01
"April 30, 4672",4672-04-30
"March 26, 6318",6318-03-26
"September 4, 8608",8608-09-04
"October 13, 3237",3237-10-13
"January 22, 2377",2377-01-22
"May 22, 5885",5885-05-22
"December 21, 1303",1303-12-21
"July 30, 7938",7938-07-30
"December 28, 4457",4457-12-28
"June 11, 3603",3603-06-11
"September 28, 7587",7587-09-28
"February 7, 8950",8950-02-07
"April 14, 2417",2417-04-14
"August 25, 9833",9833-08-25
"January 10, 3499",3499-01-10
"September 24, 9762",9762-09-24
"June 8, 5570",5570-06-08
"October 30, 7075",7075-10-30
"July 3, 8206",8206-07-03
"February 4, 8971",8971-02-04
"April 16, 1997",1997-04-16
"March 27, 6677",6677-03-27
"October 21, 2888",2888-10-21
"November 15, 1402",1402-11-15
"January 12, 3279",3279-01-12
"September 3, 2396",2396-09-03
"January 31, 3275",3275-01-31
"October 6, 5341",5341-10-06
"October 18, 8147",8147-10-18
"October 5, 4971",4971-10-05
"June 28, 5031",5031-06-28
"January 14, 9144",9144-01-14
"June 26, 2770",2770-06-26
"August 19, 6949",6949-08-19
"April 19, 9906",9906-04-19
"May 26, 5487",5487-05-26
"March 27, 3021",3021-03-27
"November 30, 9277",9277-11-30
"August 21, 1307",1307-08-21
"November 19, 7900",7900-11-19
"July 2, 8405",8405-07-02
"July 19, 3141",3141-07-19
"February 14, 7610",7610-02-14
"January 10, 9340",9340-01-10
"February 1, 8248",8248-02-01
"June 1, 6565",6565-06-01
"June 24, 3826",3826-06-24
"January 5, 4950",4950-01-05
"November 4, 2467",2467-11-04
"April 15, 9258",9258-04-15
"June 17, 5289",5289-06-17
"September 3, 8066",8066-09-03
"February 2, 5045",5045-02-02
"November 6, 8570",8570-11-06
"December 29, 8841",8841-12-29
"May 28, 3448",3448-05-28
"May 31, 3694",3694-05-31
"September 12, 2703",2703-09-12
"June 15, 2940",2940-06-15
"June 17, 2731",2731-06-17
"October 14, 8348",8348-10-14
"September 23, 8960",8960-09-23
"March 27, 9852",9852-03-27
"September 22, 6083",6083-09-22
"December 8, 3604",3604-12-08
"August 12, 9030",9030-08-12
"April 25, 8073",8073-04-25
"January 31, 3183",3183-01-31
"November 19, 6996",6996-11-19
"February 5, 7929",7929-02-05
"February 28, 7981",7981-02-28
"September 1, 3001",3001-09-01
"May 10, 1016",1016-05-10
"July 31, 4299",4299-07-31
"May 3, 5175",5175-05-03
"July 29, 6439",6439-07-29
"May 11, 8937",8937-05-11
"October 21, 8963",8963-10-21
"November 19, 9976",9976-11-19
"January 18, 3550",3550-01-18
"July 26, 9978",9978-07-26
"August 24, 5065",5065-08-24
"July 30, 3589",3589-07-30
"September 18, 2483",2483-09-18
"August 13, 3602",3602-08-13
"March 5, 5860",5860-03-05
"June 16, 5901",5901-06-16
"April 23, 2000",2000-04-23
"May 12, 6825",6825-05-12
"May 12, 5019",5019-05-12
"February 25, 1399",1399-02-25
"January 17, 6392",6392-01-17
"February 6, 5560",5560-02-06
"May 2, 2052",2052-05-02
"March 7, 1562",1562-03-07
"January 29, 7330",7330-01-29
"April 18, 6272",6272-04-18
"March 20, 1523",1523-03-20
"April 20, 6873",6873-04-20
"June 18, 3152",3152-06-18
"February 28, 5468",5468-02-28
"February 5, 7972",7972-02-05
"December 8, 6716",6716-12-08
"February 22, 2387",2387-02-22
"February 14, 9779",9779-02-14
"November 17, 6806",6806-11-17
"December 12, 2818",2818-12-12
"August 12, 3295",3295-08-12
"October 13, 5376",5376-10-13
"December 22, 1442",1442-12-22
"February 3, 2133",2133-02-03
"August 9, 1162",1162-08-09
"December 17, 6642",6642-12-17
"October 17, 2431",2431-10-17
"February 10, 2791",2791-02-10
"May 27, 5552",5552-05-27
"October 18, 2145",2145-10-18
"September 26, 5067",5067-09-26
"September 15, 8404",8404-09-15
"August 1, 7357",7357-08-01
"May 13, 3552",3552-05-13
"January 10, 7411",7411-01-10
"April 6, 8783",8783-04-06
"May 11, 7433",7433-05-11
"January 9, 8259",8259-01-09
"March 8, 3100",3100-03-08
"June 7, 9108",9108-06-07
"May 25, 2029",2029-05-25
"May 14, 6661",6661-05-14
"August 15, 8650",8650-08-15
"September 28, 8237",8237-09-28
"May 29, 5992",5992-05-29
"February 7, 9124",9124-02-07
"January 11, 9751",9751-01-11
"April 19, 4010",4010-04-19
"October 9, 7133",7133-10-09
"November 18, 3965",3965-11-18
"October 6, 9949",9949-10-06
"August 1, 5622",5622-08-01
"August 21, 6494",6494-08-21
"March 20, 3300",3300-03-20
"April 10, 4724",4724-04-10
"October 31, 6082",6082-10-31
"October 17, 9655",9655-10-17
"March 27, 4016",4016-03-27
"August 19, 2504",2504-08-19
"October 31, 2666",2666-10-31
"June 30, 3409",3409-06-30
"May 24, 3488",3488-05-24
"June 22, 8933",8933-06-22
"April 24, 2754",2754-04-24
"June 23, 2626",2626-06-23
"April 17, 2853",2853-04-17
"February 23, 9177",9177-02-23
"October 16, 6837",6837-10-16
"December 5, 1193",1193-12-05
"February 11, 8289",8289-02-11
"October 6, 2218",2218-10-06
"January 9, 9663",9663-01-09
"June 22, 7975",7975-06-22
"August 22, 4353",4353-08-22
"January 16, 3914",3914-01-16
"February 13, 2768",2768-02-13
"July 20, 4974",4974-07-20
"April 10, 7433",7433-04-10
"January 28, 8698",8698-01-28
"May 20, 9504",9504-05-20
"July 28, 7500",7500-07-28
"September 23, 2771",2771-09-23
"October 29, 9237",9237-10-29
"August 26, 8636",8636-08-26
"January 16, 8870",8870-01-16
"January 5, 8250",8250-01-05
"July 5, 3114",3114-07-05
"May 31, 3051",3051-05-31
"November 16, 9431",9431-11-16
"March 15, 5062",5062-03-15
"March 6, 5651",5651-03-06
"May 27, 1656",1656-05-27
"August 19, 5329",5329-08-19
"December 20, 3101",3101-12-20
"February 5, 8096",8096-02-05
"February 9, 4876",4876-02-09
"October 10, 3423",3423-10-10
"March 16, 5267",5267-03-16
"April 13, 8534",8534-04-13
"March 31, 1566",1566-03-31
"February 23, 5474",5474-02-23
"October 29, 3781",3781-10-29
"January 19, 8297",8297-01-19
"November 9, 9291",9291-11-09
"March 22, 6498",6498-03-22
"May 18, 3809",3809-05-18
"August 8, 1765",1765-08-08
"July 24, 8438",8438-07-24
"August 20, 2317",2317-08-20
"May 18, 7104",7104-05-18
"June 11, 1636",1636-06-11
"June 12, 4118",4118-06-12
"December 4, 5556",5556-12-04
"January 19, 8851",8851-01-19
"May 16, 6647",6647-05-16
"December 12, 4166",4166-12-12
"July 7, 2200",2200-07-07
"September 30, 3713",3713-09-30
"June 30, 1072",1072-06-30
"January 23, 6576",6576-01-23
"July 26, 8682",8682-07-26
"April 9, 4620",4620-04-09
"January 26, 3631",3631-01-26
"January 31, 7418",7418-01-31
"March 31, 4501",4501-03-31
"April 22, 9867",9867-04-22
"April 14, 2401",2401-04-14
"February 10, 8501",8501-02-10
"March 4, 7450",7450-03-04
"March 21, 4720",4720-03-21
"April 15, 2705",2705-04-15
"August 18, 1155",1155-08-18
"February 1, 8579",8579-02-01
"October 21, 1823",1823-10-21
"July 18, 3523",3523-07-18
"February 21, 9897",9897-02-21
"May 28, 5425",5425-05-28
"January 24, 3004",3004-01-24
"April 16, 5608",5608-04-16
"October 19, 8591",8591-10-19
"May 18, 1658",1658-05-18
"December 2, 6841",6841-12-02
"October 10, 4293",4293-10-10
"October 11, 8624",8624-10-11
"May 14, 5585",5585-05-14
"June 27, 3632",3632-06-27
"February 13, 7556",7556-02-13
"April 17, 9269",9269-04-17
"October 18, 6437",6437-10-18
"January 9, 8543",8543-01-09
"October 29, 5195",5195-10-29
"January 5, 5434",5434-01-05
"June 5, 1726",1726-06-05
"December 1, 4603",4603-12-01
"October 1, 9388",9388-10-01
"March 24, 4179",4179-03-24
"November 8, 6467",6467-11-08
"February 21, 1517",1517-02-21
"September 12, 5151",5151-09-12
"August 14, 4656",4656-08-14
"April 17, 3887",3887-04-17
"June 21, 7530",7530-06-21
"February 8, 1835",1835-02-08
"May 13, 3001",3001-05-13
"February 22, 8191",8191-02-22
"August 10, 8575",8575-08-10
"October 6, 1772",1772-10-06
"April 9, 5229",5229-04-09
"January 29, 1993",1993-01-29
"May 10, 5916",5916-05-10
"July 25, 9272",9272-07-25
"October 18, 4073",4073-10-18
"January 23, 1827",1827-01-23
"November 25, 1889",1889-11-25
"April 30, 7502",7502-04-30
"May 10, 9801",9801-05-10
"February 14, 8731",8731-02-14
"December 7, 4929",4929-12-07
"December 31, 4788",4788-12-31
"January 13, 5918",5918-01-13
"March 4, 4119",4119-03-04
"February 26, 1194",1194-02-26
"October 14, 7540",7540-10-14
"January 20, 8700",8700-01-20
"September 23, 2048",2048-09-23
"March 24, 7617",7617-03-24
"July 1, 9278",9278-07-01
"July 22, 5317",5317-07-22
"March 8, 7803",7803-03-08
"January 6, 3429",3429-01-06
"January 24, 7786",7786-01-24
"September 15, 4686",4686-09-15
"June 29, 6177",6177-06-29
"December 7, 7282",7282-12-07
"May 9, 6703",6703-05-09
"April 18, 5108",5108-04-18
"November 23, 3122",3122-11-23
"April 17, 1691",1691-04-17
"July 11, 6479",6479-07-11
"January 24, 1006",1006-01-24
"April 7, 2574",2574-04-07
"July 18, 1208",1208-07-18
"June 27, 3912",3912-06-27
"August 7, 2937",2937-08-07
"September 29, 5990",5990-09-29
"October 22, 2817",2817-10-22
"September 16, 8655",8655-09-16
"March 18, 1171",1171-03-18
"September 21, 1816",1816-09-21
"June 1, 8151",8151-06-01
"August 25, 8487",8487-08-25
"May 15, 6697",6697-05-15
"July 5, 2103",2103-07-05
"April 4, 2561",2561-04-04
"February 22, 9371",9371-02-22
"December 6, 8597",8597-12-06
"April 17, 2031",2031-04-17
"October 8, 2718",2718-10-08
"December 29, 4530",4530-12-29
"August 27, 1841",1841-08-27
"March 24, 3317",3317-03-24
"September 25, 7563",7563-09-25
"December 28, 3797",3797-12-28
"July 3, 9634",9634-07-03
"June 19, 9227",9227-06-19
"November 30, 5937",5937-11-30
"May 3, 8123",8123-05-03
"January 9, 5634",5634-01-09
"February 17, 6314",6314-02-17
"January 22, 7109",7109-01-22
"October 22, 7505",7505-10-22
"December 15, 8432",8432-12-15
"June 14, 6212",6212-06-14
"February 26, 5662",5662-02-26
"April 7, 1417",1417-04-07
"April 5, 7504",7504-04-05
"June 16, 7008",7008-06-16
"September 27, 6449",6449-09-27
"February 3, 3476",3476-02-03
"January 4, 1852",1852-01-04
"June 29, 2894",2894-06-29
"March 7, 5896",5896-03-07
"April 13, 6633",6633-04-13
"August 10, 6556",6556-08-10
"June 9, 3656",3656-06-09
"July 30, 1917",1917-07-30
"June 22, 7912",7912-06-22
"January 10, 9848",9848-01-10
"October 8, 3128",3128-10-08
"February 18, 2514",2514-02-18
"February 3, 6028",6028-02-03
"September 17, 8487",8487-09-17
"October 5, 5471",5471-10-05
"November 13, 8750",8750-11-13
"November 2, 9780",9780-11-02
"March 13, 1325",1325-03-13
"November 8, 6286",6286-11-08
"April 23, 4894",4894-04-23
"April 24, 8986",8986-04-24
"June 21, 7623",7623-06-21
"February 11, 7091",7091-02-11
"January 14, 7141",7141-01-14
"August 24, 8138",8138-08-24
"June 27, 6456",6456-06-27
"December 22, 8449",8449-12-22
"February 1, 7255",7255-02-01
"March 20, 5827",5827-03-20
"January 8, 5047",5047-01-08
"April 10, 3724",3724-04-10
"September 8, 8319",8319-09-08
"August 24, 3388",3388-08-24
"October 5, 8245",8245-10-05
"July 24, 8865",8865-07-24
"October 16, 7564",7564-10-16
"October 27, 9018",9018-10-27
"October 15, 8957",8957-10-15
"October 7, 4545",4545-10-07
"May 8, 3331",3331-05-08
"December 5, 2323",2323-12-05
"March 26, 7920",7920-03-26
"December 29, 2052",2052-12-29
"April 12, 8234",8234-04-12
"December 18, 9841",9841-12-18
"May 25, 5389",5389-05-25
"December 29, 4775",4775-12-29
"October 4, 4545",4545-10-04
"March 29, 3163",3163-03-29
"August 1, 1354",1354-08-01
"April 14, 6885",6885-04-14
"April 18, 8718",8718-04-18
"July 22, 9326",9326-07-22
"January 14, 7640",7640-01-14
"April 23, 8314",8314-04-23
"July 13, 4845",4845-07-13
"June 12, 3086",3086-06-12
"September 9, 3677",3677-09-09
"November 19, 2431",2431-11-19
"January 16, 2662",2662-01-16
"July 31, 1524",1524-07-31
"August 10, 2820",2820-08-10
"February 9, 2390",2390-02-09
"June 22, 7730",7730-06-22
"April 11, 1795",1795-04-11
"December 3, 5041",5041-12-03
"January 30, 1270",1270-01-30
"February 28, 9895",9895-02-28
"December 29, 5008",5008-12-29
"May 13, 6584",6584-05-13
"May 15, 5342",5342-05-15
"November 5, 4126",4126-11-05
"June 8, 4247",4247-06-08
"September 27, 7465",7465-09-27
"June 24, 8350",8350-06-24
"August 14, 6237",6237-08-14
"May 29, 4262",4262-05-29
"June 4, 6511",6511-06-04
"February 4, 1079",1079-02-04
"June 19, 9164",9164-06-19
"July 6, 1573",1573-07-06
"September 3, 1013",1013-09-03
"December 5, 2610",2610-12-05
"January 19, 5833",5833-01-19
"April 28, 7445",7445-04-28
"June 20, 6331",6331-06-20
"June 1, 5543",5543-06-01
"December 11, 4515",4515-12-11
"August 1, 4550",4550-08-01
"October 6, 7255",7255-10-06
"December 25, 8640",8640-12-25
"June 6, 9756",9756-06-06
"May 5, 5998",5998-05-05
"August 9, 6700",6700-08-09
"December 9, 5603",5603-12-09
"March 6, 4419",4419-03-06
"March 5, 7573",7573-03-05
"August 30, 6142",6142-08-30
"October 9, 7810",7810-10-09
"March 22, 6169",6169-03-22
"April 15, 4554",4554-04-15
"May 8, 2022",2022-05-08
"September 14, 5820",5820-09-14
"September 22, 3311",3311-09-22
"September 26, 5428",5428-09-26
"March 25, 4991",4991-03-25
"April 5, 5899",5899-04-05
"November 20, 8930",8930-11-20
"November 9, 1387",1387-11-09
"July 4, 3950",3950-07-04
"October 12, 4796",4796-10-12
"April 6, 1379",1379-04-06
"September 26, 1264",1264-09-26
"June 15, 5670",5670-06-15
"January 13, 3805",3805-01-13
"October 3, 5053",5053-10-03
"April 18, 4614",4614-04-18
"May 31, 9027",9027-05-31
"March 7, 3533",3533-03-07
"April 13, 6400",6400-04-13
"April 21, 3287",3287-04-21
"March 9, 1432",1432-03-09
"April 12, 7762",7762-04-12
"September 17, 9487",9487-09-17
"January 24, 5434",5434-01-24
"February 18, 4128",4128-02-18
"October 9, 7488",7488-10-09
"March 12, 5899",5899-03-12
"March 5, 8079",8079-03-05
"May 15, 3141",3141-05-15
"January 10, 6333",6333-01-10
"August 18, 6068",6068-08-18
"February 8, 1908",1908-02-08
"March 1, 2262",2262-03-01
"December 23, 8291",8291-12-23
"March 18, 7493",7493-03-18
"March 13, 8465",8465-03-13
"March 17, 5112",5112-03-17
"April 24, 2577",2577-04-24
"September 26, 7537",7537-09-26
"December 20, 8991",8991-12-20
"July 29, 5365",5365-07-29
"November 11, 3557",3557-11-11
"May 7, 4687",4687-05-07
"May 6, 3364",3364-05-06
"December 17, 1568",1568-12-17
"November 30, 8977",8977-11-30
"December 25, 5259",5259-12-25
"April 7, 7816",7816-04-07
"October 23, 6350",6350-10-23
"November 25, 9256",9256-11-25
"May 18, 1091",1091-05-18
"May 25, 3058",3058-05-25
"January 18, 5226",5226-01-18
"July 24, 5016",5016-07-24
"August 6, 2264",2264-08-06
"September 28, 2854",2854-09-28
"January 7, 7075",7075-01-07
"January 13, 2850",2850-01-13
"February 26, 6313",6313-02-26
"October 7, 5748",5748-10-07
"October 17, 8744",8744-10-17
"November 15, 3369",3369-11-15
"July 11, 5898",5898-07-11
"October 1, 4441",4441-10-01
"January 6, 3696",3696-01-06
"November 22, 1899",1899-11-22
"January 5, 4606",4606-01-05
"November 16, 8051",8051-11-16
"January 11, 4330",4330-01-11
"May 23, 7023",7023-05-23
"August 16, 8128",8128-08-16
"February 17, 7426",7426-02-17
"September 15, 7544",7544-09-15
"March 5, 9767",9767-03-05
"August 6, 4851",4851-08-06
"October 20, 8024",8024-10-20
"June 21, 5518",5518-06-21
"February 13, 5004",5004-02-13
"November 8, 4234",4234-11-08
"August 12, 5753",5753-08-12
"January 3, 8550",8550-01-03
"January 23, 5991",5991-01-23
"February 4, 3848",3848-02-04
"April 14, 4428",4428-04-14
"April 10, 4794",4794-04-10
"June 3, 9655",9655-06-03
"July 21, 4005",4005-07-21
"January 20, 4355",4355-01-20
"January 27, 9559",9559-01-27
"July 20, 3542",3542-07-20
"December 19, 4529",4529-12-19
"April 22, 9142",9142-04-22
"November 10, 3955",3955-11-10
"March 27, 1838",1838-03-27
"July 21, 4506",4506-07-21
"October 27, 8027",8027-10-27
"February 7, 2393",2393-02-07
"January 9, 5542",5542-01-09
"August 9, 7538",7538-08-09
"February 21, 7930",7930-02-21
"November 11, 7764",7764-11-11
"October 4, 3808",3808-10-04
"December 13, 9646",9646-12-13
"November 6, 7975",7975-11-06
"April 17, 3784",3784-04-17
"November 4, 9103",9103-11-04
"April 9, 3968",3968-04-09
"January 16, 4167",4167-01-16
"March 13, 7641",7641-03-13
"November 7, 6177",6177-11-07
"November 7, 4273",4273-11-07
"January 24, 3600",3600-01-24
"February 27, 7602",7602-02-27
"June 6, 4096",4096-06-06
"May 5, 5707",5707-05-05
"April 24, 4029",4029-04-24
"March 31, 1197",1197-03-31
"May 14, 7038",7038-05-14
"November 15, 9716",9716-11-15
"March 5, 8763",8763-03-05
"February 16, 8549",8549-02-16
"January 12, 9034",9034-01-12
"May 30, 7446",7446-05-30
"July 28, 2967",2967-07-28
"October 21, 2677",2677-10-21
"May 27, 3578",3578-05-27
"April 11, 1548",1548-04-11
"June 21, 7813",7813-06-21
"October 14, 4768",4768-10-14
"August 8, 6747",6747-08-08
"August 4, 5824",5824-08-04
"May 22, 2473",2473-05-22
"August 17, 7952",7952-08-17
"January 30, 9302",9302-01-30
"January 2, 6478",6478-01-02
"December 4, 9308",9308-12-04
"June 22, 3509",3509-06-22
"March 12, 7610",7610-03-12
"August 18, 8682",8682-08-18
"October 27, 7122",7122-10-27
"September 29, 8378",8378-09-29
"July 20, 9848",9848-07-20
"November 13, 6998",6998-11-13
"October 11, 7690",7690-10-11
"January 30, 4096",4096-01-30
"August 5, 2145",2145-08-05
"June 16, 3861",3861-06-16
"November 21, 2810",2810-11-21
"October 31, 2189",2189-10-31
"August 6, 1091",1091-08-06
"May 28, 9730",9730-05-28
"March 23, 7557",7557-03-23
"June 12, 6116",6116-06-12
"May 28, 2482",2482-05-28
"November 4, 1702",1702-11-04
"April 20, 8938",8938-04-20
"July 15, 2990",2990-07-15
"April 7, 2322",2322-04-07
"August 19, 6497",6497-08-19
"November 19, 9746",9746-11-19
"November 1, 1497",1497-11-01
"November 6, 6499",6499-11-06
"February 12, 4753",4753-02-12
"September 7, 4460",4460-09-07
"January 31, 6955",6955-01-31
"May 26, 4993",4993-05-26
"January 30, 3213",3213-01-30
"July 19, 4296",4296-07-19
"February 3, 8238",8238-02-03
"July 23, 9150",9150-07-23
"June 2, 5740",5740-06-02
"March 9, 5255",5255-03-09
"April 13, 4866",4866-04-13
"May 12, 6427",6427-05-12
"November 11, 7724",7724-11-11
"October 28, 2514",2514-10-28
"May 4, 9931",9931-05-04
"January 16, 2443",2443-01-16
"April 2, 1428",1428-04-02
"December 26, 3806",3806-12-26
"September 6, 1116",1116-09-06
"October 8, 1492",1492-10-08
"June 4, 4465",4465-06-04
"January 9, 4194",4194-01-09
"August 6, 7507",7507-08-06
"July 16, 5970",5970-07-16
"June 17, 4495",4495-06-17
"January 6, 5381",5381-01-06
"December 19, 1735",1735-12-19
"December 17, 2703",2703-12-17
"October 16, 9308",9308-10-16
"October 13, 8015",8015-10-13
"December 20, 3565",3565-12-20
"April 25, 7506",7506-04-25
"February 4, 1627",1627-02-04
"June 28, 1314",1314-06-28
"March 9, 2624",2624-03-09
"October 31, 9466",9466-10-31
"July 17, 5085",5085-07-17
"July 27, 2224",2224-07-27
"November 29, 2565",2565-11-29
"April 9, 9943",9943-04-09
"April 22, 2318",2318-04-22
"February 13, 3343",3343-02-13
"February 15, 9427",9427-02-15
"May 10, 6299",6299-05-10
"September 13, 4827",4827-09-13
"August 8, 5518",5518-08-08
"November 29, 5090",5090-11-29
"February 19, 7072",7072-02-19
"September 3, 9118",9118-09-03
"September 1, 7831",7831-09-01
"January 20, 5497",5497-01-20
"July 2, 3185",3185-07-02
"May 28, 4798",4798-05-28
"June 27, 7687",7687-06-27
"May 12, 4874",4874-05-12
"October 6, 8211",8211-10-06
"August 14, 8780",8780-08-14
"November 3, 6412",6412-11-03
"August 10, 1026",1026-08-10
"September 26, 7377",7377-09-26
"October 4, 5940",5940-10-04
"November 5, 1905",1905-11-05
"September 27, 7587",7587-09-27
"January 29, 7999",7999-01-29
"January 13, 3508",3508-01-13
"November 22, 1789",1789-11-22
"April 10, 3998",3998-04-10
"April 29, 9105",9105-04-29
"October 20, 5139",5139-10-20
"April 11, 7345",7345-04-11
"January 28, 4426",4426-01-28
"February 27, 3172",3172-02-27
"July 25, 3978",3978-07-25
"November 15, 8989",8989-11-15
"January 31, 4758",4758-01-31
"October 25, 5553",5553-10-25
"May 4, 5454",5454-05-04
"March 7, 3541",3541-03-07
"December 31, 1971",1971-12-31
"April 27, 1832",1832-04-27
"October 22, 3558",3558-10-22
"July 29, 7224",7224-07-29
"May 16, 7324",7324-05-16
"April 7, 5260",5260-04-07
"November 18, 1551",1551-11-18
"September 26, 3350",3350-09-26
"April 23, 4406",4406-04-23
"January 7, 3108",3108-01-07
"July 23, 3187",3187-07-23
"May 17, 5678",5678-05-17
"June 28, 2809",2809-06-28
"August 15, 8702",8702-08-15
"October 10, 9507",9507-10-10
"September 10, 2558",2558-09-10
"July 14, 1384",1384-07-14
"July 12, 3855",3855-07-12
"March 10, 3238",3238-03-10
"March 27, 4560",4560-03-27
"December 23, 6253",6253-12-23
"November 20, 4361",4361-11-20
"October 14, 3102",3102-10-14
"July 28, 4044",4044-07-28
"December 23, 5668",5668-12-23
"August 2, 3387",3387-08-02
"July 9, 8533",8533-07-09
"September 21, 2237",2237-09-21
"December 7, 1214",1214-12-07
"July 12, 4459",4459-07-12
"February 3, 3664",3664-02-03
"December 1, 8616",8616-12-01
"May 18, 6176",6176-05-18
"August 30, 9201",9201-08-30
"February 16, 7654",7654-02-16
"July 27, 5773",5773-07-27
"September 25, 6792",6792-09-25
"July 19, 9514",9514-07-19
"October 29, 8959",8959-10-29
"February 10, 8749",8749-02-10
"August 5, 8556",8556-08-05
"April 30, 5550",5550-04-30
"August 26, 9973",9973-08-26
"April 12, 7204",7204-04-12
"October 11, 1321",1321-10-11
"March 1, 1375",1375-03-01
"November 23, 7340",7340-11-23
"April 8, 8477",8477-04-08
"June 23, 4603",4603-06-23
"January 17, 9162",9162-01-17
"August 20, 9128",9128-08-20
"September 5, 2617",2617-09-05
"February 9, 7535",7535-02-09
"January 26, 4222",4222-01-26
"March 8, 5380",5380-03-08
"March 9, 9650",9650-03-09
"December 20, 7689",7689-12-20
"August 6, 1575",1575-08-06
"November 20, 2756",2756-11-20
"March 14, 8508",8508-03-14
"September 28, 2029",2029-09-28
"September 8, 8425",8425-09-08
"October 12, 8609",8609-10-12
"November 30, 6595",6595-11-30
"August 5, 6031",6031-08-05
"November 5, 4284",4284-11-05
"September 4, 1739",1739-09-04
"April 3, 6349",6349-04-03
"November 20, 4025",4025-11-20
"August 21, 3162",3162-08-21
"February 4, 1431",1431-02-04
"March 6, 4469",4469-03-06
"September 30, 3386",3386-09-30
"December 15, 4657",4657-12-15
"March 1, 1671",1671-03-01
"November 12, 2781",2781-11-12
"August 21, 3622",3622-08-21
"September 1, 7161",7161-09-01
"January 15, 5210",5210-01-15
"December 12, 1538",1538-12-12
"January 27, 2876",2876-01-27
"March 12, 2860",2860-03-12
"April 24, 7420",7420-04-24
"April 15, 7999",7999-04-15
"March 20, 4219",4219-03-20
"July 7, 5847",5847-07-07
"April 18, 5488",5488-04-18
"May 15, 4885",4885-05-15
"July 13, 3080",3080-07-13
"November 22, 6149",6149-11-22
"February 27, 9631",9631-02-27
"May 20, 4867",4867-05-20
"February 12, 9381",9381-02-12
"May 26, 9657",9657-05-26
"June 29, 9713",9713-06-29
"June 11, 2831",2831-06-11
"November 24, 3284",3284-11-24
"September 8, 3308",3308-09-08
"October 17, 2532",2532-10-17
"January 31, 6975",6975-01-31
"August 24, 2760",2760-08-24
"April 12, 8161",8161-04-12
"July 23, 3684",3684-07-23
"January 8, 1107",1107-01-08
"February 15, 2565",2565-02-15
"July 7, 1186",1186-07-07
"November 18, 2543",2543-11-18
"October 7, 4791",4791-10-07
"January 23, 5608",5608-01-23
"March 13, 7587",7587-03-13
"January 6, 2238",2238-01-06
"January 8, 3475",3475-01-08
"May 19, 3347",3347-05-19
"May 22, 1114",1114-05-22
"January 14, 3638",3638-01-14
"April 3, 1252",1252-04-03
"March 11, 3520",3520-03-11
"May 10, 3265",3265-05-10
"September 10, 3912",3912-09-10
"August 29, 5688",5688-08-29
"June 16, 6379",6379-06-16
"December 19, 6063",6063-12-19
"September 5, 1777",1777-09-05
"September 13, 9429",9429-09-13
"August 16, 8949",8949-08-16
"October 30, 2410",2410-10-30
"October 13, 8697",8697-10-13
"June 2, 5912",5912-06-02
"April 8, 9995",9995-04-08
"November 28, 6239",6239-11-28
"October 26, 5193",5193-10-26
"December 12, 1122",1122-12-12
"July 15, 6024",6024-07-15
"December 28, 5901",5901-12-28
"August 11, 2630",2630-08-11
"March 16, 9910",9910-03-16
"August 16, 6493",6493-08-16
"March 30, 8001",8001-03-30
"July 23, 8004",8004-07-23
"February 6, 4989",4989-02-06
"February 2, 9623",9623-02-02
"July 5, 4619",4619-07-05
"November 2, 3860",3860-11-02
"April 3, 9594",9594-04-03
"September 22, 1650",1650-09-22
"February 7, 2993",2993-02-07
"May 17, 4192",4192-05-17
"September 1, 8369",8369-09-01
"March 6, 5251",5251-03-06
"July 23, 3418",3418-07-23
"August 28, 1643",1643-08-28
"July 2, 1898",1898-07-02
"February 21, 2987",2987-02-21
"October 7, 3650",3650-10-07
"March 13, 9437",9437-03-13
"April 5, 7680",7680-04-05
"May 14, 7386",7386-05-14
"August 3, 9837",9837-08-03
"May 24, 3966",3966-05-24
"October 29, 6599",6599-10-29
"June 2, 2959",2959-06-02
"July 5, 3698",3698-07-05
"July 10, 1333",1333-07-10
"June 22, 3489",3489-06-22
"May 17, 4110",4110-05-17
"October 2, 9230",9230-10-02
"August 28, 2513",2513-08-28
"November 27, 1535",1535-11-27
"January 22, 2459",2459-01-22
"April 6, 7203",7203-04-06
"March 18, 4399",4399-03-18
"September 10, 6264",6264-09-10
"January 18, 1782",1782-01-18
"January 14, 7678",7678-01-14
"December 10, 9513",9513-12-10
"December 16, 9848",9848-12-16
"March 1, 1188",1188-03-01
"June 25, 2043",2043-06-25
"January 29, 6216",6216-01-29
"October 13, 9241",9241-10-13
"May 3, 2872",2872-05-03
"June 30, 2876",2876-06-30
"March 16, 8601",8601-03-16
"June 18, 2520",2520-06-18
"December 16, 4360",4360-12-16
"July 8, 1598",1598-07-08
"October 31, 5286",5286-10-31
"September 3, 1671",1671-09-03
"April 15, 6045",6045-04-15
"August 10, 9293",9293-08-10
"June 23, 5749",5749-06-23
"August 10, 3973",3973-08-10
"July 18, 8585",8585-07-18
"May 22, 7275",7275-05-22
"December 23, 6311",6311-12-23
"December 27, 9378",9378-12-27
"June 12, 9913",9913-06-12
"August 16, 2166",2166-08-16
"June 30, 6469",6469-06-30
"September 13, 8374",8374-09-13
"April 18, 8304",8304-04-18
"December 29, 8934",8934-12-29
"August 6, 6686",6686-08-06
"July 24, 4687",4687-07-24
"November 28, 3990",3990-11-28
"April 19, 5753",5753-04-19
"October 13, 2215",2215-10-13
"March 28, 8146",8146-03-28
"June 10, 7898",7898-06-10
"February 1, 3100",3100-02-01
"May 4, 4028",4028-05-04
"September 18, 1574",1574-09-18
"April 27, 5436",5436-04-27
"May 10, 5131",5131-05-10
"June 8, 8347",8347-06-08
"October 20, 7219",7219-10-20
"April 5, 3611",3611-04-05
"September 1, 7164",7164-09-01
"November 24, 6060",6060-11-24
"June 20, 2769",2769-06-20
"September 26, 8781",8781-09-26
"August 31, 6387",6387-08-31
"April 21, 8222",8222-04-21
"June 17, 2703",2703-06-17
"June 9, 4898",4898-06-09
"April 15, 6808",6808-04-15
"December 22, 1735",1735-12-22
"August 29, 3065",3065-08-29
"April 19, 2786",2786-04-19
"May 18, 4636",4636-05-18
"May 10, 7876",7876-05-10
"July 13, 1460",1460-07-13
"February 23, 7717",7717-02-23
"July 6, 9979",9979-07-06
"October 16, 8901",8901-10-16
"August 29, 4941",4941-08-29
"May 18, 5424",5424-05-18
"November 16, 5526",5526-11-16
"June 12, 9707",9707-06-12
"September 7, 7129",7129-09-07
"June 25, 4235",4235-06-25
"May 11, 9183",9183-05-11
"February 19, 3925",3925-02-19
"September 21, 6823",6823-09-21
"April 4, 9322",9322-04-04
"February 8, 9492",9492-02-08
"January 23, 2693",2693-01-23
"February 9, 3841",3841-02-09
"December 4, 6574",6574-12-04
"August 11, 3860",3860-08-11
"July 15, 8202",8202-07-15
"August 19, 3154",3154-08-19
"May 9, 6183",6183-05-09
"September 29, 7584",7584-09-29
"September 26, 9835",9835-09-26
"April 21, 1876",1876-04-21
"June 24, 3139",3139-06-24
"April 4, 2145",2145-04-04
"October 5, 2492",2492-10-05
"October 14, 1970",1970-10-14
"January 18, 1987",1987-01-18
"May 30, 1541",1541-05-30
"February 22, 2369",2369-02-22
"October 31, 7096",7096-10-31
"March 25, 6258",6258-03-25
"December 24, 6896",6896-12-24
"November 23, 1481",1481-11-23
"October 5, 3706",3706-10-05
"October 22, 9002",9002-10-22
"November 10, 4980",4980-11-10
"November 11, 8904",8904-11-11
"February 17, 7348",7348-02-17
"May 13, 5776",5776-05-13
"June 4, 9529",9529-06-04
"February 16, 8053",8053-02-16
"February 22, 1574",1574-02-22
"July 16, 8689",8689-07-16
"January 11, 1849",1849-01-11
"April 28, 6218",6218-04-28
"April 2, 1568",1568-04-02
"June 20, 6566",6566-06-20
"September 24, 4345",4345-09-24
"November 15, 8964",8964-11-15
"January 11, 1414",1414-01-11
"May 28, 8226",8226-05-28
"December 17, 3589",3589-12-17
"March 28, 7870",7870-03-28
"August 11, 2734",2734-08-11
"March 23, 5048",5048-03-23
"May 6, 2189",2189-05-06
"July 29, 7749",7749-07-29
"April 3, 8113",8113-04-03
"April 7, 8088",8088-04-07
"October 18, 3891",3891-10-18
"September 27, 8974",8974-09-27
"March 21, 5076",5076-03-21
"May 31, 3046",3046-05-31
"March 29, 7869",7869-03-29
"September 9, 4655",4655-09-09
"December 20, 9442",9442-12-20
"February 18, 9777",9777-02-18
"March 20, 2256",2256-03-20
"October 23, 6672",6672-10-23
"August 8, 2171",2171-08-08
"October 20, 2982",2982-10-20
"May 30, 3015",3015-05-30
"November 18, 2631",2631-11-18
"July 31, 6652",6652-07-31
"June 19, 5453",5453-06-19
"October 11, 9594",9594-10-11
"November 23, 3922",3922-11-23
"April 20, 3868",3868-04-20
"December 24, 3529",3529-12-24
"October 6, 7402",7402-10-06
"March 13, 6218",6218-03-13
"August 1, 3087",3087-08-01
"February 21, 2878",2878-02-21
"June 26, 1246",1246-06-26
"May 1, 5142",5142-05-01
"October 8, 4321",4321-10-08
"July 26, 2718",2718-07-26
"July 27, 2657",2657-07-27
"July 1, 2297",2297-07-01
"March 4, 5314",5314-03-04
"October 24, 3022",3022-10-24
"December 29, 5327",5327-12-29
"November 1, 8798",8798-11-01
"July 12, 4680",4680-07-12
"June 1, 8867",8867-06-01
"June 21, 3993",3993-06-21
"December 30, 7787",7787-12-30
"December 23, 8418",8418-12-23
"June 25, 5392",5392-06-25
"December 17, 3208",3208-12-17
"September 26, 3242",3242-09-26
"April 23, 9498",9498-04-23
"April 5, 9451",9451-04-05
"April 25, 1017",1017-04-25
"October 1, 8950",8950-10-01
"April 24, 7196",7196-04-24
"January 25, 3245",3245-01-25
"October 15, 3323",3323-10-15
"January 24, 4329",4329-01-24
"February 4, 4381",4381-02-04
"July 13, 4468",4468-07-13
"February 26, 6085",6085-02-26
"September 11, 1212",1212-09-11
"June 9, 4499",4499-06-09
"February 10, 6767",6767-02-10
"December 31, 6954",6954-12-31
"June 5, 6731",6731-06-05
"April 10, 6840",6840-04-10
"March 20, 7881",7881-03-20
"October 7, 7661",7661-10-07
"May 30, 4796",4796-05-30
"November 11, 1134",1134-11-11
"August 17, 4111",4111-08-17
"July 30, 6335",6335-07-30
"December 20, 1238",1238-12-20
"September 10, 2908",2908-09-10
"July 25, 1118",1118-07-25
"January 23, 5297",5297-01-23
"March 19, 8049",8049-03-19
"August 24, 8844",8844-08-24
"May 1, 5335",5335-05-01
"December 8, 9795",9795-12-08
"October 14, 6827",6827-10-14
"November 12, 8858",8858-11-12
"December 5, 5011",5011-12-05
"August 9, 1819",1819-08-09
"November 10, 8028",8028-11-10
"June 19, 9797",9797-06-19
"December 1, 4596",4596-12-01
"October 6, 3175",3175-10-06
"May 6, 8830",8830-05-06
"November 25, 6146",6146-11-25
"June 19, 6705",6705-06-19
"August 22, 3955",3955-08-22
"October 15, 8164",8164-10-15
"May 23, 9061",9061-05-23
"February 8, 3086",3086-02-08
"December 29, 5561",5561-12-29
"February 5, 5905",5905-02-05
"March 14, 8288",8288-03-14
"June 12, 8555",8555-06-12
"May 30, 3402",3402-05-30
"November 24, 2836",2836-11-24
"February 18, 7864",7864-02-18
"April 16, 9510",9510-04-16
"December 9, 4634",4634-12-09
"July 15, 5755",5755-07-15
"August 25, 3677",3677-08-25
"September 10, 4077",4077-09-10
"April 25, 3124",3124-04-25
"August 14, 6194",6194-08-14
"December 8, 6718",6718-12-08
"February 17, 6445",6445-02-17
"March 15, 4662",4662-03-15
"November 30, 2957",2957-11-30
"August 2, 2837",2837-08-02
"February 3, 5119",5119-02-03
"December 14, 7513",7513-12-14
"January 5, 2764",2764-01-05
"May 21, 1201",1201-05-21
"April 18, 5804",5804-04-18
"January 17, 1925",1925-01-17
"March 8, 5586",5586-03-08
"February 10, 5011",5011-02-10
"July 31, 7232",7232-07-31
"May 8, 1961",1961-05-08
"December 2, 2627",2627-12-02
"November 3, 7942",7942-11-03
"October 1, 2536",2536-10-01
"December 25, 1318",1318-12-25
"August 30, 8511",8511-08-30
"February 20, 5236",5236-02-20
"September 20, 7576",7576-09-20
"February 2, 9327",9327-02-02
"August 7, 2810",2810-08-07
"December 26, 2732",2732-12-26
"May 18, 7804",7804-05-18
"June 13, 4282",4282-06-13
"November 18, 2343",2343-11-18
"March 13, 1819",1819-03-13
"May 22, 4704",4704-05-22
"May 13, 9826",9826-05-13
"March 4, 5714",5714-03-04
"August 21, 3507",3507-08-21
"October 15, 1482",1482-10-15
"April 26, 2741",2741-04-26
"July 21, 7791",7791-07-21
"November 15, 4648",4648-11-15
"July 31, 4626",4626-07-31
"April 10, 9698",9698-04-10
"October 10, 8634",8634-10-10
"July 11, 9051",9051-07-11
"June 23, 7678",7678-06-23
"December 23, 5618",5618-12-23
"December 27, 3670",3670-12-27
"August 12, 6005",6005-08-12
"March 7, 3806",3806-03-07
"January 17, 6320",6320-01-17
"May 13, 8675",8675-05-13
"July 8, 9270",9270-07-08
"June 4, 2770",2770-06-04
"July 29, 8415",8415-07-29
"April 7, 5692",5692-04-07
"April 28, 2979",2979-04-28
"September 1, 8147",8147-09-01
"June 8, 9299",9299-06-08
"September 19, 4406",4406-09-19
"January 16, 8626",8626-01-16
"November 8, 9772",9772-11-08
"September 26, 3065",3065-09-26
"November 15, 1490",1490-11-15
"October 10, 5954",5954-10-10
"February 17, 5329",5329-02-17
"September 23, 1872",1872-09-23
"August 3, 4849",4849-08-03
"June 15, 8616",8616-06-15
"August 28, 3976",3976-08-28
"January 23, 8160",8160-01-23
"November 7, 6906",6906-11-07
"November 2, 1310",1310-11-02
"December 10, 8421",8421-12-10
"July 4, 8680",8680-07-04
"January 20, 7330",7330-01-20
"April 28, 4900",4900-04-28
"January 6, 2115",2115-01-06
"December 5, 3233",3233-12-05
"June 2, 3351",3351-06-02
"June 6, 9312",9312-06-06
"May 24, 2228",2228-05-24
"April 2, 3561",3561-04-02
"May 4, 8518",8518-05-04
"September 28, 7181",7181-09-28
"October 19, 9730",9730-10-19
"June 26, 1464",1464-06-26
"October 18, 1500",1500-10-18
"July 25, 4130",4130-07-25
"May 29, 7590",7590-05-29
"March 22, 7137",7137-03-22
"June 29, 3577",3577-06-29
"September 28, 9088",9088-09-28
"April 27, 2803",2803-04-27
"August 14, 1737",1737-08-14
"September 8, 8376",8376-09-08
"April 9, 1961",1961-04-09
"January 28, 3030",3030-01-28
"September 4, 2743",2743-09-04
"August 10, 2083",2083-08-10
"June 20, 2985",2985-06-20
"June 18, 9981",9981-06-18
"November 7, 1875",1875-11-07
"March 15, 5273",5273-03-15
"May 2, 9603",9603-05-02
"December 26, 4399",4399-12-26
"April 12, 6872",6872-04-12
"September 22, 8610",8610-09-22
"August 29, 2293",2293-08-29
"June 24, 9167",9167-06-24
"July 11, 5277",5277-07-11
"December 7, 7181",7181-12-07
"July 2, 2764",2764-07-02
"June 5, 6000",6000-06-05
"August 27, 7240",7240-08-27
"June 18, 5790",5790-06-18
"October 3, 7152",7152-10-03
"February 9, 6736",6736-02-09
"April 2, 5610",5610-04-02
"August 4, 4421",4421-08-04
"November 16, 1096",1096-11-16
"January 29, 2194",2194-01-29
"August 11, 9768",9768-08-11
"March 19, 7693",7693-03-19
"February 28, 2260",2260-02-28
"December 11, 7095",7095-12-11
"November 21, 4751",4751-11-21
"May 12, 4010",4010-05-12
"January 5, 7388",7388-01-05
"May 21, 7169",7169-05-21
"August 25, 1671",1671-08-25
"June 12, 5472",5472-06-12
"December 5, 4551",4551-12-05
"May 2, 4509",4509-05-02
"August 4, 9613",9613-08-04
"October 24, 2533",2533-10-24
"September 25, 8736",8736-09-25
"January 10, 1011",1011-01-10
"December 22, 1488",1488-12-22
"September 17, 5458",5458-09-17
"March 12, 3040",3040-03-12
"November 10, 7545",7545-11-10
"March 30, 6770",6770-03-30
"November 13, 6716",6716-11-13
"July 24, 6078",6078-07-24
"October 10, 8329",8329-10-10
"March 18, 7022",7022-03-18
"March 16, 6517",6517-03-16
"May 5, 3808",3808-05-05
"March 1, 4602",4602-03-01
"June 12, 6980",6980-06-12
"July 2, 4758",4758-07-02
"July 31, 9910",9910-07-31
"July 17, 9460",9460-07-17
"May 23, 5452",5452-05-23
"April 26, 8324",8324-04-26
"April 10, 5613",5613-04-10
"September 23, 4235",4235-09-23
"May 11, 5585",5585-05-11
"June 22, 9600",9600-06-22
"January 7, 4569",4569-01-07
"August 13, 9900",9900-08-13
"May 19, 9559",9559-05-19
"September 14, 2363",2363-09-14
"November 11, 7841",7841-11-11
"April 30, 5999",5999-04-30
"September 1, 9316",9316-09-01
"November 4, 2484",2484-11-04
"February 12, 3500",3500-02-12
"May 19, 4401",4401-05-19
"January 2, 8562",8562-01-02
"May 30, 3070",3070-05-30
"October 16, 2283",2283-10-16
"December 2, 8010",8010-12-02
"February 24, 2618",2618-02-24
"March 2, 9209",9209-03-02
"March 21, 6008",6008-03-21
"March 7, 2663",2663-03-07
"February 4, 3056",3056-02-04
"June 18, 1862",1862-06-18
"November 16, 3219",3219-11-16
"October 2, 3101",3101-10-02
"June 17, 1196",1196-06-17
"October 31, 4509",4509-10-31
"September 23, 8925",8925-09-23
"July 15, 1734",1734-07-15
"March 9, 1522",1522-03-09
"January 17, 4265",4265-01-17
"December 2, 2872",2872-12-02
"December 2, 8024",8024-12-02
"August 13, 3904",3904-08-13
"February 9, 7108",7108-02-09
"June 19, 3491",3491-06-19
"December 25, 2294",2294-12-25
"July 18, 4231",4231-07-18
"June 29, 9414",9414-06-29
"May 31, 6576",6576-05-31
"January 16, 6869",6869-01-16
"September 26, 7526",7526-09-26
"December 5, 9870",9870-12-05
"September 26, 9038",9038-09-26
"March 17, 2285",2285-03-17
"January 27, 2034",2034-01-27
"June 19, 6409",6409-06-19
"May 23, 8062",8062-05-23
"August 4, 6127",6127-08-04
"November 12, 2761",2761-11-12
"August 1, 9731",9731-08-01
"March 26, 5665",5665-03-26
"October 30, 7753",7753-10-30
"March 27, 7998",7998-03-27
"December 22, 7821",7821-12-22
"January 25, 8039",8039-01-25
"October 29, 4188",4188-10-29
"April 19, 7607",7607-04-19
"March 19, 8931",8931-03-19
"February 5, 7050",7050-02-05
"July 28, 2108",2108-07-28
"September 24, 8483",8483-09-24
"July 11, 2847",2847-07-11
"December 26, 6898",6898-12-26
"February 11, 9019",9019-02-11
"February 8, 3287",3287-02-08
"June 17, 2273",2273-06-17
"July 17, 9444",9444-07-17
"November 8, 7310",7310-11-08
"July 20, 1228",1228-07-20
"September 19, 1654",1654-09-19
"October 27, 3518",3518-10-27
"October 26, 5960",5960-10-26
"December 8, 5848",5848-12-08
"March 26, 5706",5706-03-26
"June 6, 1240",1240-06-06
"March 4, 9469",9469-03-04
"November 24, 8902",8902-11-24
"September 28, 9556",9556-09-28
"April 19, 2930",2930-04-19
"January 29, 9110",9110-01-29
"June 21, 1024",1024-06-21
"June 10, 1716",1716-06-10
"October 24, 1061",1061-10-24
"May 29, 4994",4994-05-29
"December 4, 3258",3258-12-04
"September 11, 9589",9589-09-11
"March 26, 2852",2852-03-26
"June 10, 7192",7192-06-10
"January 29, 4866",4866-01-29
"November 1, 3220",3220-11-01
"October 6, 7246",7246-10-06
"November 8, 5547",5547-11-08
"April 5, 3165",3165-04-05
"July 30, 2106",2106-07-30
"March 14, 1044",1044-03-14
"January 12, 4695",4695-01-12
"June 12, 8255",8255-06-12
"December 29, 1532",1532-12-29
"December 24, 4750",4750-12-24
"November 8, 3060",3060-11-08
"May 1, 4102",4102-05-01
"February 15, 3805",3805-02-15
"February 12, 7080",7080-02-12
"December 30, 3697",3697-12-30
"January 28, 7314",7314-01-28
"November 22, 9150",9150-11-22
"December 12, 1021",1021-12-12
"November 17, 5079",5079-11-17
"March 3, 7352",7352-03-03
"July 3, 8913",8913-07-03
"June 30, 2858",2858-06-30
"May 6, 5799",5799-05-06
"April 8, 8073",8073-04-08
"September 26, 2962",2962-09-26
"January 4, 8579",8579-01-04
"April 24, 9938",9938-04-24
"February 19, 7483",7483-02-19
"June 15, 9811",9811-06-15
"October 28, 8021",8021-10-28
"February 15, 1717",1717-02-15
"November 23, 1684",1684-11-23
"April 12, 6180",6180-04-12
"September 19, 5571",5571-09-19
"January 17, 7132",7132-01-17
"November 24, 9009",9009-11-24
"March 3, 5963",5963-03-03
"June 22, 2883",2883-06-22
"June 22, 6252",6252-06-22
"November 25, 9684",9684-11-25
"July 21, 6008",6008-07-21
"October 4, 3802",3802-10-04
"May 15, 3608",3608-05-15
"March 1, 3036",3036-03-01
"September 16, 7382",7382-09-16
"December 1, 3374",3374-12-01
"March 14, 6760",6760-03-14
"April 10, 7998",7998-04-10
"May 18, 5425",5425-05-18
"June 26, 8730",8730-06-26
"November 23, 3340",3340-11-23
"February 14, 3463",3463-02-14
"January 28, 6554",6554-01-28
"September 4, 5679",5679-09-04
"January 28, 9578",9578-01-28
"August 10, 1956",1956-08-10
"October 14, 6806",6806-10-14
"January 18, 4861",4861-01-18
"February 3, 8292",8292-02-03
"August 25, 2309",2309-08-25
"May 19, 8247",8247-05-19
"December 3, 7227",7227-12-03
"March 14, 9613",9613-03-14
"December 31, 9818",9818-12-31
"January 17, 5622",5622-01-17
"December 24, 3032",3032-12-24
"June 15, 5566",5566-06-15
"August 15, 6223",6223-08-15
"December 19, 2202",2202-12-19
"January 4, 3846",3846-01-04
"July 3, 5984",5984-07-03
"September 4, 7340",7340-09-04
"February 2, 4499",4499-02-02
"June 11, 9922",9922-06-11
"October 24, 2247",2247-10-24
"June 4, 1009",1009-06-04
"March 20, 1854",1854-03-20
"June 1, 3180",3180-06-01
"July 25, 2780",2780-07-25
"February 6, 8623",8623-02-06
"November 20, 6808",6808-11-20
"March 21, 2801",2801-03-21
"August 23, 3309",3309-08-23
"October 22, 3590",3590-10-22
"July 23, 9232",9232-07-23
"December 4, 7990",7990-12-04
"August 1, 2749",2749-08-01
"August 5, 2138",2138-08-05
"October 13, 8728",8728-10-13
"August 19, 7207",7207-08-19
"November 5, 6834",6834-11-05
"July 21, 9395",9395-07-21
"February 6, 3570",3570-02-06
"July 19, 5011",5011-07-19
"July 17, 3145",3145-07-17
"December 10, 6294",6294-12-10
"May 31, 9465",9465-05-31
"March 1, 7891",7891-03-01
"October 12, 9363",9363-10-12
"December 3, 1726",1726-12-03
"June 5, 7067",7067-06-05
"March 13, 6476",6476-03-13
"May 22, 4736",4736-05-22
"March 28, 9133",9133-03-28
"May 24, 9776",9776-05-24
"March 12, 9455",9455-03-12
"March 5, 9042",9042-03-05
"March 15, 1227",1227-03-15
"January 16, 5663",5663-01-16
"April 20, 6538",6538-04-20
"July 8, 6661",6661-07-08
"July 28, 5428",5428-07-28
"August 15, 2090",2090-08-15
"September 23, 8471",8471-09-23
"December 13, 1498",1498-12-13
"September 26, 5851",5851-09-26
"January 27, 9676",9676-01-27
"November 29, 8224",8224-11-29
"September 10, 9306",9306-09-10
"August 17, 5251",5251-08-17
"June 23, 7683",7683-06-23
"April 26, 2918",2918-04-26
"January 18, 1072",1072-01-18
"November 5, 8289",8289-11-05
"October 13, 7180",7180-10-13
"November 16, 7001",7001-11-16
"July 17, 2153",2153-07-17
"June 16, 8512",8512-06-16
"March 31, 4059",4059-03-31
"August 12, 3840",3840-08-12
"February 10, 9846",9846-02-10
"December 18, 1861",1861-12-18
"April 11, 8133",8133-04-11
"June 3, 2463",2463-06-03
"November 14, 6363",6363-11-14
"February 5, 7967",7967-02-05
"July 22, 6105",6105-07-22
"June 6, 5705",5705-06-06
"January 17, 2341",2341-01-17
"November 11, 6289",6289-11-11
"March 10, 6778",6778-03-10
"September 28, 8978",8978-09-28
"November 18, 2270",2270-11-18
"March 5, 5046",5046-03-05
"August 14, 7814",7814-08-14
"August 18, 5811",5811-08-18
"May 23, 7655",7655-05-23
"July 15, 7123",7123-07-15
"November 8, 8386",8386-11-08
"November 17, 3835",3835-11-17
"November 3, 7212",7212-11-03
"August 11, 8955",8955-08-11
"July 20, 4432",4432-07-20
"August 14, 5018",5018-08-14
"September 12, 8587",8587-09-12
"November 8, 6712",6712-11-08
"April 29, 3046",3046-04-29
"November 5, 9433",9433-11-05
"November 2, 8757",8757-11-02
"January 17, 1191",1191-01-17
"June 15, 9224",9224-06-15
"September 5, 9404",9404-09-05
"April 19, 2730",2730-04-19
"September 14, 9055",9055-09-14
"September 3, 5487",5487-09-03
"November 1, 5327",5327-11-01
"April 24, 5233",5233-04-24
"October 21, 8991",8991-10-21
"November 16, 5584",5584-11-16
"September 20, 7130",7130-09-20
"February 18, 5415",5415-02-18
"April 5, 9770",9770-04-05
"July 28, 2961",2961-07-28
"October 15, 8023",8023-10-15
"January 28, 5064",5064-01-28
"March 1, 7600",7600-03-01
"October 6, 2081",2081-10-06
"December 9, 2588",2588-12-09
"December 8, 4716",4716-12-08
"February 26, 6147",6147-02-26
"April 7, 3344",3344-04-07
"July 3, 4537",4537-07-03
"June 8, 8082",8082-06-08
"October 30, 6824",6824-10-30
"October 25, 7811",7811-10-25
"January 13, 7494",7494-01-13
"March 5, 2866",2866-03-05
"October 20, 4943",4943-10-20
"May 21, 4745",4745-05-21
"October 8, 3566",3566-10-08
"February 1, 7917",7917-02-01
"January 22, 4133",4133-01-22
"May 17, 8707",8707-05-17
"February 26, 5997",5997-02-26
"November 12, 8214",8214-11-12
"November 19, 8308",8308-11-19
"September 23, 1103",1103-09-23
"June 9, 9773",9773-06-09
"August 9, 6102",6102-08-09
"November 27, 9476",9476-11-27
"July 11, 4420",4420-07-11
"July 22, 2567",2567-07-22
"October 26, 7652",7652-10-26
"January 31, 7980",7980-01-31
"February 3, 1258",1258-02-03
"October 21, 6110",6110-10-21
"December 14, 4078",4078-12-14
"November 2, 8204",8204-11-02
"October 11, 6456",6456-10-11
"December 8, 2638",2638-12-08
"January 14, 9783",9783-01-14
"April 28, 8089",8089-04-28
"April 26, 5731",5731-04-26
"February 28, 5858",5858-02-28
"May 20, 7778",7778-05-20
"November 27, 4496",4496-11-27
"August 27, 1722",1722-08-27
"November 16, 9778",9778-11-16
"May 12, 6028",6028-05-12
"September 5, 7592",7592-09-05
"April 29, 8105",8105-04-29
"August 13, 5551",5551-08-13
"January 8, 6563",6563-01-08
"December 22, 1247",1247-12-22
"October 19, 7458",7458-10-19
"March 7, 1044",1044-03-07
"April 6, 7353",7353-04-06
"June 6, 9978",9978-06-06
"January 27, 7836",7836-01-27
"April 12, 6251",6251-04-12
"May 25, 4525",4525-05-25
"October 11, 8877",8877-10-11
"August 5, 8805",8805-08-05
"March 12, 6719",6719-03-12
"April 17, 3927",3927-04-17
"January 23, 7421",7421-01-23
"August 1, 5041",5041-08-01
"December 24, 8872",8872-12-24
"August 28, 8094",8094-08-28
"November 24, 7556",7556-11-24
"December 13, 4263",4263-12-13
"January 28, 5658",5658-01-28
"March 6, 4167",4167-03-06
"May 7, 1864",1864-05-07
"November 1, 6845",6845-11-01
"July 21, 3222",3222-07-21
"January 20, 7985",7985-01-20
"July 11, 6788",6788-07-11
"February 20, 4471",4471-02-20
"June 2, 2292",2292-06-02
"March 26, 5719",5719-03-26
"December 6, 6305",6305-12-06
"February 21, 3785",3785-02-21
"June 26, 4318",4318-06-26
"May 8, 6263",6263-05-08
"November 8, 6959",6959-11-08
"September 8, 8233",8233-09-08
"January 17, 4943",4943-01-17
"August 2, 3368",3368-08-02
"February 24, 5578",5578-02-24
"May 14, 9418",9418-05-14
"January 3, 7678",7678-01-03
"March 18, 7160",7160-03-18
"April 10, 7123",7123-04-10
"August 28, 2226",2226-08-28
"March 13, 5373",5373-03-13
"April 28, 4364",4364-04-28
"December 12, 9915",9915-12-12
"August 24, 7709",7709-08-24
"November 8, 7128",7128-11-08
"January 7, 1321",1321-01-07
"September 11, 4045",4045-09-11
"June 7, 4330",4330-06-07
"April 1, 4629",4629-04-01
"June 2, 1113",1113-06-02
"October 5, 7946",7946-10-05
"December 2, 2913",2913-12-02
"April 10, 8612",8612-04-10
"August 17, 8349",8349-08-17
"June 2, 6911",6911-06-02
"April 9, 5530",5530-04-09
"November 2, 1113",1113-11-02
"April 27, 4751",4751-04-27
"July 26, 2962",2962-07-26
"February 21, 2358",2358-02-21
"July 29, 1360",1360-07-29
"August 13, 2883",2883-08-13
"November 23, 5575",5575-11-23
"June 9, 2602",2602-06-09
"April 26, 6267",6267-04-26
"October 31, 1448",1448-10-31
"August 22, 5555",5555-08-22
"November 30, 5595",5595-11-30
"November 6, 4328",4328-11-06
"January 9, 7349",7349-01-09
"March 7, 7911",7911-03-07
"November 15, 1702",1702-11-15
"August 9, 1207",1207-08-09
"April 8, 7251",7251-04-08
"March 11, 3057",3057-03-11
"January 2, 4107",4107-01-02
"August 14, 7139",7139-08-14
"June 26, 3901",3901-06-26
"September 3, 5117",5117-09-03
"June 9, 6972",6972-06-09
"August 7, 2198",2198-08-07
"May 13, 9844",9844-05-13
"December 5, 3542",3542-12-05
"April 4, 1006",1006-04-04
"February 16, 7388",7388-02-16
"October 31, 7196",7196-10-31
"August 27, 7581",7581-08-27
"August 29, 7379",7379-08-29
"May 11, 3181",3181-05-11
"December 7, 8644",8644-12-07
"July 16, 1472",1472-07-16
"March 20, 4788",4788-03-20
"June 21, 6540",6540-06-21
"November 24, 4503",4503-11-24
"October 13, 8656",8656-10-13
"December 30, 7210",7210-12-30
"March 22, 7328",7328-03-22
"March 4, 3721",3721-03-04
"September 8, 8106",8106-09-08
"October 20, 7832",7832-10-20
"March 14, 9462",9462-03-14
"February 5, 6440",6440-02-05
"September 10, 4007",4007-09-10
"March 20, 9538",9538-03-20
"February 8, 2217",2217-02-08
"April 3, 7354",7354-04-03
"January 31, 4992",4992-01-31
"February 11, 5777",5777-02-11
"August 4, 3716",3716-08-04
"April 22, 1167",1167-04-22
"May 24, 2715",2715-05-24
"January 27, 6134",6134-01-27
"May 6, 5255",5255-05-06
"February 19, 1146",1146-02-19
"July 11, 1542",1542-07-11
"April 5, 1007",1007-04-05
"May 2, 3444",3444-05-02
"May 19, 1527",1527-05-19
"December 2, 8804",8804-12-02
"November 7, 4960",4960-11-07
"July 17, 9270",9270-07-17
"December 11, 5482",5482-12-11
"December 6, 9724",9724-12-06
"May 15, 8795",8795-05-15
"April 23, 5631",5631-04-23
"April 16, 2169",2169-04-16
"April 19, 7800",7800-04-19
"August 14, 9940",9940-08-14
"April 16, 7849",7849-04-16
"November 30, 5086",5086-11-30
"July 1, 8407",8407-07-01
"September 8, 3334",3334-09-08
"July 10, 1198",1198-07-10
"August 30, 5104",5104-08-30
"October 13, 5448",5448-10-13
"March 21, 4362",4362-03-21
"December 17, 2114",2114-12-17
"May 19, 7407",7407-05-19
"November 26, 3997",3997-11-26
"November 8, 9810",9810-11-08
"January 26, 7492",7492-01-26
"January 20, 3200",3200-01-20
"December 24, 6032",6032-12-24
"October 18, 7216",7216-10-18
"March 21, 8636",8636-03-21
"May 13, 4378",4378-05-13
"November 4, 5960",5960-11-04
"February 20, 6154",6154-02-20
"September 19, 7539",7539-09-19
"September 11, 1594",1594-09-11
"April 13, 6772",6772-04-13
"December 25, 9740",9740-12-25
"June 10, 6510",6510-06-10
"November 3, 9279",9279-11-03
"December 30, 1223",1223-12-30
"January 4, 8506",8506-01-04
"September 8, 2358",2358-09-08
"September 23, 7095",7095-09-23
"June 18, 6421",6421-06-18
"April 17, 2860",2860-04-17
"May 1, 5759",5759-05-01
"December 19, 8380",8380-12-19
"January 1, 1401",1401-01-01
"August 20, 1358",1358-08-20
"August 19, 2297",2297-08-19
"June 6, 8246",8246-06-06
"February 3, 9614",9614-02-03
"March 5, 3343",3343-03-05
"November 8, 5911",5911-11-08
"January 20, 5276",5276-01-20
"December 12, 8899",8899-12-12
"January 20, 2411",2411-01-20
"September 7, 1546",1546-09-07
"November 13, 3651",3651-11-13
"June 18, 4116",4116-06-18
"November 11, 4394",4394-11-11
"September 20, 4479",4479-09-20
"August 14, 3894",3894-08-14
"May 27, 2510",2510-05-27
"November 9, 7906",7906-11-09
"April 7, 7836",7836-04-07
"November 6, 1496",1496-11-06
"August 5, 5517",5517-08-05
"June 21, 6557",6557-06-21
"June 25, 4149",4149-06-25
"August 26, 8639",8639-08-26
"March 28, 4938",4938-03-28
"May 23, 5845",5845-05-23
"January 18, 7415",7415-01-18
"June 6, 5603",5603-06-06
"June 16, 5297",5297-06-16
"November 23, 2892",2892-11-23
"March 25, 4455",4455-03-25
"June 29, 1443",1443-06-29
"November 8, 5338",5338-11-08
"December 16, 2627",2627-12-16
"August 14, 9935",9935-08-14
"June 19, 2447",2447-06-19
"August 15, 2341",2341-08-15
"March 8, 4716",4716-03-08
"July 31, 4952",4952-07-31
"September 22, 8019",8019-09-22
"October 24, 7859",7859-10-24
"January 5, 6009",6009-01-05
"July 27, 6485",6485-07-27
"June 1, 2572",2572-06-01
"March 28, 4622",4622-03-28
"December 8, 5885",5885-12-08
"October 11, 9820",9820-10-11
"January 28, 3047",3047-01-28
"September 16, 3115",3115-09-16
"March 28, 3076",3076-03-28
"February 14, 2434",2434-02-14
"May 22, 7993",7993-05-22
"November 20, 1090",1090-11-20
"February 4, 4810",4810-02-04
"February 13, 3709",3709-02-13
"March 15, 3474",3474-03-15
"June 2, 8294",8294-06-02
"October 30, 8435",8435-10-30
"February 10, 8578",8578-02-10
"June 19, 4386",4386-06-19
"December 6, 6047",6047-12-06
"August 12, 1337",1337-08-12
"November 22, 3969",3969-11-22
"March 22, 6729",6729-03-22
"December 13, 4528",4528-12-13
"September 24, 6516",6516-09-24
"October 20, 5464",5464-10-20
"February 15, 4486",4486-02-15
"September 30, 7214",7214-09-30
"November 14, 4313",4313-11-14
"March 23, 8863",8863-03-23
"December 28, 4739",4739-12-28
"February 6, 5276",5276-02-06
"January 9, 7859",7859-01-09
"December 24, 3558",3558-12-24
"February 25, 7899",7899-02-25
"March 8, 6019",6019-03-08
"August 14, 4746",4746-08-14
"July 5, 2960",2960-07-05
"November 23, 2106",2106-11-23
"June 11, 3661",3661-06-11
"August 2, 7136",7136-08-02
"May 22, 3586",3586-05-22
"February 1, 4589",4589-02-01
"February 16, 1070",1070-02-16
"August 16, 6616",6616-08-16
"October 9, 1939",1939-10-09
"April 28, 2575",2575-04-28
"March 12, 4301",4301-03-12
"March 28, 4824",4824-03-28
"August 2, 9367",9367-08-02
"October 30, 4992",4992-10-30
"April 14, 3505",3505-04-14
"January 19, 2167",2167-01-19
"November 8, 2908",2908-11-08
"December 13, 9055",9055-12-13
"June 16, 7843",7843-06-16
"March 6, 1647",1647-03-06
"March 6, 1038",1038-03-06
"August 13, 9509",9509-08-13
"December 28, 3860",3860-12-28
"December 25, 5528",5528-12-25
"October 2, 2466",2466-10-02
"December 13, 8560",8560-12-13
"July 29, 3122",3122-07-29
"August 27, 2049",2049-08-27
"October 6, 1780",1780-10-06
"April 5, 9235",9235-04-05
"April 6, 9947",9947-04-06
"September 23, 6423",6423-09-23
"August 25, 3719",3719-08-25
"June 14, 9943",9943-06-14
"July 30, 8350",8350-07-30
"April 19, 2644",2644-04-19
"August 28, 8272",8272-08-28
"July 11, 6320",6320-07-11
"May 30, 6680",6680-05-30
"July 15, 2803",2803-07-15
"May 31, 5887",5887-05-31
"December 15, 9869",9869-12-15
"August 12, 4108",4108-08-12
"January 16, 7156",7156-01-16
"August 29, 8378",8378-08-29
"March 16, 7265",7265-03-16
"May 4, 9400",9400-05-04
"May 5, 3829",3829-05-05
"December 18, 8090",8090-12-18
"February 17, 4979",4979-02-17
"April 10, 7381",7381-04-10
"January 25, 4686",4686-01-25
"July 13, 9180",9180-07-13
"September 1, 8752",8752-09-01
"November 13, 4688",4688-11-13
"July 29, 7363",7363-07-29
"January 3, 4729",4729-01-03
"May 6, 2963",2963-05-06
"November 24, 3077",3077-11-24
"September 1, 7711",7711-09-01
"November 13, 8677",8677-11-13
"August 25, 4505",4505-08-25
"October 15, 2955",2955-10-15
"June 2, 8823",8823-06-02
"June 29, 4976",4976-06-29
"January 20, 2607",2607-01-20
"July 21, 9185",9185-07-21
"February 5, 4590",4590-02-05
"June 22, 2164",2164-06-22
"April 8, 5663",5663-04-08
"February 26, 2328",2328-02-26
"November 16, 6768",6768-11-16
"February 1, 4763",4763-02-01
"May 27, 6618",6618-05-27
"October 6, 5228",5228-10-06
"October 27, 8061",8061-10-27
"January 3, 1965",1965-01-03
"November 9, 6151",6151-11-09
"May 8, 1764",1764-05-08
"August 8, 1628",1628-08-08
"May 11, 4858",4858-05-11
"September 27, 1599",1599-09-27
"November 25, 7075",7075-11-25
"December 27, 8311",8311-12-27
"August 11, 1541",1541-08-11
"September 8, 5171",5171-09-08
"November 8, 4542",4542-11-08
"December 22, 7881",7881-12-22
"January 22, 2065",2065-01-22
"July 10, 3966",3966-07-10
"May 19, 6147",6147-05-19
"October 21, 6214",6214-10-21
"May 31, 4528",4528-05-31
"November 27, 4091",4091-11-27
"November 9, 6415",6415-11-09
"December 1, 3644",3644-12-01
"May 10, 9781",9781-05-10
"May 25, 5204",5204-05-25
"October 7, 8333",8333-10-07
"December 15, 3466",3466-12-15
"April 24, 5095",5095-04-24
"September 7, 9869",9869-09-07
"November 13, 2620",2620-11-13
"February 6, 4417",4417-02-06
"December 17, 6033",6033-12-17
"December 18, 7073",7073-12-18
"September 18, 9403",9403-09-18
"May 6, 9536",9536-05-06
"November 11, 9408",9408-11-11
"October 24, 4396",4396-10-24
"September 19, 2287",2287-09-19
"September 30, 6296",6296-09-30
"July 2, 2367",2367-07-02
"November 3, 5092",5092-11-03
"March 3, 7667",7667-03-03
"April 20, 4448",4448-04-20
"April 6, 9065",9065-04-06
"January 7, 7558",7558-01-07
"April 15, 6276",6276-04-15
"April 11, 3290",3290-04-11
"April 2, 3985",3985-04-02
"March 10, 4323",4323-03-10
"January 7, 7925",7925-01-07
"March 6, 3333",3333-03-06
"November 3, 1420",1420-11-03
"April 17, 4828",4828-04-17
"December 9, 3656",3656-12-09
"October 20, 6607",6607-10-20
"November 26, 6862",6862-11-26
"November 17, 7135",7135-11-17
"October 14, 1347",1347-10-14
"March 8, 3552",3552-03-08
"January 4, 3242",3242-01-04
"April 16, 2433",2433-04-16
"August 9, 7084",7084-08-09
"October 29, 3500",3500-10-29
"November 17, 5837",5837-11-17
"October 26, 1954",1954-10-26
"April 28, 1788",1788-04-28
"February 6, 8905",8905-02-06
"August 28, 3308",3308-08-28
"January 1, 3752",3752-01-01
"January 2, 8399",8399-01-02
"November 12, 6984",6984-11-12
"March 22, 7900",7900-03-22
"July 17, 3092",3092-07-17
"December 5, 5904",5904-12-05
"November 19, 1429",1429-11-19
"November 11, 6890",6890-11-11
"March 21, 6448",6448-03-21
"January 10, 6811",6811-01-10
"February 20, 7143",7143-02-20
"August 1, 3010",3010-08-01
"April 7, 7394",7394-04-07
"July 12, 1784",1784-07-12
"June 5, 5049",5049-06-05
"March 1, 2999",2999-03-01
"March 17, 6511",6511-03-17
"February 8, 7239",7239-02-08
"March 21, 6457",6457-03-21
"March 23, 3254",3254-03-23
"September 26, 1110",1110-09-26
"August 7, 4275",4275-08-07
"September 15, 7371",7371-09-15
"January 7, 5993",5993-01-07
"June 19, 3112",3112-06-19
"June 22, 4628",4628-06-22
"November 27, 8857",8857-11-27
"October 25, 1718",1718-10-25
"August 31, 4599",4599-08-31
"September 22, 3084",3084-09-22
"August 11, 2403",2403-08-11
"March 1, 6112",6112-03-01
"January 11, 8941",8941-01-11
"November 18, 4510",4510-11-18
"February 18, 5692",5692-02-18
"November 13, 4751",4751-11-13
"June 13, 8589",8589-06-13
"August 24, 3442",3442-08-24
"March 2, 4760",4760-03-02
"November 6, 9370",9370-11-06
"March 11, 3600",3600-03-11
"May 7, 6542",6542-05-07
"December 23, 6877",6877-12-23
"March 18, 1574",1574-03-18
"November 24, 2165",2165-11-24
"April 12, 6878",6878-04-12
"October 15, 7482",7482-10-15
"February 10, 2233",2233-02-10
"December 5, 5090",5090-12-05
"November 18, 5878",5878-11-18
"September 11, 8872",8872-09-11
"May 16, 6493",6493-05-16
"October 28, 3158",3158-10-28
"May 22, 4359",4359-05-22
"June 1, 4206",4206-06-01
"March 7, 5381",5381-03-07
"May 9, 6702",6702-05-09
"March 22, 2006",2006-03-22
"December 28, 9442",9442-12-28
"November 4, 6502",6502-11-04
"September 19, 6083",6083-09-19
"May 14, 9524",9524-05-14
"February 21, 5351",5351-02-21
"January 25, 2867",2867-01-25
"December 5, 7803",7803-12-05
"August 17, 5564",5564-08-17
"February 17, 7762",7762-02-17
"December 6, 1749",1749-12-06
"June 1, 4564",4564-06-01
"November 20, 3577",3577-11-20
"June 1, 3410",3410-06-01
"February 17, 5548",5548-02-17
"February 9, 2568",2568-02-09
"June 20, 7748",7748-06-20
"January 4, 7943",7943-01-04
"November 15, 7609",7609-11-15
"September 30, 3950",3950-09-30
"August 26, 5318",5318-08-26
"May 26, 8224",8224-05-26
"February 2, 5938",5938-02-02
"August 17, 4008",4008-08-17
"February 20, 4921",4921-02-20
"September 15, 1604",1604-09-15
"April 24, 8000",8000-04-24
"February 8, 7747",7747-02-08
"May 28, 7604",7604-05-28
"July 13, 7727",7727-07-13
"December 12, 1332",1332-12-12
"November 18, 8917",8917-11-18
"February 8, 1424",1424-02-08
"January 25, 2288",2288-01-25
"October 16, 1553",1553-10-16
"May 4, 7112",7112-05-04
"May 20, 7839",7839-05-20
"February 10, 7363",7363-02-10
"September 11, 4907",4907-09-11
"August 1, 6508",6508-08-01
"October 30, 3616",3616-10-30
"February 3, 7631",7631-02-03
"October 14, 1194",1194-10-14
"February 24, 7101",7101-02-24
"August 15, 3686",3686-08-15
"January 6, 8852",8852-01-06
"May 24, 9140",9140-05-24
"October 19, 4908",4908-10-19
"February 29, 2880",2880-02-29
"March 27, 2093",2093-03-27
"August 2, 9087",9087-08-02
"December 6, 1975",1975-12-06
"August 17, 7204",7204-08-17
"June 13, 7826",7826-06-13
"September 4, 5703",5703-09-04
"March 13, 8620",8620-03-13
"March 21, 6995",6995-03-21
"February 6, 4336",4336-02-06
"June 4, 4301",4301-06-04
"July 11, 2954",2954-07-11
"September 5, 8470",8470-09-05
"June 22, 4385",4385-06-22
"January 11, 5477",5477-01-11
"March 21, 4180",4180-03-21
"May 7, 9453",9453-05-07
"June 19, 6909",6909-06-19
"October 14, 9916",9916-10-14
"August 13, 6933",6933-08-13
"November 4, 4416",4416-11-04
"April 8, 8111",8111-04-08
"February 21, 9625",9625-02-21
"December 5, 8693",8693-12-05
"April 2, 8063",8063-04-02
"May 26, 9316",9316-05-26
"June 11, 6257",6257-06-11
"February 4, 7693",7693-02-04
"February 11, 5257",5257-02-11
"April 15, 6030",6030-04-15
"March 19, 2960",2960-03-19
"October 8, 7442",7442-10-08
"September 5, 5259",5259-09-05
"April 20, 9901",9901-04-20
"March 3, 6630",6630-03-03
"June 10, 4773",4773-06-10
"May 9, 8293",8293-05-09
"February 14, 9153",9153-02-14
"April 25, 7557",7557-04-25
"May 19, 5002",5002-05-19
"April 30, 9661",9661-04-30
"April 28, 6970",6970-04-28
"September 28, 2451",2451-09-28
"February 8, 6952",6952-02-08
"August 31, 9519",9519-08-31
"July 16, 2276",2276-07-16
"February 27, 7802",7802-02-27
"August 5, 1589",1589-08-05
"April 17, 3057",3057-04-17
"June 7, 2647",2647-06-07
"August 2, 1820",1820-08-02
"July 4, 6065",6065-07-04
"July 3, 9557",9557-07-03
"March 19, 7704",7704-03-19
"March 3, 6314",6314-03-03
"December 29, 9395",9395-12-29
"July 11, 7187",7187-07-11
"November 7, 7995",7995-11-07
"January 5, 8583",8583-01-05
"October 2, 8608",8608-10-02
"June 17, 8248",8248-06-17
"July 18, 1849",1849-07-18
"October 27, 2580",2580-10-27
"May 9, 4436",4436-05-09
"September 21, 7072",7072-09-21
"April 18, 7206",7206-04-18
"July 16, 3153",3153-07-16
"June 14, 8341",8341-06-14
"January 17, 7987",7987-01-17
"November 27, 6188",6188-11-27
"January 28, 1941",1941-01-28
"November 1, 6306",6306-11-01
"March 27, 1165",1165-03-27
"July 14, 4768",4768-07-14
"October 1, 9619",9619-10-01
"May 19, 7667",7667-05-19
"March 21, 7076",7076-03-21
"June 16, 4436",4436-06-16
"August 27, 4016",4016-08-27
"January 10, 4775",4775-01-10
"July 9, 2135",2135-07-09
"March 20, 4053",4053-03-20
"November 23, 3366",3366-11-23
"October 1, 5885",5885-10-01
"October 10, 6699",6699-10-10
"November 9, 9733",9733-11-09
"December 15, 2835",2835-12-15
"October 6, 7006",7006-10-06
"August 8, 5492",5492-08-08
"March 8, 7010",7010-03-08
"August 12, 2203",2203-08-12
"February 21, 1953",1953-02-21
"August 8, 3092",3092-08-08
"June 23, 9338",9338-06-23
"April 9, 3499",3499-04-09
"October 16, 8328",8328-10-16
"November 21, 1340",1340-11-21
"August 23, 3410",3410-08-23
"March 22, 7065",7065-03-22
"September 14, 6773",6773-09-14
"March 3, 4924",4924-03-03
"July 6, 9635",9635-07-06
"September 6, 5988",5988-09-06
"July 16, 7159",7159-07-16
"January 7, 2310",2310-01-07
"December 12, 9903",9903-12-12
"September 10, 1940",1940-09-10
"December 7, 7638",7638-12-07
"March 27, 3822",3822-03-27
"March 10, 8002",8002-03-10
"April 24, 6646",6646-04-24
"January 13, 7187",7187-01-13
"March 28, 1916",1916-03-28
"March 3, 4159",4159-03-03
"December 1, 4864",4864-12-01
"August 4, 7619",7619-08-04
"June 1, 1130",1130-06-01
"April 6, 1260",1260-04-06
"August 17, 9473",9473-08-17
"August 19, 8087",8087-08-19
"March 10, 8541",8541-03-10
"October 3, 9269",9269-10-03
"June 28, 7578",7578-06-28
"November 2, 8237",8237-11-02
"November 21, 2916",2916-11-21
"December 26, 2209",2209-12-26
"August 6, 6113",6113-08-06
"June 14, 6374",6374-06-14
"February 8, 7627",7627-02-08
"August 31, 1539",1539-08-31
"August 9, 5253",5253-08-09
"June 29, 4624",4624-06-29
"May 11, 2697",2697-05-11
"December 21, 7433",7433-12-21
"February 15, 5883",5883-02-15
"February 3, 5857",5857-02-03
"March 23, 7720",7720-03-23
"June 11, 3385",3385-06-11
"January 3, 3538",3538-01-03
"January 25, 5291",5291-01-25
"December 25, 2026",2026-12-25
"October 5, 8211",8211-10-05
"August 27, 8544",8544-08-27
"April 20, 4595",4595-04-20
"September 16, 9549",9549-09-16
"July 19, 6794",6794-07-19
"June 25, 7183",7183-06-25
"July 25, 9622",9622-07-25
"May 3, 1237",1237-05-03
"November 22, 9664",9664-11-22
"February 28, 9290",9290-02-28
"March 14, 6336",6336-03-14
"April 3, 9601",9601-04-03
"July 11, 1136",1136-07-11
"August 18, 9828",9828-08-18
"October 20, 8681",8681-10-20
"July 30, 4656",4656-07-30
"February 16, 3241",3241-02-16
"February 4, 2453",2453-02-04
"April 25, 8732",8732-04-25
"January 8, 5531",5531-01-08
"May 22, 1229",1229-05-22
"April 4, 9568",9568-04-04
"July 22, 9548",9548-07-22
"September 11, 2395",2395-09-11
"May 27, 2399",2399-05-27
"October 23, 7610",7610-10-23
"January 21, 3769",3769-01-21
"February 4, 7712",7712-02-04
"August 17, 1916",1916-08-17
"November 2, 1119",1119-11-02
"January 20, 3855",3855-01-20
"August 12, 7116",7116-08-12
"December 2, 2442",2442-12-02
"November 30, 7585",7585-11-30
"October 19, 6446",6446-10-19
"October 6, 4529",4529-10-06
"May 31, 2543",2543-05-31
"January 26, 8422",8422-01-26
"January 20, 4619",4619-01-20
"March 27, 5014",5014-03-27
"July 14, 2392",2392-07-14
"July 12, 3794",3794-07-12
"June 23, 9308",9308-06-23
"October 26, 5898",5898-10-26
"April 29, 1485",1485-04-29
"March 24, 7591",7591-03-24
"May 6, 1678",1678-05-06
"August 30, 8924",8924-08-30
"March 1, 7099",7099-03-01
"August 30, 4767",4767-08-30
"November 13, 7143",7143-11-13
"August 1, 2160",2160-08-01
"February 2, 6768",6768-02-02
"October 22, 9235",9235-10-22
"September 5, 2412",2412-09-05
"July 16, 1490",1490-07-16
"July 16, 4254",4254-07-16
"August 24, 4763",4763-08-24
"June 18, 1700",1700-06-18
"July 6, 2557",2557-07-06
"June 20, 4437",4437-06-20
"July 25, 3436",3436-07-25
"July 30, 9206",9206-07-30
"May 22, 6294",6294-05-22
"May 1, 3372",3372-05-01
"September 27, 5598",5598-09-27
"March 2, 1800",1800-03-02
"October 6, 4941",4941-10-06
"December 1, 9005",9005-12-01
"December 28, 7096",7096-12-28
"January 17, 6698",6698-01-17
"July 5, 3361",3361-07-05
"August 10, 5353",5353-08-10
"February 19, 9699",9699-02-19
"January 25, 5617",5617-01-25
"February 10, 2606",2606-02-10
"April 22, 6051",6051-04-22
"September 1, 1905",1905-09-01
"April 28, 3492",3492-04-28
"January 27, 8926",8926-01-27
"February 5, 5004",5004-02-05
"September 14, 6852",6852-09-14
"May 17, 9275",9275-05-17
"May 22, 7885",7885-05-22
"April 11, 5604",5604-04-11
"September 18, 7526",7526-09-18
"June 17, 3817",3817-06-17
"November 29, 3399",3399-11-29
"May 10, 5056",5056-05-10
"December 21, 3778",3778-12-21
"September 15, 8104",8104-09-15
"January 28, 1693",1693-01-28
"January 29, 9088",9088-01-29
"September 12, 1081",1081-09-12
"December 29, 8195",8195-12-29
"December 16, 4833",4833-12-16
"June 7, 7253",7253-06-07
"December 8, 4694",4694-12-08
"May 12, 9627",9627-05-12
"April 10, 5940",5940-04-10
"July 8, 2037",2037-07-08
"April 1, 5211",5211-04-01
"August 17, 8267",8267-08-17
"January 21, 4352",4352-01-21
"October 17, 6171",6171-10-17
"March 4, 8644",8644-03-04
"July 14, 3828",3828-07-14
"December 30, 1986",1986-12-30
"December 12, 8471",8471-12-12
"February 11, 4839",4839-02-11
"October 9, 5430",5430-10-09
"December 10, 5312",5312-12-10
"April 12, 3749",3749-04-12
"June 5, 7715",7715-06-05
"June 18, 6596",6596-06-18
"November 4, 7523",7523-11-04
"March 27, 3135",3135-03-27
"June 9, 5100",5100-06-09
"July 26, 4981",4981-07-26
"July 17, 2328",2328-07-17
"November 8, 2162",2162-11-08
"October 31, 5361",5361-10-31
"April 14, 4332",4332-04-14
"February 10, 3826",3826-02-10
"October 9, 5511",5511-10-09
"July 27, 8795",8795-07-27
"July 22, 8044",8044-07-22
"January 21, 1489",1489-01-21
"June 20, 8579",8579-06-20
"January 30, 2539",2539-01-30
"May 6, 6834",6834-05-06
"November 20, 3755",3755-11-20
"December 12, 6414",6414-12-12
"November 11, 6582",6582-11-11
"September 12, 3086",3086-09-12
"April 11, 6247",6247-04-11
"July 13, 1323",1323-07-13
"February 5, 2819",2819-02-05
"February 24, 7255",7255-02-24
"January 10, 7827",7827-01-10
"January 25, 5844",5844-01-25
"February 9, 9793",9793-02-09
"February 24, 8466",8466-02-24
"March 23, 5343",5343-03-23
"September 1, 5706",5706-09-01
"October 24, 1053",1053-10-24
"March 16, 4940",4940-03-16
"September 19, 3863",3863-09-19
"July 1, 4387",4387-07-01
"August 16, 3033",3033-08-16
"September 20, 6985",6985-09-20
"January 13, 1944",1944-01-13
"June 27, 5337",5337-06-27
"January 12, 3927",3927-01-12
"September 7, 3944",3944-09-07
"October 14, 1788",1788-10-14
"August 7, 9093",9093-08-07
"October 28, 8842",8842-10-28
"August 24, 5733",5733-08-24
"December 30, 1878",1878-12-30
"June 28, 1401",1401-06-28
"December 24, 2203",2203-12-24
"June 25, 8159",8159-06-25
"February 12, 8999",8999-02-12
"June 13, 6303",6303-06-13
"December 30, 4712",4712-12-30
"July 28, 8287",8287-07-28
"February 17, 3351",3351-02-17
"April 12, 4844",4844-04-12
"June 24, 7148",7148-06-24
"December 14, 8289",8289-12-14
"August 22, 4440",4440-08-22
"August 18, 5703",5703-08-18
"January 22, 4050",4050-01-22
"February 12, 1492",1492-02-12
"November 21, 5286",5286-11-21
"January 7, 2429",2429-01-07
"May 1, 1430",1430-05-01
"May 13, 3169",3169-05-13
"September 27, 8685",8685-09-27
"April 24, 7433",7433-04-24
"December 18, 7279",7279-12-18
"January 15, 1014",1014-01-15
"July 11, 2554",2554-07-11
"September 27, 6631",6631-09-27
"June 1, 3457",3457-06-01
"December 31, 1094",1094-12-31
"May 7, 4032",4032-05-07
"October 29, 2638",2638-10-29
"January 1, 6588",6588-01-01
"August 28, 5819",5819-08-28
"September 7, 3394",3394-09-07
"August 14, 5848",5848-08-14
"June 28, 2542",2542-06-28
"June 4, 6846",6846-06-04
"June 24, 2176",2176-06-24
"August 9, 4023",4023-08-09
"November 9, 8277",8277-11-09
"February 17, 3976",3976-02-17
"November 21, 8767",8767-11-21
"May 2, 4107",4107-05-02
"May 20, 6205",6205-05-20
"October 12, 2332",2332-10-12
"April 28, 7073",7073-04-28
"November 15, 9669",9669-11-15
"February 22, 7649",7649-02-22
"April 10, 3640",3640-04-10
"January 16, 7798",7798-01-16
"March 5, 4640",4640-03-05
"October 22, 3427",3427-10-22
"February 19, 1248",1248-02-19
"January 13, 7607",7607-01-13
"July 5, 5728",5728-07-05
"August 8, 7604",7604-08-08
"August 29, 1515",1515-08-29
"August 15, 5804",5804-08-15
"October 20, 6687",6687-10-20
"December 5, 5617",5617-12-05
"March 17, 3987",3987-03-17
"February 3, 8983",8983-02-03
"July 31, 9683",9683-07-31
"November 13, 8570",8570-11-13
"May 25, 7968",7968-05-25
"September 26, 8196",8196-09-26
"April 19, 8947",8947-04-19
"April 9, 1041",1041-04-09
"November 5, 7541",7541-11-05
"September 16, 2994",2994-09-16
"March 12, 2988",2988-03-12
"October 6, 6806",6806-10-06
"November 22, 7161",7161-11-22
"February 6, 9768",9768-02-06
"December 19, 4194",4194-12-19
"February 8, 8047",8047-02-08
"November 8, 6846",6846-11-08
"July 9, 6217",6217-07-09
"December 17, 9787",9787-12-17
"March 28, 4096",4096-03-28
"August 15, 4673",4673-08-15
"March 23, 9663",9663-03-23
"March 19, 5026",5026-03-19
"November 8, 2284",2284-11-08
"November 27, 9117",9117-11-27
"February 8, 3723",3723-02-08
"January 3, 9807",9807-01-03
"February 8, 4774",4774-02-08
"January 9, 7174",7174-01-09
"October 28, 9596",9596-10-28
"October 28, 6209",6209-10-28
"April 20, 2559",2559-04-20
"December 30, 6637",6637-12-30
"October 8, 2415",2415-10-08
"December 20, 6207",6207-12-20
"April 15, 4053",4053-04-15
"January 21, 3257",3257-01-21
"April 16, 1244",1244-04-16
"March 23, 8370",8370-03-23
"June 13, 5878",5878-06-13
"February 4, 7348",7348-02-04
"April 5, 7430",7430-04-05
"December 12, 2375",2375-12-12
"May 5, 2213",2213-05-05
"July 7, 9699",9699-07-07
"October 23, 5406",5406-10-23
"December 8, 4111",4111-12-08
"May 19, 9907",9907-05-19
"November 19, 9277",9277-11-19
"August 14, 9792",9792-08-14
"April 1, 1403",1403-04-01
"April 7, 3332",3332-04-07
"April 10, 4503",4503-04-10
"August 18, 3391",3391-08-18
"October 8, 7782",7782-10-08
"April 30, 6786",6786-04-30
"August 17, 9727",9727-08-17
"September 8, 7002",7002-09-08
"July 2, 1746",1746-07-02
